compound_id,compound_name,canonical_smiles,structure_key,structure_id,connectivity_group,original_dili_category,dili_label,label_source,structure_source,pubchem_cid,standardization_version,source_compound_ids,source_original_categories
LT00003,Mercaptopurine,S=c1nc[nH]c2nc[nH]c12,GLVAUDGFNGKCSF-UHFFFAOYSA-N,7a70d9b57e1eec8799fdc4df198fe86fd777ccf5a8d59e591f13416fd13ffe13,GLVAUDGFNGKCSF,vMost-DILI-concern,1,https://www.fda.gov/media/113052/download?attachment=,https://pubchem.ncbi.nlm.nih.gov/compound/667490,667490,dilirank_parent_v1,"[""LT00003""]","[""vMost-DILI-concern""]"
LT00004,Acetaminophen,CC(=O)Nc1ccc(O)cc1,RZVAJINKPMORJF-UHFFFAOYSA-N,dda3a9922d04eb902d8226b4ca3f7966b9c4f30666612b6d84115dd627a81cbb,RZVAJINKPMORJF,vMost-DILI-concern,1,https://www.fda.gov/media/113052/download?attachment=,https://pubchem.ncbi.nlm.nih.gov/compound/1983,1983,dilirank_parent_v1,"[""LT00004""]","[""vMost-DILI-concern""]"
LT00006,Azathioprine,Cn1cnc([N+](=O)[O-])c1Sc1ncnc2nc[nH]c12,LMEKQMALGUDUQG-UHFFFAOYSA-N,5cb009784d78090417aec960961077d871afdf8313128061d11a7cf5471b567d,LMEKQMALGUDUQG,vMost-DILI-concern,1,https://www.fda.gov/media/113052/download?attachment=,https://pubchem.ncbi.nlm.nih.gov/compound/2265,2265,dilirank_parent_v1,"[""LT00006""]","[""vMost-DILI-concern""]"
LT00009,Chlorpheniramine maleate,CN(C)CCC(c1ccc(Cl)cc1)c1ccccn1,SOYKEARSMXGVTM-UHFFFAOYSA-N,730b5f3ef517e637097daebf262579830499ac6584ca3be529acc39429e231a3,SOYKEARSMXGVTM,vNo-DILI-concern,0,https://www.fda.gov/media/113052/download?attachment=,https://pubchem.ncbi.nlm.nih.gov/compound/5281068,5281068,dilirank_parent_v1,"[""LT00009""]","[""vNo-DILI-concern""]"
LT00011,Clofibrate,CCOC(=O)C(C)(C)Oc1ccc(Cl)cc1,KNHUKKLJHYUCFP-UHFFFAOYSA-N,ad5603d6d5e071c47e58270b34263ed2e1c95a63a50f950b56a5780bbc33edee,KNHUKKLJHYUCFP,vLess-DILI-concern,1,https://www.fda.gov/media/113052/download?attachment=,https://pubchem.ncbi.nlm.nih.gov/compound/2796,2796,dilirank_parent_v1,"[""LT00011""]","[""vLess-DILI-concern""]"
LT00013,Cyclophosphamide,O=P1(N(CCCl)CCCl)NCCCO1,CMSMOCZEIVJLDB-UHFFFAOYSA-N,b95261c442abb8337baa831de8ee014a7ef7fdaee5483a02a2922b5c656db6d1,CMSMOCZEIVJLDB,vLess-DILI-concern,1,https://www.fda.gov/media/113052/download?attachment=,https://pubchem.ncbi.nlm.nih.gov/compound/2907,2907,dilirank_parent_v1,"[""LT00013""]","[""vLess-DILI-concern""]"
LT00015,Dopamine hydrochloride,NCCc1ccc(O)c(O)c1,VYFYYTLLBUKUHU-UHFFFAOYSA-N,b48eff575d5ecd5dbb6dd6f018cd88cd54f945911995b5d2f9b5ac3550bd1bfa,VYFYYTLLBUKUHU,vNo-DILI-concern,0,https://www.fda.gov/media/113052/download?attachment=,https://pubchem.ncbi.nlm.nih.gov/compound/65340,65340,dilirank_parent_v1,"[""LT00015""]","[""vNo-DILI-concern""]"
LT00016,Estradiol valerate,CCCCC(=O)O[C@H]1CC[C@H]2[C@@H]3CCc4cc(O)ccc4[C@H]3CC[C@]12C,RSEPBGGWRJCQGY-RBRWEJTLSA-N,6eab195e993c8f35c806fe47768c54db29fdf71448ecf897c94a9cfc1e3d3a18,RSEPBGGWRJCQGY,vLess-DILI-concern,1,https://www.fda.gov/media/113052/download?attachment=,https://pubchem.ncbi.nlm.nih.gov/compound/13791,13791,dilirank_parent_v1,"[""LT00016""]","[""vLess-DILI-concern""]"
LT00018,Fluoxetine hydrochloride,CNCCC(Oc1ccc(C(F)(F)F)cc1)c1ccccc1,RTHCYVBBDHJXIQ-UHFFFAOYSA-N,77f6096aaed70c9e4ce4a784119c518e98fcf4b7c933a45e74bfaee651f6c5f3,RTHCYVBBDHJXIQ,vLess-DILI-concern,1,https://www.fda.gov/media/113052/download?attachment=,https://pubchem.ncbi.nlm.nih.gov/compound/62857,62857,dilirank_parent_v1,"[""LT00018""]","[""vLess-DILI-concern""]"
LT00020,Gemfibrozil,Cc1ccc(C)c(OCCCC(C)(C)C(=O)O)c1,HEMJJKBWTPKOJG-UHFFFAOYSA-N,c6fbc18868f54dc6576eec1c11bce80dc10f88d8fc089145ae38c2b8d6f39b2a,HEMJJKBWTPKOJG,vMost-DILI-concern,1,https://www.fda.gov/media/113052/download?attachment=,https://pubchem.ncbi.nlm.nih.gov/compound/3463,3463,dilirank_parent_v1,"[""LT00020""]","[""vMost-DILI-concern""]"
LT00022,Indomethacin,COc1ccc2c(c1)c(CC(=O)O)c(C)n2C(=O)c1ccc(Cl)cc1,CGIGDMFJXJATDK-UHFFFAOYSA-N,800235cc39112facb9fc21411a4639df0d08ccd97e26e66605b8a94690006600,CGIGDMFJXJATDK,vMost-DILI-concern,1,https://www.fda.gov/media/113052/download?attachment=,https://pubchem.ncbi.nlm.nih.gov/compound/3715,3715,dilirank_parent_v1,"[""LT00022""]","[""vMost-DILI-concern""]"
LT00023,Ketoprofen,CC(C(=O)O)c1cccc(C(=O)c2ccccc2)c1,DKYWVDODHFEZIM-UHFFFAOYSA-N,e23a61dd2c06a7d26f4cf24bd9a85d669b0370e9812aa416bb91f8b6eb828e3a,DKYWVDODHFEZIM,vLess-DILI-concern,1,https://www.fda.gov/media/113052/download?attachment=,https://pubchem.ncbi.nlm.nih.gov/compound/3825,3825,dilirank_parent_v1,"[""LT00023""]","[""vLess-DILI-concern""]"
LT00024,Mannitol,OC[C@@H](O)[C@@H](O)[C@H](O)[C@H](O)CO,FBPFZTCFMRRESA-KVTDHHQDSA-N,8cff2a1973eacbbd84edfb8f725d05dd21fd9c61139fe9be32465a774c9bff1e,FBPFZTCFMRRESA,vNo-DILI-concern,0,https://www.fda.gov/media/113052/download?attachment=,https://pubchem.ncbi.nlm.nih.gov/compound/6251,6251,dilirank_parent_v1,"[""LT00024""]","[""vNo-DILI-concern""]"
LT00026,Methotrexate sodium,CN(Cc1cnc2nc(N)nc(N)c2n1)c1ccc(C(=O)N[C@@H](CCC(=O)O)C(=O)O)cc1,FBOZXECLQNJBKD-ZDUSSCGKSA-N,ad0c2750936569a993e23b20e7892d025133ccffc437e219e1fe19dc8f1e3617,FBOZXECLQNJBKD,vMost-DILI-concern,1,https://www.fda.gov/media/113052/download?attachment=,https://pubchem.ncbi.nlm.nih.gov/compound/11329481,11329481,dilirank_parent_v1,"[""LT00026""]","[""vMost-DILI-concern""]"
LT00030,Phenobarbital sodium,CCC1(c2ccccc2)C(=O)N=C(O)NC1=O,DDBREPKUVSBGFI-UHFFFAOYSA-N,da9b8495d064f37ec379c4fa142f2b018bd88aa49174bb4eecd6c705d32c9c00,DDBREPKUVSBGFI,vLess-DILI-concern,1,https://www.fda.gov/media/113052/download?attachment=,https://pubchem.ncbi.nlm.nih.gov/compound/23674889,23674889,dilirank_parent_v1,"[""LT00030""]","[""vLess-DILI-concern""]"
LT00032,Phenytoin,O=C1NC(=O)C(c2ccccc2)(c2ccccc2)N1,CXOFVDLJLONNDW-UHFFFAOYSA-N,db2bc4aa24cc15ed894c7a83580457174633649d00bd0f9f2cc11c3205cca7d3,CXOFVDLJLONNDW,vMost-DILI-concern,1,https://www.fda.gov/media/113052/download?attachment=,https://pubchem.ncbi.nlm.nih.gov/compound/1775,1775,dilirank_parent_v1,"[""LT00032""]","[""vMost-DILI-concern""]"
LT00034,Rifampin,CO[C@H]1/C=C/O[C@@]2(C)Oc3c(C)c(O)c4c(O)c(c(/C=N/N5CCN(C)CC5)c(O)c4c3C2=O)NC(=O)/C(C)=C\C=C\[C@H](C)[C@H](O)[C@@H](C)[C@@H](O)[C@@H](C)[C@H](OC(C)=O)[C@@H]1C,JQXXHWHPUNPDRT-WLSIYKJHSA-N,9bb0785b4e39f60ddf45f9a9c1cb57c213e29aa3fdccab01944b9ff832d5418a,JQXXHWHPUNPDRT,vMost-DILI-concern,1,https://www.fda.gov/media/113052/download?attachment=,https://pubchem.ncbi.nlm.nih.gov/compound/135398735,135398735,dilirank_parent_v1,"[""LT00034""]","[""vMost-DILI-concern""]"
LT00040,Abacavir sulfate,Nc1nc(NC2CC2)c2ncn([C@H]3C=C[C@@H](CO)C3)c2n1,MCGSCOLBFJQGHM-SCZZXKLOSA-N,e016970db0d3a95163b372b456449a06476a5b1d99517ed0c3dd285819d6742a,MCGSCOLBFJQGHM,vMOST-DILI-concern,1,https://www.fda.gov/media/113052/download?attachment=,https://pubchem.ncbi.nlm.nih.gov/compound/441384,441384,dilirank_parent_v1,"[""LT00040""]","[""vMOST-DILI-concern""]"
LT00041,Acyclovir,Nc1nc2c(ncn2COCCO)c(=O)[nH]1,MKUXAQIIEYXACX-UHFFFAOYSA-N,757f71c7206567d8ce8dc48ad1c2751f9bde3ab9416a708f7feda20cc6e1e7f4,MKUXAQIIEYXACX,vLess-DILI-concern,1,https://www.fda.gov/media/113052/download?attachment=,https://pubchem.ncbi.nlm.nih.gov/compound/135398513,135398513,dilirank_parent_v1,"[""LT00041""]","[""vLess-DILI-concern""]"
LT00043,Allopurinol,O=c1[nH]cnc2[nH]ncc12,OFCNXPDARWKPPY-UHFFFAOYSA-N,2d766a62c84f35ef2f3278da85c4466dc4da64586fe2aee98a4fb2d4e2d2ad57,OFCNXPDARWKPPY,vMost-DILI-concern,1,https://www.fda.gov/media/113052/download?attachment=,https://pubchem.ncbi.nlm.nih.gov/compound/135401907,135401907,dilirank_parent_v1,"[""LT00043""]","[""vMost-DILI-concern""]"
LT00045,Amineptine,O=C(O)CCCCCCNC1c2ccccc2CCc2ccccc21,ONNOFKFOZAJDHT-UHFFFAOYSA-N,f9c0dca2c3e4d0a75b1c9b2dd6b043f0ee008ed718b8d453862b77a5f968d2f9,ONNOFKFOZAJDHT,vMost-DILI-concern,1,https://www.fda.gov/media/113052/download?attachment=,https://pubchem.ncbi.nlm.nih.gov/compound/34870,34870,dilirank_parent_v1,"[""LT00045""]","[""vMost-DILI-concern""]"
LT00046,Amiodarone hydrochloride,CCCCc1oc2ccccc2c1C(=O)c1cc(I)c(OCCN(CC)CC)c(I)c1,IYIKLHRQXLHMJQ-UHFFFAOYSA-N,df297027645e1786a36f5988bbaa9c294e4c3d4e598bafbeab6af9739fc7a45d,IYIKLHRQXLHMJQ,vMost-DILI-concern,1,https://www.fda.gov/media/113052/download?attachment=,https://pubchem.ncbi.nlm.nih.gov/compound/441325,441325,dilirank_parent_v1,"[""LT00046""]","[""vMost-DILI-concern""]"
LT00047,Amitriptyline hydrochloride,CN(C)CCC=C1c2ccccc2CCc2ccccc21,KRMDCWKBEZIMAB-UHFFFAOYSA-N,f8641f4a8a5a81f1d1e66001786794f02982fd5edae8be493940f42b5661b5f0,KRMDCWKBEZIMAB,vLess-DILI-concern,1,https://www.fda.gov/media/113052/download?attachment=,https://pubchem.ncbi.nlm.nih.gov/compound/11065,11065,dilirank_parent_v1,"[""LT00047""]","[""vLess-DILI-concern""]"
LT00048,Amphotericin B,C[C@@H]1[C@H](O)[C@@H](C)/C=C/C=C/C=C/C=C/C=C/C=C/C=C/[C@H](O[C@@H]2O[C@H](C)[C@@H](O)[C@H](N)[C@@H]2O)C[C@@H]2O[C@](O)(C[C@@H](O)C[C@@H](O)[C@H](O)CC[C@@H](O)C[C@@H](O)CC(=O)O[C@H]1C)C[C@H](O)[C@H]2C(=O)O,APKFDSVGJQXUKY-INPOYWNPSA-N,e955bb0908d3328de020a5f18901e0608e6c17de5197c3f94fd2fa28883c5d2a,APKFDSVGJQXUKY,vLess-DILI-concern,1,https://www.fda.gov/media/113052/download?attachment=,https://pubchem.ncbi.nlm.nih.gov/compound/5280965,5280965,dilirank_parent_v1,"[""LT00048""]","[""vLess-DILI-concern""]"
LT00049,Ampicillin sodium,CC1(C)S[C@@H]2[C@H](NC(=O)[C@H](N)c3ccccc3)C(=O)N2[C@H]1C(=O)O,AVKUERGKIZMTKX-NJBDSQKTSA-N,3c9e56fd95c9ee9c12f70e1fe51fabfa0836bce01e53b14169c49d770025f8b2,AVKUERGKIZMTKX,vLess-DILI-concern,1,https://www.fda.gov/media/113052/download?attachment=,https://pubchem.ncbi.nlm.nih.gov/compound/23663979,23663979,dilirank_parent_v1,"[""LT00049""]","[""vLess-DILI-concern""]"
LT00052,Donepezil hydrochloride,COc1cc2c(cc1OC)C(=O)C(CC1CCN(Cc3ccccc3)CC1)C2,ADEBPBSSDYVVLD-UHFFFAOYSA-N,d3044ada2bdf8067c9a0a407a52102d19208d229f22b9cd98255c89f78cbc37a,ADEBPBSSDYVVLD,vLess-DILI-concern,1,https://www.fda.gov/media/113052/download?attachment=,https://pubchem.ncbi.nlm.nih.gov/compound/5741,5741,dilirank_parent_v1,"[""LT00052""]","[""vLess-DILI-concern""]"
LT00053,Aspirin,CC(=O)Oc1ccccc1C(=O)O,BSYNRYMUTXBXSQ-UHFFFAOYSA-N,845cc227514ece818f6db89080eea38241fbaf6ed4389ff6d682d35c5a004d71,BSYNRYMUTXBXSQ,vLess-DILI-concern,1,https://www.fda.gov/media/113052/download?attachment=,https://pubchem.ncbi.nlm.nih.gov/compound/2244,2244,dilirank_parent_v1,"[""LT00053""]","[""vLess-DILI-concern""]"
LT00054,Aminohippurate sodium,Nc1ccc(C(=O)NCC(=O)O)cc1,HSMNQINEKMPTIC-UHFFFAOYSA-N,75c602ad462cc98c3923bb952c79d03159ed3617662a6a0b48d13e0a45964e8a,HSMNQINEKMPTIC,vNo-DILI-concern,0,https://www.fda.gov/media/113052/download?attachment=,https://pubchem.ncbi.nlm.nih.gov/compound/443971,443971,dilirank_parent_v1,"[""LT00054""]","[""vNo-DILI-concern""]"
LT00056,Bicalutamide,CC(O)(CS(=O)(=O)c1ccc(F)cc1)C(=O)Nc1ccc(C#N)c(C(F)(F)F)c1,LKJPYSCBVHEWIU-UHFFFAOYSA-N,fdc97b448090adcbf805e8327cee85604a4ebc3cf682d098d74d03a1b891a82a,LKJPYSCBVHEWIU,vMost-DILI-concern,1,https://www.fda.gov/media/113052/download?attachment=,https://pubchem.ncbi.nlm.nih.gov/compound/2375,2375,dilirank_parent_v1,"[""LT00056""]","[""vMost-DILI-concern""]"
LT00058,Bupropion hydrochloride,CC(NC(C)(C)C)C(=O)c1cccc(Cl)c1,SNPPWIUOZRMYNY-UHFFFAOYSA-N,39291aebe19658ca16e3aad876f63a18c25c9dfe7181e72996e5e2b4f2226eac,SNPPWIUOZRMYNY,vLess-DILI-concern,1,https://www.fda.gov/media/113052/download?attachment=,https://pubchem.ncbi.nlm.nih.gov/compound/62884,62884,dilirank_parent_v1,"[""LT00058""]","[""vLess-DILI-concern""]"
LT00059,Captopril,C[C@H](CS)C(=O)N1CCC[C@H]1C(=O)O,FAKRSMQSSFJEIM-RQJHMYQMSA-N,af5f57a1c519b8b28aff2298d5c5d1d62cc27be14a2e71913ff85317989f88fa,FAKRSMQSSFJEIM,vLess-DILI-concern,1,https://www.fda.gov/media/113052/download?attachment=,https://pubchem.ncbi.nlm.nih.gov/compound/44093,44093,dilirank_parent_v1,"[""LT00059""]","[""vLess-DILI-concern""]"
LT00060,Carbamazepine,NC(=O)N1c2ccccc2C=Cc2ccccc21,FFGPTBGBLSHEPO-UHFFFAOYSA-N,0ad0a4823376465d1ba764b4cb1ba891240ff5e963a3e16afdb6489675ff0a85,FFGPTBGBLSHEPO,vMost-DILI-concern,1,https://www.fda.gov/media/113052/download?attachment=,https://pubchem.ncbi.nlm.nih.gov/compound/2554,2554,dilirank_parent_v1,"[""LT00060""]","[""vMost-DILI-concern""]"
LT00062,Ceftazidime,CC(C)(O/N=C(\C(=O)N[C@@H]1C(=O)N2C(C(=O)[O-])=C(C[n+]3ccccc3)CS[C@H]12)c1csc(N)n1)C(=O)O,ORFOPKXBNMVMKC-DWVKKRMSSA-N,a0da7943a22a052e11c31cdb60ffa27060dad169c24a48d8e90c4a56077f05ce,ORFOPKXBNMVMKC,vLess-DILI-concern,1,https://www.fda.gov/media/113052/download?attachment=,https://pubchem.ncbi.nlm.nih.gov/compound/5481173,5481173,dilirank_parent_v1,"[""LT00062""]","[""vLess-DILI-concern""]"
LT00066,Chlorcyclizine hydrochloride,CN1CCN(C(c2ccccc2)c2ccc(Cl)cc2)CC1,WFNAKBGANONZEQ-UHFFFAOYSA-N,0c669b4dd894241124320ac6cc6ad7b7600f20b39d9743004b1c55ab409928e6,WFNAKBGANONZEQ,vLess-DILI-concern,1,https://www.fda.gov/media/113052/download?attachment=,https://pubchem.ncbi.nlm.nih.gov/compound/62413,62413,dilirank_parent_v1,"[""LT00066""]","[""vLess-DILI-concern""]"
LT00067,Chlorzoxazone,O=c1[nH]c2cc(Cl)ccc2o1,TZFWDZFKRBELIQ-UHFFFAOYSA-N,0aefd81e13613257a8200740b3760e19d0cad0e956b37a322d4505a3c3f7c0dc,TZFWDZFKRBELIQ,vMost-DILI-concern,1,https://www.fda.gov/media/113052/download?attachment=,https://pubchem.ncbi.nlm.nih.gov/compound/2733,2733,dilirank_parent_v1,"[""LT00067""]","[""vMost-DILI-concern""]"
LT00068,Chlorpromazine hydrochloride,CN(C)CCCN1c2ccccc2Sc2ccc(Cl)cc21,ZPEIMTDSQAKGNT-UHFFFAOYSA-N,d3e590b68d55bf5883ec5edffb811e75bb62ba036bc3fef20fea7064915f71e4,ZPEIMTDSQAKGNT,vLess-DILI-concern,1,https://www.fda.gov/media/113052/download?attachment=,https://pubchem.ncbi.nlm.nih.gov/compound/6240,6240,dilirank_parent_v1,"[""LT00068""]","[""vLess-DILI-concern""]"
LT00074,Dimercaprol,OCC(S)CS,WQABCVAJNWAXTE-UHFFFAOYSA-N,50ef09c1035decac498d355629911e3d76eff3c2142a93bc958956c512a99820,WQABCVAJNWAXTE,vNo-DILI-concern,0,https://www.fda.gov/media/113052/download?attachment=,https://pubchem.ncbi.nlm.nih.gov/compound/3080,3080,dilirank_parent_v1,"[""LT00074""]","[""vNo-DILI-concern""]"
LT00079,Dactinomycin,Cc1c2oc3c(C)ccc(C(=O)N[C@@H]4C(=O)N[C@H](C(C)C)C(=O)N5CCC[C@H]5C(=O)N(C)CC(=O)N(C)[C@@H](C(C)C)C(=O)O[C@@H]4C)c3nc-2c(C(=O)N[C@@H]2C(=O)N[C@H](C(C)C)C(=O)N3CCC[C@H]3C(=O)N(C)CC(=O)N(C)[C@@H](C(C)C)C(=O)O[C@@H]2C)c(N)c1=O,RJURFGZVJUQBHK-IIXSONLDSA-N,82a6fd67a5ac4cfed66b3354df1517e36e092057d1c2e992e3975d1e36fb118c,RJURFGZVJUQBHK,vMost-DILI-concern,1,https://www.fda.gov/media/113052/download?attachment=,https://pubchem.ncbi.nlm.nih.gov/compound/457193,457193,dilirank_parent_v1,"[""LT00079""]","[""vMost-DILI-concern""]"
LT00080,Dantrolene sodium,O=C1N=C(O)CN1/N=C/c1ccc(-c2ccc([N+](=O)[O-])cc2)o1,OZOMQRBLCMDCEG-VIZOYTHASA-N,82887210cef72fe97d3990e4c670aff4cb32e1c037927d383da4f0923dc42ca3,OZOMQRBLCMDCEG,vMost-DILI-concern,1,https://www.fda.gov/media/113052/download?attachment=,https://pubchem.ncbi.nlm.nih.gov/compound/6604100,6604100,dilirank_parent_v1,"[""LT00080""]","[""vMost-DILI-concern""]"
LT00083,Propoxyphene hydrochloride,CCC(=O)O[C@](Cc1ccccc1)(c1ccccc1)[C@H](C)CN(C)C,XLMALTXPSGQGBX-GCJKJVERSA-N,ccf0f5523257834cd7033ad461a75b5edd3878efdd0599e491ab2ff8403281a7,XLMALTXPSGQGBX,vLess-DILI-concern,1,https://www.fda.gov/media/113052/download?attachment=,https://pubchem.ncbi.nlm.nih.gov/compound/15424,15424,dilirank_parent_v1,"[""LT00083""]","[""vLess-DILI-concern""]"
LT00084,Diclofenac sodium,O=C(O)Cc1ccccc1Nc1c(Cl)cccc1Cl,DCOPUUMXTXDBNB-UHFFFAOYSA-N,694c8ba1b8cb42e1996d5c13599c1c3159cd532557bdfd44f6aa38bd8b1356d2,DCOPUUMXTXDBNB,vMost-DILI-concern,1,https://www.fda.gov/media/113052/download?attachment=,https://pubchem.ncbi.nlm.nih.gov/compound/5018304,5018304,dilirank_parent_v1,"[""LT00084""]","[""vMost-DILI-concern""]"
LT00085,Diflunisal,O=C(O)c1cc(-c2ccc(F)cc2F)ccc1O,HUPFGZXOMWLGNK-UHFFFAOYSA-N,c3942aed3d9a51e121f1a64b1954debf1a7f3117c0319ac7a60cbf4d4d917ec4,HUPFGZXOMWLGNK,vMost-DILI-concern,1,https://www.fda.gov/media/113052/download?attachment=,https://pubchem.ncbi.nlm.nih.gov/compound/3059,3059,dilirank_parent_v1,"[""LT00085""]","[""vMost-DILI-concern""]"
LT00087,Diphenhydramine hydrochloride,CN(C)CCOC(c1ccccc1)c1ccccc1,ZZVUWRFHKOJYTH-UHFFFAOYSA-N,e2f64db6e0fa86ea3652eb352d77df8d3a90b09579f9331f98c9aa3e15fe6cc3,ZZVUWRFHKOJYTH,vNo-DILI-concern,0,https://www.fda.gov/media/113052/download?attachment=,https://pubchem.ncbi.nlm.nih.gov/compound/8980,8980,dilirank_parent_v1,"[""LT00087""]","[""vNo-DILI-concern""]"
LT00094,Etoposide,COc1cc([C@@H]2c3cc4c(cc3[C@@H](O[C@@H]3O[C@@H]5CO[C@@H](C)O[C@H]5[C@H](O)[C@H]3O)[C@H]3COC(=O)[C@H]23)OCO4)cc(OC)c1O,VJJPUSNTGOMMGY-MRVIYFEKSA-N,f00f5602bd1e541bfe92584044e7aac28a282e74567f8259872994e40a6b769b,VJJPUSNTGOMMGY,vLess-DILI-concern,1,https://www.fda.gov/media/113052/download?attachment=,https://pubchem.ncbi.nlm.nih.gov/compound/36462,36462,dilirank_parent_v1,"[""LT00094""]","[""vLess-DILI-concern""]"
LT00095,Famotidine,NC(N)=Nc1nc(CSCC/C(N)=N/S(N)(=O)=O)cs1,XUFQPHANEAPEMJ-UHFFFAOYSA-N,092e99b8d55ddcd9d52f1f636523de337a51ad26cb5c841be82aab8331ccc0df,XUFQPHANEAPEMJ,vLess-DILI-concern,1,https://www.fda.gov/media/113052/download?attachment=,https://pubchem.ncbi.nlm.nih.gov/compound/5702160,5702160,dilirank_parent_v1,"[""LT00095""]","[""vLess-DILI-concern""]"
LT00097,Felbamate,NC(=O)OCC(COC(N)=O)c1ccccc1,WKGXYQFOCVYPAC-UHFFFAOYSA-N,ea1d4c10c5b1c40e614e21c81b36dfe7f2f975ae743369372e39c09bfd0a6720,WKGXYQFOCVYPAC,vMost-DILI-concern,1,https://www.fda.gov/media/113052/download?attachment=,https://pubchem.ncbi.nlm.nih.gov/compound/3331,3331,dilirank_parent_v1,"[""LT00097""]","[""vMost-DILI-concern""]"
LT00098,Fenofibrate,CC(C)OC(=O)C(C)(C)Oc1ccc(C(=O)c2ccc(Cl)cc2)cc1,YMTINGFKWWXKFG-UHFFFAOYSA-N,f2f0ec40912b51eb0a1c74ebd2b9079ea49764176a974b7b8f8a298953a6aea1,YMTINGFKWWXKFG,vLess-DILI-concern,1,https://www.fda.gov/media/113052/download?attachment=,https://pubchem.ncbi.nlm.nih.gov/compound/3339,3339,dilirank_parent_v1,"[""LT00098""]","[""vLess-DILI-concern""]"
LT00099,Fenoprofen calcium,CC(C(=O)O)c1cccc(Oc2ccccc2)c1,RDJGLLICXDHJDY-UHFFFAOYSA-N,8f844fa05bdbfcf751af80a45c7fbc1bb4f325656f292d58eb20a1b288017234,RDJGLLICXDHJDY,vMost-DILI-concern,1,https://www.fda.gov/media/113052/download?attachment=,https://pubchem.ncbi.nlm.nih.gov/compound/64747,64747,dilirank_parent_v1,"[""LT00099""]","[""vMost-DILI-concern""]"
LT00101,Flutamide,CC(C)C(=O)Nc1ccc([N+](=O)[O-])c(C(F)(F)F)c1,MKXKFYHWDHIYRV-UHFFFAOYSA-N,45829fc48483a218deb789641fac0a2103ad7c3d50b8933fc69dec18576f222c,MKXKFYHWDHIYRV,vMost-DILI-concern,1,https://www.fda.gov/media/113052/download?attachment=,https://pubchem.ncbi.nlm.nih.gov/compound/3397,3397,dilirank_parent_v1,"[""LT00101""]","[""vMost-DILI-concern""]"
LT00106,Hydroxyurea,NC(=O)NO,VSNHCAURESNICA-UHFFFAOYSA-N,a83c5e422e8bbbca631761012c9cbaa0acfd50e1c42593f3fbd9d95b72e1206f,VSNHCAURESNICA,vMost-DILI-concern,1,https://www.fda.gov/media/113052/download?attachment=,https://pubchem.ncbi.nlm.nih.gov/compound/3657,3657,dilirank_parent_v1,"[""LT00106""]","[""vMost-DILI-concern""]"
LT00107,Imatinib mesylate,Cc1ccc(NC(=O)c2ccc(CN3CCN(C)CC3)cc2)cc1Nc1nccc(-c2cccnc2)n1,KTUFNOKKBVMGRW-UHFFFAOYSA-N,0af895e96bef7b4d06a1e8828b623ba6012a16fe27fa16d2109626cad561b3fd,KTUFNOKKBVMGRW,vMost-DILI-concern,1,https://www.fda.gov/media/113052/download?attachment=,https://pubchem.ncbi.nlm.nih.gov/compound/123596,123596,dilirank_parent_v1,"[""LT00107""]","[""vMost-DILI-concern""]"
LT00108,Imipramine hydrochloride,CN(C)CCCN1c2ccccc2CCc2ccccc21,BCGWQEUPMDMJNV-UHFFFAOYSA-N,640fc145bbe655e41be6c4759ee85a2e1589d4291e24de8634d5dc2c6e218db8,BCGWQEUPMDMJNV,vLess-DILI-concern,1,https://www.fda.gov/media/113052/download?attachment=,https://pubchem.ncbi.nlm.nih.gov/compound/8228,8228,dilirank_parent_v1,"[""LT00108""]","[""vLess-DILI-concern""]"
LT00109,Iproniazid,CC(C)NNC(=O)c1ccncc1,NYMGNSNKLVNMIA-UHFFFAOYSA-N,c0b08c44b62baafa2d44086e2d193f9e57130679d26b614d7476b91938c10479,NYMGNSNKLVNMIA,vMost-DILI-concern,1,https://www.fda.gov/media/113052/download?attachment=,https://pubchem.ncbi.nlm.nih.gov/compound/3748,3748,dilirank_parent_v1,"[""LT00109""]","[""vMost-DILI-concern""]"
LT00111,Ketoconazole,CC(=O)N1CCN(c2ccc(OC[C@@H]3CO[C@@](Cn4ccnc4)(c4ccc(Cl)cc4Cl)O3)cc2)CC1,XMAYWYJOQHXEEK-ZEQKJWHPSA-N,c10c8033a8273cb3dbeb08107ff3f301501c67c2dd1698db7d40bb002a61917e,XMAYWYJOQHXEEK,vMost-DILI-concern,1,https://www.fda.gov/media/113052/download?attachment=,https://pubchem.ncbi.nlm.nih.gov/compound/47576,47576,dilirank_parent_v1,"[""LT00111""]","[""vMost-DILI-concern""]"
LT00112,Labetalol hydrochloride,CC(CCc1ccccc1)NCC(O)c1ccc(O)c(C(N)=O)c1,SGUAFYQXFOLMHL-UHFFFAOYSA-N,3e2fe6c610d84b27ce1eb65e6d2ffb7d6ba006db0472ea5c52f2978cb6fb3026,SGUAFYQXFOLMHL,vMost-DILI-concern,1,https://www.fda.gov/media/113052/download?attachment=,https://pubchem.ncbi.nlm.nih.gov/compound/71412,71412,dilirank_parent_v1,"[""LT00112""]","[""vMost-DILI-concern""]"
LT00113,Leflunomide,Cc1oncc1C(=O)Nc1ccc(C(F)(F)F)cc1,VHOGYURTWQBHIL-UHFFFAOYSA-N,4c166c45d8550dff13517088b2352d0a83aed90ceb6ba75627fc2fb39c748c22,VHOGYURTWQBHIL,vMost-DILI-concern,1,https://www.fda.gov/media/113052/download?attachment=,https://pubchem.ncbi.nlm.nih.gov/compound/3899,3899,dilirank_parent_v1,"[""LT00113""]","[""vMost-DILI-concern""]"
LT00116,Mefenamic acid,Cc1cccc(Nc2ccccc2C(=O)O)c1C,HYYBABOKPJLUIN-UHFFFAOYSA-N,c5502afb0a2e69d89677f51ce04c0019bb201082edccdf0a85a58c2b3ebb3c26,HYYBABOKPJLUIN,vMost-DILI-concern,1,https://www.fda.gov/media/113052/download?attachment=,https://pubchem.ncbi.nlm.nih.gov/compound/4044,4044,dilirank_parent_v1,"[""LT00116""]","[""vMost-DILI-concern""]"
LT00117,Meloxicam,Cc1cnc(NC(=O)C2=C(O)c3ccccc3S(=O)(=O)N2C)s1,ZRVUJXDFFKFLMG-UHFFFAOYSA-N,36d7826133cd288ba228915cf2934de8a94c61d27a413d81105bf10c92c21796,ZRVUJXDFFKFLMG,vLess-DILI-concern,1,https://www.fda.gov/media/113052/download?attachment=,https://pubchem.ncbi.nlm.nih.gov/compound/54677470,54677470,dilirank_parent_v1,"[""LT00117""]","[""vLess-DILI-concern""]"
LT00119,Metformin hydrochloride,CN(C)C(=N)N=C(N)N,XZWYZXLIPXDOLR-UHFFFAOYSA-N,51d27ac1807041f31d1aba6c72e50ce280b5728bd565af8ffbbf3d7bd131e032,XZWYZXLIPXDOLR,vLess-DILI-concern,1,https://www.fda.gov/media/113052/download?attachment=,https://pubchem.ncbi.nlm.nih.gov/compound/14219,14219,dilirank_parent_v1,"[""LT00119""]","[""vLess-DILI-concern""]"
LT00121,Methyldopa,C[C@](N)(Cc1ccc(O)c(O)c1)C(=O)O,CJCSPKMFHVPWAR-JTQLQIEISA-N,8650a9eb555ba7fe0fea52f3b0fb7d075a368709d0acdf56912ce57aeb284367,CJCSPKMFHVPWAR,vMost-DILI-concern,1,https://www.fda.gov/media/113052/download?attachment=,https://pubchem.ncbi.nlm.nih.gov/compound/38853,38853,dilirank_parent_v1,"[""LT00121""]","[""vMost-DILI-concern""]"
LT00124,Nefazodone hydrochloride,CCc1nn(CCCN2CCN(c3cccc(Cl)c3)CC2)c(=O)n1CCOc1ccccc1,VRBKIVRKKCLPHA-UHFFFAOYSA-N,8c1759a7ad577352f2afa82d7bdf260c9cb5f2c673d4ce853ad6288e452e85c9,VRBKIVRKKCLPHA,vMost-DILI-concern,1,https://www.fda.gov/media/113052/download?attachment=,https://pubchem.ncbi.nlm.nih.gov/compound/54911,54911,dilirank_parent_v1,"[""LT00124""]","[""vMost-DILI-concern""]"
LT00125,Nitrofurantoin,O=C1CN(/N=C/c2ccc([N+](=O)[O-])o2)C(=O)N1,NXFQHRVNIOXGAQ-YCRREMRBSA-N,7662ab3c9bfa4fb9c7a6ae43dbe5b0ea7c196e2288a09af0653096b54f991949,NXFQHRVNIOXGAQ,vMost-DILI-concern,1,https://www.fda.gov/media/113052/download?attachment=,https://pubchem.ncbi.nlm.nih.gov/compound/6604200,6604200,dilirank_parent_v1,"[""LT00125""]","[""vMost-DILI-concern""]"
LT00126,Olsalazine sodium,O=C(O)c1cc(N=Nc2ccc(O)c(C(=O)O)c2)ccc1O,QQBDLJCYGRGAKP-UHFFFAOYSA-N,728bf678771e61a7499e897470e6666c65811debfdcbf85a5cb9233a5a49abe7,QQBDLJCYGRGAKP,vLess-DILI-concern,1,https://www.fda.gov/media/113052/download?attachment=,https://pubchem.ncbi.nlm.nih.gov/compound/135413505,135413505,dilirank_parent_v1,"[""LT00126""]","[""vLess-DILI-concern""]"
LT00128,Paroxetine hydrochloride,Fc1ccc([C@@H]2CCNC[C@H]2COc2ccc3c(c2)OCO3)cc1,AHOUBRCZNHFOSL-YOEHRIQHSA-N,eb48c594ad688d9caba7c2ba1ceb9c2f831f82b3154687ca24cdee76b522a892,AHOUBRCZNHFOSL,vLess-DILI-concern,1,https://www.fda.gov/media/113052/download?attachment=,https://pubchem.ncbi.nlm.nih.gov/compound/62878,62878,dilirank_parent_v1,"[""LT00128""]","[""vLess-DILI-concern""]"
LT00131,Perhexiline,C1CCC(C(CC2CCCCN2)C2CCCCC2)CC1,CYXKNKQEMFBLER-UHFFFAOYSA-N,d67aa4aeef99d09922d5f259aebed863f91ac5436fee2114c79a081508d7296f,CYXKNKQEMFBLER,vMost-DILI-concern,1,https://www.fda.gov/media/113052/download?attachment=,https://pubchem.ncbi.nlm.nih.gov/compound/4746,4746,dilirank_parent_v1,"[""LT00131""]","[""vMost-DILI-concern""]"
LT00134,Pioglitazone hydrochloride,CCc1ccc(CCOc2ccc(CC3SC(=O)NC3=O)cc2)nc1,HYAFETHFCAUJAY-UHFFFAOYSA-N,7855e9f14242eec641f3bf24eddcda6e4216d185bba38d03c7620d36c8c7b53c,HYAFETHFCAUJAY,vLess-DILI-concern,1,https://www.fda.gov/media/113052/download?attachment=,https://pubchem.ncbi.nlm.nih.gov/compound/60560,60560,dilirank_parent_v1,"[""LT00134""]","[""vLess-DILI-concern""]"
LT00136,Propylthiouracil,CCCc1cc(=O)[nH]c(=S)[nH]1,KNAHARQHSZJURB-UHFFFAOYSA-N,f231d590dbc028196fa1b9f09c2c6130343814af678bc41cafafcf6b65333282,KNAHARQHSZJURB,vMost-DILI-concern,1,https://www.fda.gov/media/113052/download?attachment=,https://pubchem.ncbi.nlm.nih.gov/compound/657298,657298,dilirank_parent_v1,"[""LT00136""]","[""vMost-DILI-concern""]"
LT00137,Pseudoephedrine hydrochloride,CN[C@@H](C)[C@@H](O)c1ccccc1,KWGRBVOPPLSCSI-WCBMZHEXSA-N,486c459672355ecaa48722d1c043a0c3b35645141a85df7dbd465489f7405dbb,KWGRBVOPPLSCSI,vNo-DILI-concern,0,https://www.fda.gov/media/113052/download?attachment=,https://pubchem.ncbi.nlm.nih.gov/compound/9581,9581,dilirank_parent_v1,"[""LT00137""]","[""vNo-DILI-concern""]"
LT00138,Ranitidine hydrochloride,CN/C(=C\[N+](=O)[O-])NCCSCc1ccc(CN(C)C)o1,VMXUWOKSQNHOCA-UKTHLTGXSA-N,1e7a57f087268ac17ce696adb6dc7b9302239533bd4adc81b5745661fa7817fa,VMXUWOKSQNHOCA,vLess-DILI-concern,1,https://www.fda.gov/media/113052/download?attachment=,https://pubchem.ncbi.nlm.nih.gov/compound/3033332,3033332,dilirank_parent_v1,"[""LT00138""]","[""vLess-DILI-concern""]"
LT00140,Rosiglitazone maleate,CN(CCOc1ccc(CC2SC(=O)NC2=O)cc1)c1ccccn1,YASAKCUCGLMORW-UHFFFAOYSA-N,8ae3c4ce7a0f3575ad136476e062040cf8b9a8225b3c63f0ce1a2f3c3434e395,YASAKCUCGLMORW,vLess-DILI-concern,1,https://www.fda.gov/media/113052/download?attachment=,https://pubchem.ncbi.nlm.nih.gov/compound/5281055,5281055,dilirank_parent_v1,"[""LT00140""]","[""vLess-DILI-concern""]"
LT00141,Indocyanine green,CC1(C)C(/C=C/C=C/C=C/C=C2\N(CCCCS(=O)(=O)O)c3ccc4ccccc4c3C2(C)C)=[N+](CCCCS(=O)(=O)[O-])c2ccc3ccccc3c21,BDBMLMBYCXNVMC-UHFFFAOYSA-N,0949748dbd06aaaeaf101751b411297dfa8cc66cf6da33a1bbc61e8fbfc21f8c,BDBMLMBYCXNVMC,vNo-DILI-concern,0,https://www.fda.gov/media/113052/download?attachment=,https://pubchem.ncbi.nlm.nih.gov/compound/5282412,5282412,dilirank_parent_v1,"[""LT00141""]","[""vNo-DILI-concern""]"
LT00142,Simvastatin,CCC(C)(C)C(=O)O[C@H]1C[C@@H](C)C=C2C=C[C@H](C)[C@H](CC[C@@H]3C[C@@H](O)CC(=O)O3)[C@H]21,RYMZZMVNJRMUDD-HGQWONQESA-N,b582af1bb91ade0dc6262d54c201eb316d192b8763c176955f43fb0efb2dbdc8,RYMZZMVNJRMUDD,vLess-DILI-concern,1,https://www.fda.gov/media/113052/download?attachment=,https://pubchem.ncbi.nlm.nih.gov/compound/54454,54454,dilirank_parent_v1,"[""LT00142""]","[""vLess-DILI-concern""]"
LT00143,Spironolactone,CC(=O)S[C@@H]1CC2=CC(=O)CC[C@]2(C)[C@H]2CC[C@@]3(C)[C@@H](CC[C@@]34CCC(=O)O4)[C@H]12,LXMSZDCAJNLERA-ZHYRCANASA-N,bc33061eab4a8045a93bc800fa97f613e49d58774af5c86dc7756a0fbbda3c73,LXMSZDCAJNLERA,vLess-DILI-concern,1,https://www.fda.gov/media/113052/download?attachment=,https://pubchem.ncbi.nlm.nih.gov/compound/5833,5833,dilirank_parent_v1,"[""LT00143""]","[""vLess-DILI-concern""]"
LT00144,Stavudine,Cc1cn([C@H]2C=C[C@@H](CO)O2)c(=O)[nH]c1=O,XNKLLVCARDGLGL-JGVFFNPUSA-N,08fbd9ef3b0fedeb8a191d07d63582181fa6a025a629095cf424c6413e9a5484,XNKLLVCARDGLGL,vMost-DILI-concern,1,https://www.fda.gov/media/113052/download?attachment=,https://pubchem.ncbi.nlm.nih.gov/compound/18283,18283,dilirank_parent_v1,"[""LT00144""]","[""vMost-DILI-concern""]"
LT00145,Streptomycin sulfate,CN[C@@H]1[C@H](O[C@H]2[C@H](O[C@H]3[C@H](O)[C@@H](O)[C@H](N=C(N)N)[C@@H](O)[C@@H]3N=C(N)N)O[C@@H](C)[C@]2(O)C=O)O[C@@H](CO)[C@H](O)[C@H]1O,UCSJYZPVAKXKNQ-HZYVHMACSA-N,27b70e97d90842648dfe90dd7910d9cb7f56cf4e83c736ce4910193bfa8be906,UCSJYZPVAKXKNQ,vNo-DILI-concern,0,https://www.fda.gov/media/113052/download?attachment=,https://pubchem.ncbi.nlm.nih.gov/compound/19648,19648,dilirank_parent_v1,"[""LT00145""]","[""vNo-DILI-concern""]"
LT00146,Sulfadiazine,Nc1ccc(S(=O)(=O)Nc2ncccn2)cc1,SEEPANYCNGTZFQ-UHFFFAOYSA-N,1793431a6311ce95ddf44dfa8847de69247d562ae9f16350cf96be540f4b1cc4,SEEPANYCNGTZFQ,vLess-DILI-concern,1,https://www.fda.gov/media/113052/download?attachment=,https://pubchem.ncbi.nlm.nih.gov/compound/5215,5215,dilirank_parent_v1,"[""LT00146""]","[""vLess-DILI-concern""]"
LT00147,Sulfasalazine,O=C(O)c1cc(N=Nc2ccc(S(=O)(=O)Nc3ccccn3)cc2)ccc1O,NCEXYHBECQHGNR-UHFFFAOYSA-N,e723519b6f359ba197823c80b0b9b2fdaaa8662e31fbf37cd08835b93d8cd570,NCEXYHBECQHGNR,vMost-DILI-concern,1,https://www.fda.gov/media/113052/download?attachment=,https://pubchem.ncbi.nlm.nih.gov/compound/5339,5339,dilirank_parent_v1,"[""LT00147""]","[""vMost-DILI-concern""]"
LT00148,Sulindac,CC1=C(CC(=O)O)c2cc(F)ccc2/C1=C\c1ccc([S+](C)[O-])cc1,MLKXDPUZXIRXEP-MFOYZWKCSA-N,2a0b45765060d1741a13ee0431661dac4793f01771957785d8032b61e7f183ab,MLKXDPUZXIRXEP,vMost-DILI-concern,1,https://www.fda.gov/media/113052/download?attachment=,https://pubchem.ncbi.nlm.nih.gov/compound/1548887,1548887,dilirank_parent_v1,"[""LT00148""]","[""vMost-DILI-concern""]"
LT00152,Tamoxifen citrate,CC/C(=C(\c1ccccc1)c1ccc(OCCN(C)C)cc1)c1ccccc1,NKANXQFJJICGDU-QPLCGJKRSA-N,b5db4763e49c0e4b96784ac16065531168ccf8b42bbab4b3b910634bc610583c,NKANXQFJJICGDU,vMost-DILI-concern,1,https://www.fda.gov/media/113052/download?attachment=,https://pubchem.ncbi.nlm.nih.gov/compound/2733525,2733525,dilirank_parent_v1,"[""LT00152""]","[""vMost-DILI-concern""]"
LT00153,Temozolomide,Cn1nnc2c(C(N)=O)ncn2c1=O,BPEGJWRSRHCHSN-UHFFFAOYSA-N,17cd9ac2377767f80caebef9550a5e1d83089ac1a393e9412c71a5e770ad8679,BPEGJWRSRHCHSN,vLess-DILI-concern,1,https://www.fda.gov/media/113052/download?attachment=,https://pubchem.ncbi.nlm.nih.gov/compound/5394,5394,dilirank_parent_v1,"[""LT00153""]","[""vLess-DILI-concern""]"
LT00155,Tizanidine hydrochloride,Clc1ccc2nsnc2c1NC1=NCCN1,XFYDIVBRZNQMJC-UHFFFAOYSA-N,8b05518b6d3b0392ab1025f07173587edf44ce4c898dc647ad0ebe2bd7e78f62,XFYDIVBRZNQMJC,vMost-DILI-concern,1,https://www.fda.gov/media/113052/download?attachment=,https://pubchem.ncbi.nlm.nih.gov/compound/114869,114869,dilirank_parent_v1,"[""LT00155""]","[""vMost-DILI-concern""]"
LT00156,Tolcapone,Cc1ccc(C(=O)c2cc(O)c(O)c([N+](=O)[O-])c2)cc1,MIQPIUSUKVNLNT-UHFFFAOYSA-N,ef6be02ec9adebec92a3677154c2e066a2bcc7fcb4eb9d1f19ed43a5d3d16d75,MIQPIUSUKVNLNT,vMost-DILI-concern,1,https://www.fda.gov/media/113052/download?attachment=,https://pubchem.ncbi.nlm.nih.gov/compound/4659569,4659569,dilirank_parent_v1,"[""LT00156""]","[""vMost-DILI-concern""]"
LT00160,Valproic acid,CCCC(CCC)C(=O)O,NIJJYAXOARWZEE-UHFFFAOYSA-N,4a8f46b29b10b0d681658e8cdc1d7f3fe827f57f87f2108141dc62533f488bee,NIJJYAXOARWZEE,vMost-DILI-concern,1,https://www.fda.gov/media/113052/download?attachment=,https://pubchem.ncbi.nlm.nih.gov/compound/3121,3121,dilirank_parent_v1,"[""LT00160"", ""LT00684""]","[""vMost-DILI-concern"", ""vMost-DILI-concern""]"
LT00162,Vitamin A palmitate,CCCCCCCCCCCCCCCC(=O)OC/C=C(C)/C=C/C=C(C)/C=C/C1=C(C)CCCC1(C)C,VYGQUTWHTHXGQB-FFHKNEKCSA-N,f59663f3b9d0898dcea2c3336dd3b9540f4074703e9f77c6b569416fa076fba9,VYGQUTWHTHXGQB,vLess-DILI-concern,1,https://www.fda.gov/media/113052/download?attachment=,https://pubchem.ncbi.nlm.nih.gov/compound/5280531,5280531,dilirank_parent_v1,"[""LT00162""]","[""vLess-DILI-concern""]"
LT00163,Zidovudine,Cc1cn([C@H]2C[C@H](N=[N+]=[N-])[C@@H](CO)O2)c(=O)[nH]c1=O,HBOMLICNUCNMMY-XLPZGREQSA-N,e20713ddf37387eb86f8117068afb05030afb1534156cac20a90123dee27d2b3,HBOMLICNUCNMMY,vMost-DILI-concern,1,https://www.fda.gov/media/113052/download?attachment=,https://pubchem.ncbi.nlm.nih.gov/compound/35370,35370,dilirank_parent_v1,"[""LT00163""]","[""vMost-DILI-concern""]"
LT00165,Zonisamide,NS(=O)(=O)Cc1noc2ccccc12,UBQNRHZMVUUOMG-UHFFFAOYSA-N,97fbd1d0658ab0977b8062d4389133a6f3b6f6409808d944afb50082918270bb,UBQNRHZMVUUOMG,vLess-DILI-concern,1,https://www.fda.gov/media/113052/download?attachment=,https://pubchem.ncbi.nlm.nih.gov/compound/5734,5734,dilirank_parent_v1,"[""LT00165""]","[""vLess-DILI-concern""]"
LT00166,Pyrazinamide,NC(=O)c1cnccn1,IPEHBUMCGVEMRF-UHFFFAOYSA-N,41192d03d4276980c01949e80b8dada4ee3c8489d7e5ce716d317072306cd800,IPEHBUMCGVEMRF,vLess-DILI-concern,1,https://www.fda.gov/media/113052/download?attachment=,https://pubchem.ncbi.nlm.nih.gov/compound/1046,1046,dilirank_parent_v1,"[""LT00166""]","[""vLess-DILI-concern""]"
LT00167,Finasteride,CC(C)(C)NC(=O)[C@H]1CC[C@H]2[C@@H]3CC[C@H]4NC(=O)C=C[C@]4(C)[C@H]3CC[C@]12C,DBEPLOCGEIEOCV-WSBQPABSSA-N,d85b6dde7dfddaf5e1d4c8814435d2c88c3ade81c1a9460d53f2d707cccfafc2,DBEPLOCGEIEOCV,vLess-DILI-concern,1,https://www.fda.gov/media/113052/download?attachment=,https://pubchem.ncbi.nlm.nih.gov/compound/57363,57363,dilirank_parent_v1,"[""LT00167""]","[""vLess-DILI-concern""]"
LT00168,Troglitazone,Cc1c(C)c2c(c(C)c1O)CCC(C)(COc1ccc(CC3SC(=O)NC3=O)cc1)O2,GXPHKUHSUJUWKP-UHFFFAOYSA-N,7baec907dc7d6dbd164d5ff6fba4e5c5af7cec02963043f5197f25209dd7d3e3,GXPHKUHSUJUWKP,vMost-DILI-concern,1,https://www.fda.gov/media/113052/download?attachment=,https://pubchem.ncbi.nlm.nih.gov/compound/5591,5591,dilirank_parent_v1,"[""LT00168""]","[""vMost-DILI-concern""]"
LT00172,Fluvastatin sodium,CC(C)n1c(/C=C/[C@H](O)C[C@H](O)CC(=O)O)c(-c2ccc(F)cc2)c2ccccc21,FJLGEFLZQAZZCD-JUFISIKESA-N,7acad11270d46e651e984c455bf18490e8f874c9dbbfe4bc8c8d1a5d2bd7a181,FJLGEFLZQAZZCD,vLess-DILI-concern,1,https://www.fda.gov/media/113052/download?attachment=,https://pubchem.ncbi.nlm.nih.gov/compound/23679527,23679527,dilirank_parent_v1,"[""LT00172""]","[""vLess-DILI-concern""]"
LT00173,Glimepiride,CCC1=C(C)CN(C(=O)NCCc2ccc(S(=O)(=O)NC(=O)NC3CCC(C)CC3)cc2)C1=O,WIGIZIANZCJQQY-UHFFFAOYSA-N,996c3b1cb2aa319618cba919781f719cc93b100e32cac502c46b972099359ba6,WIGIZIANZCJQQY,vLess-DILI-concern,1,https://www.fda.gov/media/113052/download?attachment=,https://pubchem.ncbi.nlm.nih.gov/compound/3476,3476,dilirank_parent_v1,"[""LT00173""]","[""vLess-DILI-concern""]"
LT00174,Venlafaxine hydrochloride,COc1ccc(C(CN(C)C)C2(O)CCCCC2)cc1,PNVNVHUZROJLTJ-UHFFFAOYSA-N,d2bd38b6dd74ec9abb8e95c4691a873308ff8b4054b73c57620572067189fab2,PNVNVHUZROJLTJ,vLess-DILI-concern,1,https://www.fda.gov/media/113052/download?attachment=,https://pubchem.ncbi.nlm.nih.gov/compound/62923,62923,dilirank_parent_v1,"[""LT00174""]","[""vLess-DILI-concern""]"
LT00175,Amlodipine besylate,CCOC(=O)C1=C(COCCN)NC(C)=C(C(=O)OC)C1c1ccccc1Cl,HTIQEAQVCYTUBX-UHFFFAOYSA-N,9829f2c9561b79779cc415c06c6e7a84915b7d6b13c61542eb2b8678448c503d,HTIQEAQVCYTUBX,vLess-DILI-concern,1,https://www.fda.gov/media/113052/download?attachment=,https://pubchem.ncbi.nlm.nih.gov/compound/60496,60496,dilirank_parent_v1,"[""LT00175""]","[""vLess-DILI-concern""]"
LT00177,Vinblastine sulfate,CC[C@]1(O)C[C@@H]2CN(CCc3c([nH]c4ccccc34)[C@@](C(=O)OC)(c3cc4c(cc3OC)N(C)[C@H]3[C@@](O)(C(=O)OC)[C@H](OC(C)=O)[C@]5(CC)C=CCN6CC[C@]43[C@@H]65)C2)C1,JXLYSJRDGCGARV-CFWMRBGOSA-N,f516134c6f065fda882799ab1ed11fc63973c1ee7926639c01cb812db4352eb8,JXLYSJRDGCGARV,vLess-DILI-concern,1,https://www.fda.gov/media/113052/download?attachment=,https://pubchem.ncbi.nlm.nih.gov/compound/5388983,5388983,dilirank_parent_v1,"[""LT00177""]","[""vLess-DILI-concern""]"
LT00178,Ciprofloxacin hydrochloride,O=C(O)c1cn(C2CC2)c2cc(N3CCNCC3)c(F)cc2c1=O,MYSWGUAQZAJSOK-UHFFFAOYSA-N,27a193a8f29687cfc6bd25657b860ed4f147876cf68c7a3115860599383bfd9a,MYSWGUAQZAJSOK,vMost-DILI-concern,1,https://www.fda.gov/media/113052/download?attachment=,https://pubchem.ncbi.nlm.nih.gov/compound/62998,62998,dilirank_parent_v1,"[""LT00178""]","[""vMost-DILI-concern""]"
LT00179,Fluconazole,OC(Cn1cncn1)(Cn1cncn1)c1ccc(F)cc1F,RFHAOTPXVQNOHP-UHFFFAOYSA-N,22a8b33fcc3f9cd994e86f2f2284a23764c8e630bb69c040d380f0bb6968ef0d,RFHAOTPXVQNOHP,vMost-DILI-concern,1,https://www.fda.gov/media/113052/download?attachment=,https://pubchem.ncbi.nlm.nih.gov/compound/3365,3365,dilirank_parent_v1,"[""LT00179""]","[""vMost-DILI-concern""]"
LT00180,Prednisone,C[C@]12C=CC(=O)C=C1CC[C@@H]1[C@@H]2C(=O)C[C@@]2(C)[C@H]1CC[C@]2(O)C(=O)CO,XOFYZVNMUHMLCC-ZPOLXVRWSA-N,d87406609c0c93fb0e2f37cef62090206a25d04777d6728a8d5ce3dcf900215e,XOFYZVNMUHMLCC,vLess-DILI-concern,1,https://www.fda.gov/media/113052/download?attachment=,https://pubchem.ncbi.nlm.nih.gov/compound/5865,5865,dilirank_parent_v1,"[""LT00180""]","[""vLess-DILI-concern""]"
LT00181,Lorazepam,O=C1Nc2ccc(Cl)cc2C(c2ccccc2Cl)=NC1O,DIWRORZWFLOCLC-UHFFFAOYSA-N,b2fc3219e7396014ab133b694343af0e4ce0d4bf9c7f2014efd9c4e240c665b9,DIWRORZWFLOCLC,vLess-DILI-concern,1,https://www.fda.gov/media/113052/download?attachment=,https://pubchem.ncbi.nlm.nih.gov/compound/3958,3958,dilirank_parent_v1,"[""LT00181""]","[""vLess-DILI-concern""]"
LT00182,Itraconazole,CCC(C)n1ncn(-c2ccc(N3CCN(c4ccc(OC[C@H]5CO[C@](Cn6cncn6)(c6ccc(Cl)cc6Cl)O5)cc4)CC3)cc2)c1=O,VHVPQPYKVGDNFY-ZPGVKDDISA-N,d8e6ef6dbcaaf1a8ebefa3032e029973864e8385b56d92ded19352d4ac280d01,VHVPQPYKVGDNFY,vMost-DILI-concern,1,https://www.fda.gov/media/113052/download?attachment=,https://pubchem.ncbi.nlm.nih.gov/compound/55283,55283,dilirank_parent_v1,"[""LT00182""]","[""vMost-DILI-concern""]"
LT00183,Raloxifene hydrochloride,O=C(c1ccc(OCCN2CCCCC2)cc1)c1c(-c2ccc(O)cc2)sc2cc(O)ccc12,GZUITABIAKMVPG-UHFFFAOYSA-N,5c92130c3047259cad9c04d3bf9a682c06b608c47eb00909f7faa3123d3e5fe2,GZUITABIAKMVPG,vLess-DILI-concern,1,https://www.fda.gov/media/113052/download?attachment=,https://pubchem.ncbi.nlm.nih.gov/compound/54900,54900,dilirank_parent_v1,"[""LT00183""]","[""vLess-DILI-concern""]"
LT00184,Mifepristone,CC#C[C@]1(O)CC[C@H]2[C@@H]3CCC4=CC(=O)CCC4=C3[C@@H](c3ccc(N(C)C)cc3)C[C@@]21C,VKHAHZOOUSRJNA-GCNJZUOMSA-N,423899c981d82c9603bf293fdeca9884bd9ef95be3da3cdb9420fc907bbcfa19,VKHAHZOOUSRJNA,vLess-DILI-concern,1,https://www.fda.gov/media/113052/download?attachment=,https://pubchem.ncbi.nlm.nih.gov/compound/55245,55245,dilirank_parent_v1,"[""LT00184""]","[""vLess-DILI-concern""]"
LT00185,Clomipramine hydrochloride,CN(C)CCCN1c2ccccc2CCc2ccc(Cl)cc21,GDLIGKIOYRNHDA-UHFFFAOYSA-N,76233f874352cec443c308c564580805cec18b55fe46ec47ea74c26cb738f78d,GDLIGKIOYRNHDA,vMost-DILI-concern,1,https://www.fda.gov/media/113052/download?attachment=,https://pubchem.ncbi.nlm.nih.gov/compound/68539,68539,dilirank_parent_v1,"[""LT00185""]","[""vMost-DILI-concern""]"
LT00186,Pravastatin sodium,CC[C@H](C)C(=O)O[C@H]1C[C@H](O)C=C2C=C[C@H](C)[C@H](CC[C@@H](O)C[C@@H](O)CC(=O)O)[C@H]21,TUZYXOIXSAXUGO-PZAWKZKUSA-N,3583b59fa4b2fd5096ea46f751294a6bf1a69117b9066cca611985de23acc55e,TUZYXOIXSAXUGO,vLess-DILI-concern,1,https://www.fda.gov/media/113052/download?attachment=,https://pubchem.ncbi.nlm.nih.gov/compound/16759173,16759173,dilirank_parent_v1,"[""LT00186""]","[""vLess-DILI-concern""]"
LT00187,Clarithromycin,CC[C@H]1OC(=O)[C@H](C)[C@@H](O[C@H]2C[C@@](C)(OC)[C@@H](O)[C@H](C)O2)[C@H](C)[C@@H](O[C@@H]2O[C@H](C)C[C@H](N(C)C)[C@H]2O)[C@](C)(OC)C[C@@H](C)C(=O)[C@H](C)[C@@H](O)[C@]1(C)O,AGOYDEPGAOXOCK-KCBOHYOISA-N,1ca85f38c6f2198fadccaa293feaf39fee25fdc52b5b60231b24c9a07cf39d51,AGOYDEPGAOXOCK,vMost-DILI-concern,1,https://www.fda.gov/media/113052/download?attachment=,https://pubchem.ncbi.nlm.nih.gov/compound/84029,84029,dilirank_parent_v1,"[""LT00187""]","[""vMost-DILI-concern""]"
LT00188,Hydrocortisone acetate,CC(=O)OCC(=O)[C@@]1(O)CC[C@H]2[C@@H]3CCC4=CC(=O)CC[C@]4(C)[C@H]3[C@@H](O)C[C@@]21C,ALEXXDVDDISNDU-JZYPGELDSA-N,12b06da1b45dea8170ce26c9fd1eae3d9415dbc1590f14b26d6d45510c489033,ALEXXDVDDISNDU,vNo-DILI-concern,0,https://www.fda.gov/media/113052/download?attachment=,https://pubchem.ncbi.nlm.nih.gov/compound/5744,5744,dilirank_parent_v1,"[""LT00188""]","[""vNo-DILI-concern""]"
LT00192,Progesterone,CC(=O)[C@H]1CC[C@H]2[C@@H]3CCC4=CC(=O)CC[C@]4(C)[C@H]3CC[C@]12C,RJKFOVLPORLFTN-LEKSSAKUSA-N,614721bdc88c39aa10856df47ab4c17d90cc83e2674c1a9b77946bb19dc10640,RJKFOVLPORLFTN,vLess-DILI-concern,1,https://www.fda.gov/media/113052/download?attachment=,https://pubchem.ncbi.nlm.nih.gov/compound/5994,5994,dilirank_parent_v1,"[""LT00192""]","[""vLess-DILI-concern""]"
LT00194,Ergocalciferol,C=C1CC[C@H](O)C/C1=C/C=C1\CCC[C@]2(C)[C@@H]([C@H](C)/C=C/[C@H](C)C(C)C)CC[C@@H]12,MECHNRXZTMCUDQ-RKHKHRCZSA-N,7f23b9040764a4a52c06cde1298e613fa60327df2ace794e9fa45dab31d56ee9,MECHNRXZTMCUDQ,vNo-DILI-concern,0,https://www.fda.gov/media/113052/download?attachment=,https://pubchem.ncbi.nlm.nih.gov/compound/5280793,5280793,dilirank_parent_v1,"[""LT00194""]","[""vNo-DILI-concern""]"
LT00199,Ibuprofen,CC(C)Cc1ccc(C(C)C(=O)O)cc1,HEFNNWSXXWATRW-UHFFFAOYSA-N,e9ad82014f7bfdfc155ed8b2433b48176d133ca541266094dad17691fb31a56a,HEFNNWSXXWATRW,vLess-DILI-concern,1,https://www.fda.gov/media/113052/download?attachment=,https://pubchem.ncbi.nlm.nih.gov/compound/3672,3672,dilirank_parent_v1,"[""LT00199""]","[""vLess-DILI-concern""]"
LT00200,Isoproterenol hydrochloride,CC(C)NCC(O)c1ccc(O)c(O)c1,JWZZKOKVBUJMES-UHFFFAOYSA-N,26c5edff67332a24ad89e5faa84b7a08909a4e64490459fcc6f6ed173eb741ee,JWZZKOKVBUJMES,vNo-DILI-concern,0,https://www.fda.gov/media/113052/download?attachment=,https://pubchem.ncbi.nlm.nih.gov/compound/5807,5807,dilirank_parent_v1,"[""LT00200""]","[""vNo-DILI-concern""]"
LT00205,Promethazine hydrochloride,CC(CN1c2ccccc2Sc2ccccc21)N(C)C,PWWVAXIEGOYWEE-UHFFFAOYSA-N,72f328308e1b39998d23cc977865ee941e545cf4d75edf51573e8e72717569ab,PWWVAXIEGOYWEE,vLess-DILI-concern,1,https://www.fda.gov/media/113052/download?attachment=,https://pubchem.ncbi.nlm.nih.gov/compound/6014,6014,dilirank_parent_v1,"[""LT00205""]","[""vLess-DILI-concern""]"
LT00206,Omeprazole,COc1ccc2nc([S+]([O-])Cc3ncc(C)c(OC)c3C)[nH]c2c1,SUBDBMMJDZJVOS-UHFFFAOYSA-N,2fd9587a726f116fb9e24846f08e6074b8b7c3293b38d4bddb075517a0ba65c7,SUBDBMMJDZJVOS,vLess-DILI-concern,1,https://www.fda.gov/media/113052/download?attachment=,https://pubchem.ncbi.nlm.nih.gov/compound/4594,4594,dilirank_parent_v1,"[""LT00206""]","[""vLess-DILI-concern""]"
LT00207,Carvedilol,COc1ccccc1OCCNCC(O)COc1cccc2[nH]c3ccccc3c12,OGHNVEJMJSYVRP-UHFFFAOYSA-N,15c957195cee05e60ea1a0329c61987eed7fdc0c904fc2feeb9cb4b2dd4d0f7d,OGHNVEJMJSYVRP,vLess-DILI-concern,1,https://www.fda.gov/media/113052/download?attachment=,https://pubchem.ncbi.nlm.nih.gov/compound/2585,2585,dilirank_parent_v1,"[""LT00207""]","[""vLess-DILI-concern""]"
LT00209,Cytarabine,Nc1ccn([C@@H]2O[C@H](CO)[C@@H](O)[C@@H]2O)c(=O)n1,UHDGCWIWMRVCDJ-CCXZUQQUSA-N,c2b0643ff849d4abe6acb49920ac3cc589e71b28706aedeec2257db5b473a682,UHDGCWIWMRVCDJ,vMost-DILI-concern,1,https://www.fda.gov/media/113052/download?attachment=,https://pubchem.ncbi.nlm.nih.gov/compound/6253,6253,dilirank_parent_v1,"[""LT00209""]","[""vMost-DILI-concern""]"
LT00219,Citalopram hydrobromide,CN(C)CCCC1(c2ccc(F)cc2)OCc2cc(C#N)ccc21,WSEQXVZVJXJVFP-UHFFFAOYSA-N,3abda980325eec47ef33de752d3c3c4e9b609d4a176a43a36becc82cc973461f,WSEQXVZVJXJVFP,vLess-DILI-concern,1,https://www.fda.gov/media/113052/download?attachment=,https://pubchem.ncbi.nlm.nih.gov/compound/77995,77995,dilirank_parent_v1,"[""LT00219""]","[""vLess-DILI-concern""]"
LT00222,Methyltestosterone,C[C@]12CCC(=O)C=C1CC[C@@H]1[C@@H]2CC[C@@]2(C)[C@H]1CC[C@]2(C)O,GCKMFJBGXUYNAG-HLXURNFRSA-N,abd0cffe34261ea71ed99f09a8814221ba0adb2ab4338353db7bc726135d6468,GCKMFJBGXUYNAG,vLess-DILI-concern,1,https://www.fda.gov/media/113052/download?attachment=,https://pubchem.ncbi.nlm.nih.gov/compound/6010,6010,dilirank_parent_v1,"[""LT00222""]","[""vLess-DILI-concern""]"
LT00223,Testosterone enanthate,CCCCCCC(=O)O[C@H]1CC[C@H]2[C@@H]3CCC4=CC(=O)CC[C@]4(C)[C@H]3CC[C@]12C,VOCBWIIFXDYGNZ-IXKNJLPQSA-N,5925e566c383e29397057a14218984356939915ab175b46b28201e0abe0adea6,VOCBWIIFXDYGNZ,vMost-DILI-concern,1,https://www.fda.gov/media/113052/download?attachment=,https://pubchem.ncbi.nlm.nih.gov/compound/9416,9416,dilirank_parent_v1,"[""LT00223""]","[""vMost-DILI-concern""]"
LT00227,Ticlopidine hydrochloride,Clc1ccccc1CN1CCc2sccc2C1,PHWBOXQYWZNQIN-UHFFFAOYSA-N,b40534f20ec1fd7e038eed7d79b19b2c270336240762901340a9810aee129b53,PHWBOXQYWZNQIN,vMost-DILI-concern,1,https://www.fda.gov/media/113052/download?attachment=,https://pubchem.ncbi.nlm.nih.gov/compound/65335,65335,dilirank_parent_v1,"[""LT00227""]","[""vMost-DILI-concern""]"
LT00230,Diazepam,CN1C(=O)CN=C(c2ccccc2)c2cc(Cl)ccc21,AAOVKJBEBIDNHE-UHFFFAOYSA-N,ebf85617ee411c4ff4a6c48a1e3fa47a74c325405f86d69ec21877dab8b600e2,AAOVKJBEBIDNHE,vLess-DILI-concern,1,https://www.fda.gov/media/113052/download?attachment=,https://pubchem.ncbi.nlm.nih.gov/compound/3016,3016,dilirank_parent_v1,"[""LT00230""]","[""vLess-DILI-concern""]"
LT00233,Clomiphene citrate,CCN(CC)CCOc1ccc(C(=C(Cl)c2ccccc2)c2ccccc2)cc1,GKIRPKYJQBWNGO-UHFFFAOYSA-N,e5a69b0217aef9664913f4668731c283c27d095a395fd99c1bcc5432d407e653,GKIRPKYJQBWNGO,vLess-DILI-concern,1,https://www.fda.gov/media/113052/download?attachment=,https://pubchem.ncbi.nlm.nih.gov/compound/60974,60974,dilirank_parent_v1,"[""LT00233""]","[""vLess-DILI-concern""]"
LT00234,Isotretinoin,CC1=C(/C=C/C(C)=C/C=C/C(C)=C\C(=O)O)C(C)(C)CCC1,SHGAZHPCJJPHSC-XFYACQKRSA-N,5766070150ac0674d831746dde0efb2f5c2bcd9fdbc8c3838488b318903d44ec,SHGAZHPCJJPHSC,vMost-DILI-concern,1,https://www.fda.gov/media/113052/download?attachment=,https://pubchem.ncbi.nlm.nih.gov/compound/5282379,5282379,dilirank_parent_v1,"[""LT00234""]","[""vMost-DILI-concern""]"
LT00235,Oxymetholone,C[C@]12C/C(=C/O)C(=O)C[C@@H]1CC[C@@H]1[C@@H]2CC[C@@]2(C)[C@H]1CC[C@]2(C)O,ICMWWNHDUZJFDW-DHODBPELSA-N,f333058e1ed9a8419de3a0f5f773adfdd74cc24c4ef42d7488ddb7ef1c8b3e84,ICMWWNHDUZJFDW,vMost-DILI-concern,1,https://www.fda.gov/media/113052/download?attachment=,https://pubchem.ncbi.nlm.nih.gov/compound/5281034,5281034,dilirank_parent_v1,"[""LT00235""]","[""vMost-DILI-concern""]"
LT00240,Etodolac,CCc1cccc2c3c([nH]c12)C(CC)(CC(=O)O)OCC3,NNYBQONXHNTVIJ-UHFFFAOYSA-N,4a71f44f3eb2a9412e4581f2ac8903f41c855237509f1be6e37a35e59a2503bb,NNYBQONXHNTVIJ,vMost-DILI-concern,1,https://www.fda.gov/media/113052/download?attachment=,https://pubchem.ncbi.nlm.nih.gov/compound/3308,3308,dilirank_parent_v1,"[""LT00240""]","[""vMost-DILI-concern""]"
LT00243,Glipizide,Cc1cnc(C(=O)NCCc2ccc(S(=O)(=O)NC(=O)NC3CCCCC3)cc2)cn1,ZJJXGWJIGJFDTL-UHFFFAOYSA-N,162f495e303bcb4be3e6f09fd94c30a5c0abf7cc5b942be6a90c1e63636ae293,ZJJXGWJIGJFDTL,vLess-DILI-concern,1,https://www.fda.gov/media/113052/download?attachment=,https://pubchem.ncbi.nlm.nih.gov/compound/3478,3478,dilirank_parent_v1,"[""LT00243""]","[""vLess-DILI-concern""]"
LT00246,Pemoline,NC1=NC(=O)C(c2ccccc2)O1,NRNCYVBFPDDJNE-UHFFFAOYSA-N,3e668905bc2349297279807f7b637a9ea4d2d78c1b2d3d38f71c6b7e03fbd744,NRNCYVBFPDDJNE,vMost-DILI-concern,1,https://www.fda.gov/media/113052/download?attachment=,https://pubchem.ncbi.nlm.nih.gov/compound/4723,4723,dilirank_parent_v1,"[""LT00246""]","[""vMost-DILI-concern""]"
LT00248,Clotrimazole,Clc1ccccc1C(c1ccccc1)(c1ccccc1)n1ccnc1,VNFPBHJOKIVQEB-UHFFFAOYSA-N,92279a9388f8703dff0323fac92eaa91e4f2921e60347028f1ee4c60d109b201,VNFPBHJOKIVQEB,vLess-DILI-concern,1,https://www.fda.gov/media/113052/download?attachment=,https://pubchem.ncbi.nlm.nih.gov/compound/2812,2812,dilirank_parent_v1,"[""LT00248""]","[""vLess-DILI-concern""]"
LT00252,Celecoxib,Cc1ccc(-c2cc(C(F)(F)F)nn2-c2ccc(S(N)(=O)=O)cc2)cc1,RZEKVGVHFLEQIL-UHFFFAOYSA-N,48154e35ee805fcc8347ecf5281283e9fdb88e54bcb50530233c313e35600a93,RZEKVGVHFLEQIL,vLess-DILI-concern,1,https://www.fda.gov/media/113052/download?attachment=,https://pubchem.ncbi.nlm.nih.gov/compound/2662,2662,dilirank_parent_v1,"[""LT00252""]","[""vLess-DILI-concern""]"
LT00258,Atorvastatin calcium,CC(C)c1c(C(=O)Nc2ccccc2)c(-c2ccccc2)c(-c2ccc(F)cc2)n1CC[C@@H](O)C[C@@H](O)CC(=O)O,XUKUURHRXDUEBC-KAYWLYCHSA-N,eff744dcd3e61566f8bef554b49fffed1a495597432b6efedc5e4e828965abdd,XUKUURHRXDUEBC,vMost-DILI-concern,1,https://www.fda.gov/media/113052/download?attachment=,https://pubchem.ncbi.nlm.nih.gov/compound/60822,60822,dilirank_parent_v1,"[""LT00258""]","[""vMost-DILI-concern""]"
LT00259,Olanzapine,Cc1cc2c(s1)Nc1ccccc1N=C2N1CCN(C)CC1,KVWDHTXUZHCGIO-UHFFFAOYSA-N,6fba6ee62df07b049f8dda8a1fe5421bc877120b923635f43e623e3f9ba2415b,KVWDHTXUZHCGIO,vLess-DILI-concern,1,https://www.fda.gov/media/113052/download?attachment=,https://pubchem.ncbi.nlm.nih.gov/compound/135398745,135398745,dilirank_parent_v1,"[""LT00259""]","[""vLess-DILI-concern""]"
LT00260,Nevirapine,Cc1ccnc2c1NC(=O)c1cccnc1N2C1CC1,NQDJXKOVJZTUJA-UHFFFAOYSA-N,2d13c34fc706e22f965d1afd8ae0fbbd7ab6f71b6101fca2c2466e444d5dced8,NQDJXKOVJZTUJA,vMost-DILI-concern,1,https://www.fda.gov/media/113052/download?attachment=,https://pubchem.ncbi.nlm.nih.gov/compound/4463,4463,dilirank_parent_v1,"[""LT00260""]","[""vMost-DILI-concern""]"
LT00261,Primidone,CCC1(c2ccccc2)C(=O)NCNC1=O,DQMZLTXERSFNPB-UHFFFAOYSA-N,6f0155014f6991bf01e1361bfe06c360b6bb5cd602dc6efa0fae1abbaa2e7ac2,DQMZLTXERSFNPB,vNo-DILI-concern,0,https://www.fda.gov/media/113052/download?attachment=,https://pubchem.ncbi.nlm.nih.gov/compound/4909,4909,dilirank_parent_v1,"[""LT00261""]","[""vNo-DILI-concern""]"
LT00263,Anastrozole,CC(C)(C#N)c1cc(Cn2cncn2)cc(C(C)(C)C#N)c1,YBBLVLTVTVSKRW-UHFFFAOYSA-N,a26196980e7386526f63717a110727db6074ea0a4ec6e961fe8bd15700fa8737,YBBLVLTVTVSKRW,vLess-DILI-concern,1,https://www.fda.gov/media/113052/download?attachment=,https://pubchem.ncbi.nlm.nih.gov/compound/2187,2187,dilirank_parent_v1,"[""LT00263""]","[""vLess-DILI-concern""]"
LT00264,Rabeprazole sodium,COCCCOc1ccnc(C[S+]([O-])c2nc3ccccc3[nH]2)c1C,YREYEVIYCVEVJK-UHFFFAOYSA-N,e1b0bcac7c6e4c4388f76bd7557c994c958e0af74a288872d8c7404c701eebc5,YREYEVIYCVEVJK,vLess-DILI-concern,1,https://www.fda.gov/media/113052/download?attachment=,https://pubchem.ncbi.nlm.nih.gov/compound/14720269,14720269,dilirank_parent_v1,"[""LT00264""]","[""vLess-DILI-concern""]"
LT00265,Azithromycin,CC[C@H]1OC(=O)[C@H](C)[C@@H](O[C@H]2C[C@@](C)(OC)[C@@H](O)[C@H](C)O2)[C@H](C)[C@@H](O[C@@H]2O[C@H](C)C[C@H](N(C)C)[C@H]2O)[C@](C)(O)C[C@@H](C)CN(C)[C@H](C)[C@@H](O)[C@]1(C)O,MQTOSJVFKKJCRP-BICOPXKESA-N,0206a5874c3efc93974e8b73b37ea4741eae9b81353567ddce11f61b402759aa,MQTOSJVFKKJCRP,vLess-DILI-concern,1,https://www.fda.gov/media/113052/download?attachment=,https://pubchem.ncbi.nlm.nih.gov/compound/447043,447043,dilirank_parent_v1,"[""LT00265""]","[""vLess-DILI-concern""]"
LT00266,Tolazamide,Cc1ccc(S(=O)(=O)NC(=O)NN2CCCCCC2)cc1,OUDSBRTVNLOZBN-UHFFFAOYSA-N,c0ab58a0f0ffcf3eb82a8c3a771596785956b50b0309cd282743731f1de4461c,OUDSBRTVNLOZBN,vLess-DILI-concern,1,https://www.fda.gov/media/113052/download?attachment=,https://pubchem.ncbi.nlm.nih.gov/compound/5503,5503,dilirank_parent_v1,"[""LT00266""]","[""vLess-DILI-concern""]"
LT00267,Quetiapine fumarate,OCCOCCN1CCN(C2=Nc3ccccc3Sc3ccccc32)CC1,URKOMYMAXPYINW-UHFFFAOYSA-N,e76f42851dc93f0f7fc53915a9ea375cf03062cb4207c9dc04b63348f2fd67c5,URKOMYMAXPYINW,vLess-DILI-concern,1,https://www.fda.gov/media/113052/download?attachment=,https://pubchem.ncbi.nlm.nih.gov/compound/5281025,5281025,dilirank_parent_v1,"[""LT00267""]","[""vLess-DILI-concern""]"
LT00277,Atenolol,CC(C)NCC(O)COc1ccc(CC(N)=O)cc1,METKIMKYRPQLGS-UHFFFAOYSA-N,d082df6fe9d31ace930f7059659d50ed5349ee0a875cbbc54f5983f37fc6b2c8,METKIMKYRPQLGS,vLess-DILI-concern,1,https://www.fda.gov/media/113052/download?attachment=,https://pubchem.ncbi.nlm.nih.gov/compound/2249,2249,dilirank_parent_v1,"[""LT00277""]","[""vLess-DILI-concern""]"
LT00278,Benzbromarone,CCc1oc2ccccc2c1C(=O)c1cc(Br)c(O)c(Br)c1,WHQCHUCQKNIQEC-UHFFFAOYSA-N,e670c335d69eb3b8fbe26d674cb37502a7778e89bc1eeec7708ba89d9982d88d,WHQCHUCQKNIQEC,vMost-DILI-concern,1,https://www.fda.gov/media/113052/download?attachment=,https://pubchem.ncbi.nlm.nih.gov/compound/2333,2333,dilirank_parent_v1,"[""LT00278""]","[""vMost-DILI-concern""]"
LT00279,Bromocriptine mesylate,CC(C)C[C@H]1C(=O)N2CCC[C@H]2[C@]2(O)O[C@](NC(=O)[C@@H]3C=C4c5cccc6[nH]c(Br)c(c56)C[C@H]4N(C)C3)(C(C)C)C(=O)N12,OZVBMTJYIDMWIL-AYFBDAFISA-N,5eff1726b0881c472a09b4ddc1b090bb79b608f00c8b1453d5c3ee467a0dcf08,OZVBMTJYIDMWIL,vLess-DILI-concern,1,https://www.fda.gov/media/113052/download?attachment=,https://pubchem.ncbi.nlm.nih.gov/compound/31100,31100,dilirank_parent_v1,"[""LT00279""]","[""vLess-DILI-concern""]"
LT00280,Busulfan,CS(=O)(=O)OCCCCOS(C)(=O)=O,COVZYZSDYWQREU-UHFFFAOYSA-N,4ab0c07a29e0acbddd605ea5fec6720471aa987c5104f842cc6d35747e96821b,COVZYZSDYWQREU,vMost-DILI-concern,1,https://www.fda.gov/media/113052/download?attachment=,https://pubchem.ncbi.nlm.nih.gov/compound/2478,2478,dilirank_parent_v1,"[""LT00280""]","[""vMost-DILI-concern""]"
LT00286,Chlorambucil,O=C(O)CCCc1ccc(N(CCCl)CCCl)cc1,JCKYGMPEJWAADB-UHFFFAOYSA-N,0f0a04e724e68b2bba324fb90d022940391ec8969c93059f645976f5e6ef54e4,JCKYGMPEJWAADB,vLess-DILI-concern,1,https://www.fda.gov/media/113052/download?attachment=,https://pubchem.ncbi.nlm.nih.gov/compound/2708,2708,dilirank_parent_v1,"[""LT00286""]","[""vLess-DILI-concern""]"
LT00287,Clozapine,CN1CCN(C2=Nc3cc(Cl)ccc3Nc3ccccc32)CC1,QZUDBNBUXVUHMW-UHFFFAOYSA-N,3f7d2e515c5a85c5d88cbae7636c1d4444fe1ffbf3373c985e0a79007d1a21a4,QZUDBNBUXVUHMW,vMost-DILI-concern,1,https://www.fda.gov/media/113052/download?attachment=,https://pubchem.ncbi.nlm.nih.gov/compound/135398737,135398737,dilirank_parent_v1,"[""LT00287""]","[""vMost-DILI-concern""]"
LT00288,Dacarbazine,CN(C)/N=N/c1nc[nH]c1C(N)=O,FDKXTQMXEQVLRF-ZHACJKMWSA-N,4c049e54ab680b3ef8a45058e88e08f4021c0b1ec325a6d923f04483c69fdec0,FDKXTQMXEQVLRF,vMost-DILI-concern,1,https://www.fda.gov/media/113052/download?attachment=,https://pubchem.ncbi.nlm.nih.gov/compound/135398738,135398738,dilirank_parent_v1,"[""LT00288""]","[""vMost-DILI-concern""]"
LT00289,Dapsone,Nc1ccc(S(=O)(=O)c2ccc(N)cc2)cc1,MQJKPEGWNLWLTK-UHFFFAOYSA-N,55b03df0e019870f674924e355f79818a900bb73e4e7f6ff79d7d083c1405049,MQJKPEGWNLWLTK,vLess-DILI-concern,1,https://www.fda.gov/media/113052/download?attachment=,https://pubchem.ncbi.nlm.nih.gov/compound/2955,2955,dilirank_parent_v1,"[""LT00289""]","[""vLess-DILI-concern""]"
LT00292,Digoxin,C[C@H]1O[C@@H](O[C@H]2[C@@H](O)C[C@H](O[C@H]3[C@@H](O)C[C@H](O[C@H]4CC[C@@]5(C)[C@H](CC[C@@H]6[C@@H]5C[C@@H](O)[C@]5(C)[C@@H](C7=CC(=O)OC7)CC[C@]65O)C4)O[C@@H]3C)O[C@@H]2C)C[C@H](O)[C@@H]1O,LTMHDMANZUZIPE-PUGKRICDSA-N,3fe21e053455a1e9965b4a886101f116a8038cff4e83a235a80b491340be0146,LTMHDMANZUZIPE,vNo-DILI-concern,0,https://www.fda.gov/media/113052/download?attachment=,https://pubchem.ncbi.nlm.nih.gov/compound/2724385,2724385,dilirank_parent_v1,"[""LT00292""]","[""vNo-DILI-concern""]"
LT00295,Disulfiram,CCN(CC)C(=S)SSC(=S)N(CC)CC,AUZONCFQVSMFAP-UHFFFAOYSA-N,fd5c62aee1b51504ca4e88dd6f2c332ac8fc0e0c07dc0ffc21e794fa44510a3a,AUZONCFQVSMFAP,vMost-DILI-concern,1,https://www.fda.gov/media/113052/download?attachment=,https://pubchem.ncbi.nlm.nih.gov/compound/3117,3117,dilirank_parent_v1,"[""LT00295""]","[""vMost-DILI-concern""]"
LT00296,Enalapril maleate,CCOC(=O)[C@H](CCc1ccccc1)N[C@@H](C)C(=O)N1CCC[C@H]1C(=O)O,GBXSMTUPTTWBMN-XIRDDKMYSA-N,1aaa9f1701fed2800891778350fb31010fb2169e38cd3a6ca719bb1233f60587,GBXSMTUPTTWBMN,vLess-DILI-concern,1,https://www.fda.gov/media/113052/download?attachment=,https://pubchem.ncbi.nlm.nih.gov/compound/5388961,5388961,dilirank_parent_v1,"[""LT00296""]","[""vLess-DILI-concern""]"
LT00298,Flurbiprofen sodium,CC(C(=O)O)c1ccc(-c2ccccc2)c(F)c1,SYTBZMRGLBWNTM-UHFFFAOYSA-N,3b03d866c0d92242ae02b7399a97216b4ca16fd856212f6648a0a6443cf60b5f,SYTBZMRGLBWNTM,vLess-DILI-concern,1,https://www.fda.gov/media/113052/download?attachment=,https://pubchem.ncbi.nlm.nih.gov/compound/23684814,23684814,dilirank_parent_v1,"[""LT00298""]","[""vLess-DILI-concern""]"
LT00300,Gabapentin,NCC1(CC(=O)O)CCCCC1,UGJMXCAKCUNAIE-UHFFFAOYSA-N,0665facfe216de53bd685be6258a542d33d70fb713e9c05280eb430d72d393fd,UGJMXCAKCUNAIE,vLess-DILI-concern,1,https://www.fda.gov/media/113052/download?attachment=,https://pubchem.ncbi.nlm.nih.gov/compound/3446,3446,dilirank_parent_v1,"[""LT00300""]","[""vLess-DILI-concern""]"
LT00302,Glyburide,COc1ccc(Cl)cc1C(=O)NCCc1ccc(S(=O)(=O)NC(=O)NC2CCCCC2)cc1,ZNNLBTZKUZBEKO-UHFFFAOYSA-N,404d2fc133b942a3ceac1c2594549ad49fca3d55a1caf7b6473cc0e9a7f06c5d,ZNNLBTZKUZBEKO,vLess-DILI-concern,1,https://www.fda.gov/media/113052/download?attachment=,https://pubchem.ncbi.nlm.nih.gov/compound/3488,3488,dilirank_parent_v1,"[""LT00302""]","[""vLess-DILI-concern""]"
LT00306,Isoniazid,NNC(=O)c1ccncc1,QRXWMOHMRWLFEY-UHFFFAOYSA-N,6f2c9e5ce8df357f4b0fe4dba031b4c75f0191704a203bf0f39deed9b0d17cce,QRXWMOHMRWLFEY,vMost-DILI-concern,1,https://www.fda.gov/media/113052/download?attachment=,https://pubchem.ncbi.nlm.nih.gov/compound/3767,3767,dilirank_parent_v1,"[""LT00306""]","[""vMost-DILI-concern""]"
LT00307,Lansoprazole,Cc1c(OCC(F)(F)F)ccnc1C[S+]([O-])c1nc2ccccc2[nH]1,MJIHNNLFOKEZEW-UHFFFAOYSA-N,87c503416029788bed508923145463325b357a7231904dceaeb8b418048555a3,MJIHNNLFOKEZEW,vLess-DILI-concern,1,https://www.fda.gov/media/113052/download?attachment=,https://pubchem.ncbi.nlm.nih.gov/compound/3883,3883,dilirank_parent_v1,"[""LT00307""]","[""vLess-DILI-concern""]"
LT00308,Mebendazole,COC(=O)Nc1nc2ccc(C(=O)c3ccccc3)cc2[nH]1,OPXLLQIJSORQAM-UHFFFAOYSA-N,42d66e2672b714a3cb42236403aa8fb31c53c82fee961e5c1571b541f5e618f8,OPXLLQIJSORQAM,vLess-DILI-concern,1,https://www.fda.gov/media/113052/download?attachment=,https://pubchem.ncbi.nlm.nih.gov/compound/4030,4030,dilirank_parent_v1,"[""LT00308""]","[""vLess-DILI-concern""]"
LT00309,Metoprolol tartrate,COCCc1ccc(OCC(O)CNC(C)C)cc1,IUBSYMUCCVWXPE-UHFFFAOYSA-N,ecc4b34c7549aa20f345c7d3a9c1c274688437a6ae868dc32a87285f01dfe1a0,IUBSYMUCCVWXPE,vLess-DILI-concern,1,https://www.fda.gov/media/113052/download?attachment=,https://pubchem.ncbi.nlm.nih.gov/compound/441308,441308,dilirank_parent_v1,"[""LT00309"", ""LT00946""]","[""vLess-DILI-concern"", ""Ambiguous-DILI-concern""]"
LT00312,Niacin,O=C(O)c1cccnc1,PVNIIMVLHYAWGP-UHFFFAOYSA-N,e7fb25af0664b21617702d9f8bab0e81dc22fd6c2f3202c09a7ceafa719e3610,PVNIIMVLHYAWGP,vMost-DILI-concern,1,https://www.fda.gov/media/113052/download?attachment=,https://pubchem.ncbi.nlm.nih.gov/compound/938,938,dilirank_parent_v1,"[""LT00312""]","[""vMost-DILI-concern""]"
LT00313,Nifedipine,COC(=O)C1=C(C)NC(C)=C(C(=O)OC)C1c1ccccc1[N+](=O)[O-],HYIMSNHJOBLJNT-UHFFFAOYSA-N,d92d6b5791b7e59e242983ce808101f4ba1ba11c63ca98e4c361e7003032d53c,HYIMSNHJOBLJNT,vLess-DILI-concern,1,https://www.fda.gov/media/113052/download?attachment=,https://pubchem.ncbi.nlm.nih.gov/compound/4485,4485,dilirank_parent_v1,"[""LT00313""]","[""vLess-DILI-concern""]"
LT00314,Nimesulide,CS(=O)(=O)Nc1ccc([N+](=O)[O-])cc1Oc1ccccc1,HYWYRSMBCFDLJT-UHFFFAOYSA-N,d13184c3a236b021eeb7e2c7486a1888d4c42abc61402a94c9da97cf235814cd,HYWYRSMBCFDLJT,vMost-DILI-concern,1,https://www.fda.gov/media/113052/download?attachment=,https://pubchem.ncbi.nlm.nih.gov/compound/4495,4495,dilirank_parent_v1,"[""LT00314""]","[""vMost-DILI-concern""]"
LT00315,Nizatidine,CNC(=C[N+](=O)[O-])NCCSCc1csc(CN(C)C)n1,SGXXNSQHWDMGGP-UHFFFAOYSA-N,5a39b821b456cd966ceeb5a0ba1d5eb18cb59b7db0a366e5664503207bf7e728,SGXXNSQHWDMGGP,vLess-DILI-concern,1,https://www.fda.gov/media/113052/download?attachment=,https://pubchem.ncbi.nlm.nih.gov/compound/4513,4513,dilirank_parent_v1,"[""LT00315""]","[""vLess-DILI-concern""]"
LT00327,Dextrose,OC[C@H]1OC(O)[C@H](O)[C@@H](O)[C@@H]1O,WQZGKKKJIJFFOK-GASJEMHNSA-N,cb5d4e2a59d8de7fa9646410d95fe229808343f3aa46856d3aa00cafe8bab966,WQZGKKKJIJFFOK,vNo-DILI-concern,0,https://www.fda.gov/media/113052/download?attachment=,https://pubchem.ncbi.nlm.nih.gov/compound/5793,5793,dilirank_parent_v1,"[""LT00327""]","[""vNo-DILI-concern""]"
LT00330,Sodium lactate,CC(O)C(=O)O,JVTAAEKCZFNVCJ-UHFFFAOYSA-N,969b4f8f543b27baa4617e1a3a63a7b7c0648d205725e35b9da2defc08fe612e,JVTAAEKCZFNVCJ,vNo-DILI-concern,0,https://www.fda.gov/media/113052/download?attachment=,https://pubchem.ncbi.nlm.nih.gov/compound/23666456,23666456,dilirank_parent_v1,"[""LT00330""]","[""vNo-DILI-concern""]"
LT00332,Verapamil hydrochloride,COc1ccc(CCN(C)CCCC(C#N)(c2ccc(OC)c(OC)c2)C(C)C)cc1OC,SGTNSNPWRIOYBX-UHFFFAOYSA-N,0274b7b3943e58ddf8b38c4c22b93c7306fd6a7ea227ad62479aeec0bdd5f9df,SGTNSNPWRIOYBX,vLess-DILI-concern,1,https://www.fda.gov/media/113052/download?attachment=,https://pubchem.ncbi.nlm.nih.gov/compound/62969,62969,dilirank_parent_v1,"[""LT00332""]","[""vLess-DILI-concern""]"
LT00335,Doxorubicin hydrochloride,COc1cccc2c1C(=O)c1c(O)c3c(c(O)c1C2=O)C[C@@](O)(C(=O)CO)C[C@@H]3O[C@H]1C[C@H](N)[C@H](O)[C@H](C)O1,AOJJSUZBOXZQNB-TZSSRYMLSA-N,2cfddc31025310105338da899a56e6e0e303eb40ecb549549dc168a68d3ec7f2,AOJJSUZBOXZQNB,vLess-DILI-concern,1,https://www.fda.gov/media/113052/download?attachment=,https://pubchem.ncbi.nlm.nih.gov/compound/443939,443939,dilirank_parent_v1,"[""LT00335""]","[""vLess-DILI-concern""]"
LT00338,Tretinoin,CC1=C(/C=C/C(C)=C/C=C/C(C)=C/C(=O)O)C(C)(C)CCC1,SHGAZHPCJJPHSC-YCNIQYBTSA-N,9d86ffd7aba2f79d97778c04d8628e4a5152cfe279160928558e4a80057f3e8e,SHGAZHPCJJPHSC,vLess-DILI-concern,1,https://www.fda.gov/media/113052/download?attachment=,https://pubchem.ncbi.nlm.nih.gov/compound/444795,444795,dilirank_parent_v1,"[""LT00338""]","[""vLess-DILI-concern""]"
LT00349,Protirelin,NC(=O)[C@@H]1CCCN1C(=O)[C@H](Cc1cnc[nH]1)NC(=O)[C@@H]1CCC(=O)N1,XNSAINXGIQZQOO-SRVKXCTJSA-N,ed5c456870a5a2ff519b060b13f5ff9456c30f09d12e903384a6b212e72b4620,XNSAINXGIQZQOO,vNo-DILI-concern,0,https://www.fda.gov/media/113052/download?attachment=,https://pubchem.ncbi.nlm.nih.gov/compound/638678,638678,dilirank_parent_v1,"[""LT00349""]","[""vNo-DILI-concern""]"
LT00350,Sincalide,CSCC[C@H](NC(=O)[C@H](Cc1ccc(OS(=O)(=O)O)cc1)NC(=O)[C@@H](N)CC(=O)O)C(=O)NCC(=O)N[C@@H](Cc1c[nH]c2ccccc12)C(=O)N[C@@H](CCSC)C(=O)N[C@@H](CC(=O)O)C(=O)N[C@@H](Cc1ccccc1)C(N)=O,IZTQOLKUZKXIRV-YRVFCXMDSA-N,53e7575c72b831523904b465d54d703009bcd00d4eb6d86918b8b584ac13436d,IZTQOLKUZKXIRV,vNo-DILI-concern,0,https://www.fda.gov/media/113052/download?attachment=,https://pubchem.ncbi.nlm.nih.gov/compound/9833444,9833444,dilirank_parent_v1,"[""LT00350""]","[""vNo-DILI-concern""]"
LT00375,Trientine hydrochloride,NCCNCCNCCN,VILCJCGEZXAXTO-UHFFFAOYSA-N,6b45b81371034dce4d047c436018ee80bdcbeca65c3d0ffb2133f87800c42d77,VILCJCGEZXAXTO,vNo-DILI-concern,0,https://www.fda.gov/media/113052/download?attachment=,https://pubchem.ncbi.nlm.nih.gov/compound/71433,71433,dilirank_parent_v1,"[""LT00375""]","[""vNo-DILI-concern""]"
LT00379,Chlorpropamide,CCCNC(=O)NS(=O)(=O)c1ccc(Cl)cc1,RKWGIWYCVPQPMF-UHFFFAOYSA-N,50f90c8fbf36a14e047d6b437929a27c5910c33658c144642c387f6fd148db39,RKWGIWYCVPQPMF,vLess-DILI-concern,1,https://www.fda.gov/media/113052/download?attachment=,https://pubchem.ncbi.nlm.nih.gov/compound/2727,2727,dilirank_parent_v1,"[""LT00379""]","[""vLess-DILI-concern""]"
LT00386,Deferoxamine mesylate,CC(=O)N(O)CCCCCNC(=O)CCC(=O)N(O)CCCCCNC(=O)CCC(=O)N(O)CCCCCN,UBQYURCVBFRUQT-UHFFFAOYSA-N,78896f85a6e24a58b4f60f34c07c192ecf1fb5266f298a595f1506ca8be71dd2,UBQYURCVBFRUQT,vLess-DILI-concern,1,https://www.fda.gov/media/113052/download?attachment=,https://pubchem.ncbi.nlm.nih.gov/compound/62881,62881,dilirank_parent_v1,"[""LT00386""]","[""vLess-DILI-concern""]"
LT00393,Doxycycline,C[C@H]1c2cccc(O)c2C(O)=C2C(=O)[C@]3(O)C(O)=C(C(N)=O)C(=O)[C@@H](N(C)C)[C@@H]3[C@@H](O)[C@@H]21,SGKRLCUYIXIAHR-AKNGSSGZSA-N,fffc62a125bbe7ab6781dd1b128f9eee211dbe1019f7f6dc8ff6d00bdd33a34d,SGKRLCUYIXIAHR,vLess-DILI-concern,1,https://www.fda.gov/media/113052/download?attachment=,https://pubchem.ncbi.nlm.nih.gov/compound/54671203,54671203,dilirank_parent_v1,"[""LT00393""]","[""vLess-DILI-concern""]"
LT00394,Exemestane,C=C1C[C@@H]2[C@H](CC[C@]3(C)C(=O)CC[C@@H]23)[C@@]2(C)C=CC(=O)C=C12,BFYIZQONLCFLEV-DAELLWKTSA-N,983bb042ca9bcdfd365a90455f4121d62c6205842473a2a17a77419310ad1fcc,BFYIZQONLCFLEV,vMost-DILI-concern,1,https://www.fda.gov/media/113052/download?attachment=,https://pubchem.ncbi.nlm.nih.gov/compound/60198,60198,dilirank_parent_v1,"[""LT00394""]","[""vMost-DILI-concern""]"
LT00397,Felodipine,CCOC(=O)C1=C(C)NC(C)=C(C(=O)OC)C1c1cccc(Cl)c1Cl,RZTAMFZIAATZDJ-UHFFFAOYSA-N,019103ad18eaf5501b180fb35e5ffbfe07f63425897b13f6ac7b5a16af2d01e2,RZTAMFZIAATZDJ,vLess-DILI-concern,1,https://www.fda.gov/media/113052/download?attachment=,https://pubchem.ncbi.nlm.nih.gov/compound/3333,3333,dilirank_parent_v1,"[""LT00397""]","[""vLess-DILI-concern""]"
LT00399,Fludrocortisone acetate,CC(=O)OCC(=O)[C@@]1(O)CC[C@H]2[C@@H]3CCC4=CC(=O)CC[C@]4(C)[C@@]3(F)[C@@H](O)C[C@@]21C,SYWHXTATXSMDSB-GSLJADNHSA-N,9ea6dc71cfe0a3c95e26b887cc444970e254fb1a775c16425c0a9c31bbc15e8a,SYWHXTATXSMDSB,vNo-DILI-concern,0,https://www.fda.gov/media/113052/download?attachment=,https://pubchem.ncbi.nlm.nih.gov/compound/225609,225609,dilirank_parent_v1,"[""LT00399""]","[""vNo-DILI-concern""]"
LT00402,Gefitinib,COc1cc2ncnc(Nc3ccc(F)c(Cl)c3)c2cc1OCCCN1CCOCC1,XGALLCVXEZPNRQ-UHFFFAOYSA-N,f91ed72d75aec416d5efb1e84b6874dc4bca4008d0ba08c018d1f1c7f9602780,XGALLCVXEZPNRQ,vMost-DILI-concern,1,https://www.fda.gov/media/113052/download?attachment=,https://pubchem.ncbi.nlm.nih.gov/compound/123631,123631,dilirank_parent_v1,"[""LT00402""]","[""vMost-DILI-concern""]"
LT00414,Mesalamine,Nc1ccc(O)c(C(=O)O)c1,KBOPZPXVLCULAV-UHFFFAOYSA-N,760e7bc4299c152a631bd55600e033e0210301fd71ee06a8a142c808cffde201,KBOPZPXVLCULAV,vLess-DILI-concern,1,https://www.fda.gov/media/113052/download?attachment=,https://pubchem.ncbi.nlm.nih.gov/compound/4075,4075,dilirank_parent_v1,"[""LT00414""]","[""vLess-DILI-concern""]"
LT00416,Minocycline hydrochloride,CN(C)c1ccc(O)c2c1C[C@H]1C[C@H]3[C@H](N(C)C)C(=O)C(C(N)=O)=C(O)[C@@]3(O)C(=O)C1=C2O,FFTVPQUHLQBXQZ-KVUCHLLUSA-N,d6d9a30997b7b9e2649381aa7ce863d2bde906787d1634cde76cc8fd32f4c608,FFTVPQUHLQBXQZ,vMost-DILI-concern,1,https://www.fda.gov/media/113052/download?attachment=,https://pubchem.ncbi.nlm.nih.gov/compound/54685925,54685925,dilirank_parent_v1,"[""LT00416""]","[""vMost-DILI-concern""]"
LT00419,Ioversol,O=C(NCC(O)CO)c1c(I)c(C(=O)NCC(O)CO)c(I)c(N(CCO)C(=O)CO)c1I,AMDBBAQNWSUWGN-UHFFFAOYSA-N,5a3d2c6f1800fe7f07a03e3f3b33d10086eaae0f2f7bb9fb0fd6b8a06c67e1c7,AMDBBAQNWSUWGN,vNo-DILI-concern,0,https://www.fda.gov/media/113052/download?attachment=,https://pubchem.ncbi.nlm.nih.gov/compound/3741,3741,dilirank_parent_v1,"[""LT00419""]","[""vNo-DILI-concern""]"
LT00429,Oxaprozin,O=C(O)CCc1nc(-c2ccccc2)c(-c2ccccc2)o1,OFPXSFXSNFPTHF-UHFFFAOYSA-N,e57fb0ba4edc6a0afd4b3fa3a9ad92c2e3f7b2dada06073a87fd8b76debd2198,OFPXSFXSNFPTHF,vLess-DILI-concern,1,https://www.fda.gov/media/113052/download?attachment=,https://pubchem.ncbi.nlm.nih.gov/compound/4614,4614,dilirank_parent_v1,"[""LT00429""]","[""vLess-DILI-concern""]"
LT00430,Paclitaxel,CC(=O)O[C@H]1C(=O)[C@@]2(C)[C@H]([C@H](OC(=O)c3ccccc3)[C@]3(O)C[C@H](OC(=O)[C@H](O)[C@@H](NC(=O)c4ccccc4)c4ccccc4)C(C)=C1C3(C)C)[C@]1(OC(C)=O)CO[C@@H]1C[C@@H]2O,RCINICONZNJXQF-MZXODVADSA-N,ca7885e4b23e3e83bf0039abe00cf49e903b0ae55914cec1e5a9b1d108714bc3,RCINICONZNJXQF,vLess-DILI-concern,1,https://www.fda.gov/media/113052/download?attachment=,https://pubchem.ncbi.nlm.nih.gov/compound/36314,36314,dilirank_parent_v1,"[""LT00430""]","[""vLess-DILI-concern""]"
LT00433,Phentolamine mesylate,Cc1ccc(N(CC2=NCCN2)c2cccc(O)c2)cc1,MRBDMNSDAVCSSF-UHFFFAOYSA-N,104f928a300a27cdb2de484eab3c6a72298ba9484cd61194ed0f608f0f0b92f9,MRBDMNSDAVCSSF,vNo-DILI-concern,0,https://www.fda.gov/media/113052/download?attachment=,https://pubchem.ncbi.nlm.nih.gov/compound/91430,91430,dilirank_parent_v1,"[""LT00433""]","[""vNo-DILI-concern""]"
LT00437,Prochlorperazine maleate,CN1CCN(CCCN2c3ccccc3Sc3ccc(Cl)cc32)CC1,WIKYUJGCLQQFNW-UHFFFAOYSA-N,c33064099745b56c3aaea3b94d2fc3052c50634684c36f5a56d75d9cf4d9730c,WIKYUJGCLQQFNW,vLess-DILI-concern,1,https://www.fda.gov/media/113052/download?attachment=,https://pubchem.ncbi.nlm.nih.gov/compound/5281032,5281032,dilirank_parent_v1,"[""LT00437""]","[""vLess-DILI-concern""]"
LT00443,Sirolimus,CO[C@H]1C[C@@H]2CC[C@@H](C)[C@@](O)(O2)C(=O)C(=O)N2CCCC[C@H]2C(=O)O[C@H]([C@H](C)C[C@@H]2CC[C@@H](O)[C@H](OC)C2)CC(=O)[C@H](C)/C=C(\C)[C@@H](O)[C@@H](OC)C(=O)[C@H](C)C[C@H](C)/C=C/C=C/C=C/1C,QFJCIRLUMZQUOT-HPLJOQBZSA-N,8289aa33c6b7d0180791e8fdc18eb7e7557d1ab923d66c48a1d3666639c7c90b,QFJCIRLUMZQUOT,vLess-DILI-concern,1,https://www.fda.gov/media/113052/download?attachment=,https://pubchem.ncbi.nlm.nih.gov/compound/5284616,5284616,dilirank_parent_v1,"[""LT00443""]","[""vLess-DILI-concern""]"
LT00448,Tacrolimus,C=CC[C@@H]1/C=C(\C)C[C@H](C)C[C@H](OC)[C@H]2O[C@@](O)(C(=O)C(=O)N3CCCC[C@H]3C(=O)O[C@H](/C(C)=C/[C@@H]3CC[C@@H](O)[C@H](OC)C3)[C@H](C)[C@@H](O)CC1=O)[C@H](C)C[C@@H]2OC,QJJXYPPXXYFBGM-LFZNUXCKSA-N,8c9addd985498adb697b8d56f11503cf2b54f6f7e43d33123834dad2bb0d9aec,QJJXYPPXXYFBGM,vLess-DILI-concern,1,https://www.fda.gov/media/113052/download?attachment=,https://pubchem.ncbi.nlm.nih.gov/compound/445643,445643,dilirank_parent_v1,"[""LT00448""]","[""vLess-DILI-concern""]"
LT00450,Thalidomide,O=C1CCC(N2C(=O)c3ccccc3C2=O)C(=O)N1,UEJJHQNACJXSKW-UHFFFAOYSA-N,b526fa7899a8b6c2f4ea098ffa1688e235b4593c8b2ede6f4d8d91a23c2d1be4,UEJJHQNACJXSKW,vLess-DILI-concern,1,https://www.fda.gov/media/113052/download?attachment=,https://pubchem.ncbi.nlm.nih.gov/compound/5426,5426,dilirank_parent_v1,"[""LT00450""]","[""vLess-DILI-concern""]"
LT00451,Thioridazine hydrochloride,CSc1ccc2c(c1)N(CCC1CCCCN1C)c1ccccc1S2,KLBQZWRITKRQQV-UHFFFAOYSA-N,852c11768c6b246cf3e15da21648e821200a6aba3857c9c03bd4e049ff207e20,KLBQZWRITKRQQV,vLess-DILI-concern,1,https://www.fda.gov/media/113052/download?attachment=,https://pubchem.ncbi.nlm.nih.gov/compound/66062,66062,dilirank_parent_v1,"[""LT00451""]","[""vLess-DILI-concern""]"
LT00452,Thioguanine,Nc1nc(=S)c2[nH]cnc2[nH]1,WYWHKKSPHMUBEB-UHFFFAOYSA-N,4fbe210693f98c0ab8b7f403ec2990005e77e6b572be3c9bfeaedd1d08a20adb,WYWHKKSPHMUBEB,vLess-DILI-concern,1,https://www.fda.gov/media/113052/download?attachment=,https://pubchem.ncbi.nlm.nih.gov/compound/2723601,2723601,dilirank_parent_v1,"[""LT00452""]","[""vLess-DILI-concern""]"
LT00455,Topiramate,CC1(C)O[C@@H]2[C@@H](CO[C@@]3(COS(N)(=O)=O)OC(C)(C)O[C@@H]23)O1,KJADKKWYZYXHBB-XBWDGYHZSA-N,4a018ecf83258f608790d1b3336a3dca06f941d64f49694e63a57cdb6fe18d84,KJADKKWYZYXHBB,vLess-DILI-concern,1,https://www.fda.gov/media/113052/download?attachment=,https://pubchem.ncbi.nlm.nih.gov/compound/5284627,5284627,dilirank_parent_v1,"[""LT00455""]","[""vLess-DILI-concern""]"
LT00457,Trifluoperazine hydrochloride,CN1CCN(CCCN2c3ccccc3Sc3ccc(C(F)(F)F)cc32)CC1,ZEWQUBUPAILYHI-UHFFFAOYSA-N,993e5de48b72c357b6273addc70b8ce797cfa821a350905daab35d44a7736e36,ZEWQUBUPAILYHI,vLess-DILI-concern,1,https://www.fda.gov/media/113052/download?attachment=,https://pubchem.ncbi.nlm.nih.gov/compound/66064,66064,dilirank_parent_v1,"[""LT00457""]","[""vLess-DILI-concern""]"
LT00461,Alatrofloxacin mesylate,C[C@H](N)C(=O)N[C@@H](C)C(=O)NC1[C@H]2CN(c3nc4c(cc3F)c(=O)c(C(=O)O)cn4-c3ccc(F)cc3F)C[C@@H]12,UUZPPAMZDFLUHD-LZGARRQBSA-N,b66de58b44c728de57f60573dabca29b7bb536ce09876cf778a1cdf114d62fc0,UUZPPAMZDFLUHD,vMost-DILI-concern,1,https://www.fda.gov/media/113052/download?attachment=,https://pubchem.ncbi.nlm.nih.gov/compound/5282517,5282517,dilirank_parent_v1,"[""LT00461""]","[""vMost-DILI-concern""]"
LT00462,Vorinostat,O=C(CCCCCCC(=O)Nc1ccccc1)NO,WAEXFXRVDQXREF-UHFFFAOYSA-N,d66cbdc868d601ec683c97149688a3f016ce00abd2cc55a9fabc52595d849de1,WAEXFXRVDQXREF,vNo-DILI-concern,0,https://www.fda.gov/media/113052/download?attachment=,https://pubchem.ncbi.nlm.nih.gov/compound/5311,5311,dilirank_parent_v1,"[""LT00462""]","[""vNo-DILI-concern""]"
LT00478,Methylprednisolone,C[C@H]1C[C@@H]2[C@H]([C@@H](O)C[C@@]3(C)[C@H]2CC[C@]3(O)C(=O)CO)[C@@]2(C)C=CC(=O)C=C12,VHRSUDSXCMQTMA-PJHHCJLFSA-N,edf7830e8895e0668772fbf0f8d1e0e5353a9f40ba1b2ca02ab61c2654a27e9b,VHRSUDSXCMQTMA,vLess-DILI-concern,1,https://www.fda.gov/media/113052/download?attachment=,https://pubchem.ncbi.nlm.nih.gov/compound/6741,6741,dilirank_parent_v1,"[""LT00478""]","[""vLess-DILI-concern""]"
LT00480,Sodium oxybate,O=C(O)CCCO,SJZRECIVHVDYJC-UHFFFAOYSA-N,8848c7a4a4d3b5ef1eea70dc97f6f0f43affa89b3fe44db2a9bf7b235bfe4d04,SJZRECIVHVDYJC,vNo-DILI-concern,0,https://www.fda.gov/media/113052/download?attachment=,https://pubchem.ncbi.nlm.nih.gov/compound/23663870,23663870,dilirank_parent_v1,"[""LT00480""]","[""vNo-DILI-concern""]"
LT00486,Polidocanol,CCCCCCCCCCCCOCCOCCOCCOCCOCCOCCOCCOCCOCCO,ONJQDTZCDSESIW-UHFFFAOYSA-N,0be8cb32c8812263227ebe6a6753d5f0daa6751b7b50065c10c88d89ce2d23e7,ONJQDTZCDSESIW,vNo-DILI-concern,0,https://www.fda.gov/media/113052/download?attachment=,https://pubchem.ncbi.nlm.nih.gov/compound/656641,656641,dilirank_parent_v1,"[""LT00486""]","[""vNo-DILI-concern""]"
LT00488,Penicillamine,CC(C)(S)[C@@H](N)C(=O)O,VVNCNSJFMMFHPL-VKHMYHEASA-N,8e48c98fdf684b386a1951d78894f73c19eb092316b17e0e9d33801da71abc28,VVNCNSJFMMFHPL,vLess-DILI-concern,1,https://www.fda.gov/media/113052/download?attachment=,https://pubchem.ncbi.nlm.nih.gov/compound/5852,5852,dilirank_parent_v1,"[""LT00488""]","[""vLess-DILI-concern""]"
LT00498,Acetazolamide,CC(=O)Nc1nnc(S(N)(=O)=O)s1,BZKPWHYZMXOIDC-UHFFFAOYSA-N,c0680464d8f7ffd0c10be7b52c47519af269f0f23c3c13097582d369bc9d00f8,BZKPWHYZMXOIDC,vMost-DILI-concern,1,https://www.fda.gov/media/113052/download?attachment=,https://pubchem.ncbi.nlm.nih.gov/compound/1986,1986,dilirank_parent_v1,"[""LT00498""]","[""vMost-DILI-concern""]"
LT00499,Albendazole,CCCSc1ccc2nc(NC(=O)OC)[nH]c2c1,HXHWSAZORRCQMX-UHFFFAOYSA-N,a3aa7b313a4d2a914ae9ac13f7af936cc8cd60b159d56d9ffc89a32472d1331e,HXHWSAZORRCQMX,vMost-DILI-concern,1,https://www.fda.gov/media/113052/download?attachment=,https://pubchem.ncbi.nlm.nih.gov/compound/2082,2082,dilirank_parent_v1,"[""LT00499""]","[""vMost-DILI-concern""]"
LT00501,Alprazolam,Cc1nnc2n1-c1ccc(Cl)cc1C(c1ccccc1)=NC2,VREFGVBLTWBCJP-UHFFFAOYSA-N,ad9ac3725532bcb408e2cd65c7fc371daa0f99614378df983bcf1e86a2da8759,VREFGVBLTWBCJP,vLess-DILI-concern,1,https://www.fda.gov/media/113052/download?attachment=,https://pubchem.ncbi.nlm.nih.gov/compound/2118,2118,dilirank_parent_v1,"[""LT00501""]","[""vLess-DILI-concern""]"
LT00505,Aminosalicylic acid ,Nc1ccc(C(=O)O)c(O)c1,WUBBRNOQWQTFEX-UHFFFAOYSA-N,473a01c5b79cba1e359a5745318a845f9c894a236d45726484ed606e89473c63,WUBBRNOQWQTFEX,vMOST-DILI-concern,1,https://www.fda.gov/media/113052/download?attachment=,https://pubchem.ncbi.nlm.nih.gov/compound/4649,4649,dilirank_parent_v1,"[""LT00505""]","[""vMOST-DILI-concern""]"
LT00507,Amoxicillin,CC1(C)S[C@@H]2[C@H](NC(=O)[C@H](N)c3ccc(O)cc3)C(=O)N2[C@H]1C(=O)O,LSQZJLSUYDQPKJ-NJBDSQKTSA-N,199307d2cc4f26deefd2fb090b3b81ef08fb0b2eb5517a127926813e5d21c9d6,LSQZJLSUYDQPKJ,vLess-DILI-concern,1,https://www.fda.gov/media/113052/download?attachment=,https://pubchem.ncbi.nlm.nih.gov/compound/33613,33613,dilirank_parent_v1,"[""LT00507""]","[""vLess-DILI-concern""]"
LT00511,Atropine,CN1[C@@H]2CC[C@H]1CC(OC(=O)C(CO)c1ccccc1)C2,RKUNBYITZUJHSG-PJPHBNEVSA-N,acf67117cb01c53342b9bab64a706b2ed22e3fcd77ea24cd3d67b1b14244d629,RKUNBYITZUJHSG,vNo-DILI-concern,0,https://www.fda.gov/media/113052/download?attachment=,https://pubchem.ncbi.nlm.nih.gov/compound/174174,174174,dilirank_parent_v1,"[""LT00511""]","[""vNo-DILI-concern""]"
LT00513,Benoxaprofen,CC(C(=O)O)c1ccc2oc(-c3ccc(Cl)cc3)nc2c1,MITFXPHMIHQXPI-UHFFFAOYSA-N,7d876504a5c7ca145b8862b7bca53581b0061654d677e02d14aa100077ae2941,MITFXPHMIHQXPI,vMost-DILI-concern,1,https://www.fda.gov/media/113052/download?attachment=,https://pubchem.ncbi.nlm.nih.gov/compound/39941,39941,dilirank_parent_v1,"[""LT00513""]","[""vMost-DILI-concern""]"
LT00516,Trospium chloride,O=C(OC1C[C@H]2CC[C@@H](C1)[N+]21CCCC1)C(O)(c1ccccc1)c1ccccc1,OYYDSUSKLWTMMQ-AIZNXBIQSA-N,2dcb69a055c9daef82a4460235583687307e05000f1bfc72cca93928401fa4a4,OYYDSUSKLWTMMQ,vNo-DILI-concern,0,https://www.fda.gov/media/113052/download?attachment=,https://pubchem.ncbi.nlm.nih.gov/compound/5284631,5284631,dilirank_parent_v1,"[""LT00516""]","[""vNo-DILI-concern""]"
LT00519,Bromfenac sodium,Nc1c(CC(=O)O)cccc1C(=O)c1ccc(Br)cc1,ZBPLOVFIXSTCRZ-UHFFFAOYSA-N,02e66c5c3d86d495c5f7aca9c0680c1cb8de4ef6ce42933ebde140a4a80a6946,ZBPLOVFIXSTCRZ,vMost-DILI-concern,1,https://www.fda.gov/media/113052/download?attachment=,https://pubchem.ncbi.nlm.nih.gov/compound/11954316,11954316,dilirank_parent_v1,"[""LT00519""]","[""vMost-DILI-concern""]"
LT00532,Clonazepam,O=C1CN=C(c2ccccc2Cl)c2cc([N+](=O)[O-])ccc2N1,DGBIGWXXNGSACT-UHFFFAOYSA-N,ec72dc3e91857dfca2b0054bd45d3af149ef712833d4f137a1a75b02099712cd,DGBIGWXXNGSACT,vLess-DILI-concern,1,https://www.fda.gov/media/113052/download?attachment=,https://pubchem.ncbi.nlm.nih.gov/compound/2802,2802,dilirank_parent_v1,"[""LT00532""]","[""vLess-DILI-concern""]"
LT00539,Danazol,C#C[C@]1(O)CC[C@H]2[C@@H]3CCC4=Cc5oncc5C[C@]4(C)[C@H]3CC[C@@]21C,POZRVZJJTULAOH-LHZXLZLDSA-N,6354428043cc09f187942b94efa948c366cd319c890f5b8149eed50480901f70,POZRVZJJTULAOH,vMost-DILI-concern,1,https://www.fda.gov/media/113052/download?attachment=,https://pubchem.ncbi.nlm.nih.gov/compound/28417,28417,dilirank_parent_v1,"[""LT00539""]","[""vMost-DILI-concern""]"
LT00540,Daunorubicin hydrochloride,COc1cccc2c1C(=O)c1c(O)c3c(c(O)c1C2=O)C[C@@](O)(C(C)=O)C[C@@H]3O[C@H]1C[C@H](N)[C@H](O)[C@H](C)O1,STQGQHZAVUOBTE-VGBVRHCVSA-N,9f0ac559d3ba5cfd78fa237b6973fe23775a8e92a22bc546ad26eef9ea9e1746,STQGQHZAVUOBTE,vNo-DILI-concern,0,https://www.fda.gov/media/113052/download?attachment=,https://pubchem.ncbi.nlm.nih.gov/compound/62770,62770,dilirank_parent_v1,"[""LT00540""]","[""vNo-DILI-concern""]"
LT00547,Doxapram hydrochloride,CCN1CC(CCN2CCOCC2)C(c2ccccc2)(c2ccccc2)C1=O,XFDJYSQDBULQSI-UHFFFAOYSA-N,3030492ea03c0557691f1e14fa4ed653310aeeac7a2508ec7611b52afaa9cc49,XFDJYSQDBULQSI,vNo-DILI-concern,0,https://www.fda.gov/media/113052/download?attachment=,https://pubchem.ncbi.nlm.nih.gov/compound/64648,64648,dilirank_parent_v1,"[""LT00547""]","[""vNo-DILI-concern""]"
LT00554,Febuxostat,Cc1nc(-c2ccc(OCC(C)C)c(C#N)c2)sc1C(=O)O,BQSJTQLCZDPROO-UHFFFAOYSA-N,f97ac52ccfb3ba559b39d3460c0dee6a55b69cca1e0e53c77de28741581b6f3d,BQSJTQLCZDPROO,vMost-DILI-concern,1,https://www.fda.gov/media/113052/download?attachment=,https://pubchem.ncbi.nlm.nih.gov/compound/134018,134018,dilirank_parent_v1,"[""LT00554""]","[""vMost-DILI-concern""]"
LT00558,Griseofulvin,COC1=CC(=O)C[C@@H](C)[C@]12Oc1c(Cl)c(OC)cc(OC)c1C2=O,DDUHZTYCFQRHIY-RBHXEPJQSA-N,cf4495661fda839b539847d1d0f025f854e686e57c08da724bc5f1872398c7cb,DDUHZTYCFQRHIY,vMost-DILI-concern,1,https://www.fda.gov/media/113052/download?attachment=,https://pubchem.ncbi.nlm.nih.gov/compound/441140,441140,dilirank_parent_v1,"[""LT00558""]","[""vMost-DILI-concern""]"
LT00559,Hydralazine hydrochloride,NNc1nncc2ccccc12,RPTUSVTUFVMDQK-UHFFFAOYSA-N,6495f6d892b5398ca39150e71fd12e9627e246f3bcd8f66e24b5789df3cf2c83,RPTUSVTUFVMDQK,vLess-DILI-concern,1,https://www.fda.gov/media/113052/download?attachment=,https://pubchem.ncbi.nlm.nih.gov/compound/9351,9351,dilirank_parent_v1,"[""LT00559""]","[""vLess-DILI-concern""]"
LT00560,Ibufenac,CC(C)Cc1ccc(CC(=O)O)cc1,CYWFCPPBTWOZSF-UHFFFAOYSA-N,67961b097c0f310468fb1fc4dd39e8f3135de89355f62d71984ae3b659168c34,CYWFCPPBTWOZSF,vMost-DILI-concern,1,https://www.fda.gov/media/113052/download?attachment=,https://pubchem.ncbi.nlm.nih.gov/compound/15250,15250,dilirank_parent_v1,"[""LT00560""]","[""vMost-DILI-concern""]"
LT00562,Ifosfamide,O=P1(NCCCl)OCCCN1CCCl,HOMGKSMUEGBAAB-UHFFFAOYSA-N,a8abec35e3839cb3aa66a1106fb541c625c608c560a2b28ca40f828d7cd79388,HOMGKSMUEGBAAB,vLess-DILI-concern,1,https://www.fda.gov/media/113052/download?attachment=,https://pubchem.ncbi.nlm.nih.gov/compound/3690,3690,dilirank_parent_v1,"[""LT00562""]","[""vLess-DILI-concern""]"
LT00563,Deferasirox,O=C(O)c1ccc(-n2nc(-c3ccccc3O)nc2-c2ccccc2O)cc1,BOFQWVMAQOTZIW-UHFFFAOYSA-N,aa3b768ea688a623aa743197ae2a9c2a6ef5c6eb4247e175fd5736175b13e584,BOFQWVMAQOTZIW,vMost-DILI-concern,1,https://www.fda.gov/media/113052/download?attachment=,https://pubchem.ncbi.nlm.nih.gov/compound/214348,214348,dilirank_parent_v1,"[""LT00563""]","[""vMost-DILI-concern""]"
LT00569,Lamivudine,Nc1ccn([C@@H]2CS[C@H](CO)O2)c(=O)n1,JTEGQNOMFQHVDC-NKWVEPMBSA-N,fc185e145af4b939bebf73415a4166becdf24f5debb177b64c89b31f5dafb850,JTEGQNOMFQHVDC,vLess-DILI-concern,1,https://www.fda.gov/media/113052/download?attachment=,https://pubchem.ncbi.nlm.nih.gov/compound/60825,60825,dilirank_parent_v1,"[""LT00569""]","[""vLess-DILI-concern""]"
LT00570,Methylnaltrexone bromide,C[N+]1(CC2CC2)CC[C@]23c4c5ccc(O)c4O[C@H]2C(=O)CC[C@@]3(O)[C@H]1C5,JVLBPIPGETUEET-GAAHOAFPSA-O,262e33a8791c046d84489d51d5aaa22dc08f807aab0353ab21b9b9efdf195797,JVLBPIPGETUEET,vNo-DILI-concern,0,https://www.fda.gov/media/113052/download?attachment=,https://pubchem.ncbi.nlm.nih.gov/compound/5361917,5361917,dilirank_parent_v1,"[""LT00570""]","[""vNo-DILI-concern""]"
LT00572,Letrozole,N#Cc1ccc(C(c2ccc(C#N)cc2)n2cncn2)cc1,HPJKCIUCZWXJDR-UHFFFAOYSA-N,d79f9a82a6ec181b1e57b8696c0e4b132cfa13a6e9aeb0e39167146cb3ed7309,HPJKCIUCZWXJDR,vLess-DILI-concern,1,https://www.fda.gov/media/113052/download?attachment=,https://pubchem.ncbi.nlm.nih.gov/compound/3902,3902,dilirank_parent_v1,"[""LT00572""]","[""vLess-DILI-concern""]"
LT00573,Desvenlafaxine succinate,CN(C)CC(c1ccc(O)cc1)C1(O)CCCCC1,KYYIDSXMWOZKMP-UHFFFAOYSA-N,a841bb6a862c161a1151ca916f9801b2c8e394fa04058776a20e479cdaf49b73,KYYIDSXMWOZKMP,vLess-DILI-concern,1,https://www.fda.gov/media/113052/download?attachment=,https://pubchem.ncbi.nlm.nih.gov/compound/6918664,6918664,dilirank_parent_v1,"[""LT00573""]","[""vLess-DILI-concern""]"
LT00575,Lomustine,O=NN(CCCl)C(=O)NC1CCCCC1,GQYIWUVLTXOXAJ-UHFFFAOYSA-N,fe532098f4dc611bdc416bf5c7a0b61fb5e79d4ae64a07ee117fd426a2485db6,GQYIWUVLTXOXAJ,vLess-DILI-concern,1,https://www.fda.gov/media/113052/download?attachment=,https://pubchem.ncbi.nlm.nih.gov/compound/3950,3950,dilirank_parent_v1,"[""LT00575""]","[""vLess-DILI-concern""]"
LT00576,Lovastatin,CC[C@H](C)C(=O)O[C@H]1C[C@@H](C)C=C2C=C[C@H](C)[C@H](CC[C@@H]3C[C@@H](O)CC(=O)O3)[C@H]21,PCZOHLXUXFIOCF-BXMDZJJMSA-N,b9b9cba04e552b29d994a5e98d944fdcbf9481dd9d6b95ecbafcd9998a9f131b,PCZOHLXUXFIOCF,vLess-DILI-concern,1,https://www.fda.gov/media/113052/download?attachment=,https://pubchem.ncbi.nlm.nih.gov/compound/53232,53232,dilirank_parent_v1,"[""LT00576""]","[""vLess-DILI-concern""]"
LT00580,Methimazole,Cn1cc[nH]c1=S,PMRYVIKBURPHAH-UHFFFAOYSA-N,05285c4b5120646040257c4f25d3e3feb1a448b4e7ac6aace7d6f2baf1367143,PMRYVIKBURPHAH,vMost-DILI-concern,1,https://www.fda.gov/media/113052/download?attachment=,https://pubchem.ncbi.nlm.nih.gov/compound/1349907,1349907,dilirank_parent_v1,"[""LT00580""]","[""vMost-DILI-concern""]"
LT00584,Metronidazole,Cc1ncc([N+](=O)[O-])n1CCO,VAOCPAMSLUNLGC-UHFFFAOYSA-N,8ac30493cf445c3b037738d9314e4a04bd8e1074f79f36b9f8f870df54f144ac,VAOCPAMSLUNLGC,vLess-DILI-concern,1,https://www.fda.gov/media/113052/download?attachment=,https://pubchem.ncbi.nlm.nih.gov/compound/4173,4173,dilirank_parent_v1,"[""LT00584""]","[""vLess-DILI-concern""]"
LT00587,Minoxidil,N=c1nc(N2CCCCC2)cc(N)n1O,ZIMGGGWCDYVHOY-UHFFFAOYSA-N,1ae1d7bd7dfbfe3582e93305a2d14511fb8c3b458a67ae6bf8b6ff4ed6211a3c,ZIMGGGWCDYVHOY,vNo-DILI-concern,0,https://www.fda.gov/media/113052/download?attachment=,https://pubchem.ncbi.nlm.nih.gov/compound/4201,4201,dilirank_parent_v1,"[""LT00587""]","[""vNo-DILI-concern""]"
LT00588,Mitomycin,CO[C@@]12[C@H](COC(N)=O)C3=C(C(=O)C(C)=C(N)C3=O)N1C[C@@H]1N[C@@H]12,NWIBSHFKIJFRCO-WUDYKRTCSA-N,857348a4dfc58a01553e3a0f8d7771ab824992d0575d0648bee102500a6e4b9d,NWIBSHFKIJFRCO,vLess-DILI-concern,1,https://www.fda.gov/media/113052/download?attachment=,https://pubchem.ncbi.nlm.nih.gov/compound/5746,5746,dilirank_parent_v1,"[""LT00588""]","[""vLess-DILI-concern""]"
LT00589,Modafinil,NC(=O)C[S+]([O-])C(c1ccccc1)c1ccccc1,YFGHCGITMMYXAQ-UHFFFAOYSA-N,2c10e615dc9c12d7915297606f81b6e3be380059d9d3bfbc51039933aa591488,YFGHCGITMMYXAQ,vLess-DILI-concern,1,https://www.fda.gov/media/113052/download?attachment=,https://pubchem.ncbi.nlm.nih.gov/compound/4236,4236,dilirank_parent_v1,"[""LT00589""]","[""vLess-DILI-concern""]"
LT00590,Fesoterodine fumarate,CC(C)C(=O)Oc1ccc(CO)cc1[C@H](CCN(C(C)C)C(C)C)c1ccccc1,DCCSDBARQIPTGU-HSZRJFAPSA-N,5e75659d7fdf6ad64704b2c281d2fa78436c0129bb61d8acd304396eeafeb303,DCCSDBARQIPTGU,vNo-DILI-concern,0,https://www.fda.gov/media/113052/download?attachment=,https://pubchem.ncbi.nlm.nih.gov/compound/9849808,9849808,dilirank_parent_v1,"[""LT00590""]","[""vNo-DILI-concern""]"
LT00592,Naloxone hydrochloride,C=CCN1CC[C@]23c4c5ccc(O)c4O[C@H]2C(=O)CC[C@@]3(O)[C@H]1C5,UZHSEJADLWPNLE-GRGSLBFTSA-N,597730e8c51c3d71cee2ce1cca7e8ee7bdd3b38a15e7407f4f0279f6bf54a1c3,UZHSEJADLWPNLE,vNo-DILI-concern,0,https://www.fda.gov/media/113052/download?attachment=,https://pubchem.ncbi.nlm.nih.gov/compound/5464092,5464092,dilirank_parent_v1,"[""LT00592""]","[""vNo-DILI-concern""]"
LT00593,Naproxen,COc1ccc2cc([C@H](C)C(=O)O)ccc2c1,CMWTZPSULFXXJA-VIFPVBQESA-N,5d3972b409788808ad6bc410d12d073972010be9b1575063fb855fed629ad90d,CMWTZPSULFXXJA,vLess-DILI-concern,1,https://www.fda.gov/media/113052/download?attachment=,https://pubchem.ncbi.nlm.nih.gov/compound/156391,156391,dilirank_parent_v1,"[""LT00593""]","[""vLess-DILI-concern""]"
LT00595,Neomycin sulfate,NC[C@@H]1O[C@H](O[C@H]2[C@@H](O)[C@H](O[C@@H]3[C@@H](O)[C@H](N)C[C@H](N)[C@H]3O[C@H]3O[C@H](CN)[C@@H](O)[C@H](O)[C@H]3N)O[C@@H]2CO)[C@H](N)[C@@H](O)[C@@H]1O,PGBHMTALBVVCIT-VCIWKGPPSA-N,78cacc48e5c8ee03ddf9dc2309e05a15a844fad86ce97791bb1595e89146168a,PGBHMTALBVVCIT,vNo-DILI-concern,0,https://www.fda.gov/media/113052/download?attachment=,https://pubchem.ncbi.nlm.nih.gov/compound/197162,197162,dilirank_parent_v1,"[""LT00595""]","[""vNo-DILI-concern""]"
LT00600,Levocetirizine dihydrochloride,O=C(O)COCCN1CCN([C@H](c2ccccc2)c2ccc(Cl)cc2)CC1,ZKLPARSLTMPFCP-OAQYLSRUSA-N,99d4191cbdd0a8eece3a0bc51f1b86b05100253f8046938f4e6ee63a0d242320,ZKLPARSLTMPFCP,vLess-DILI-concern,1,https://www.fda.gov/media/113052/download?attachment=,https://pubchem.ncbi.nlm.nih.gov/compound/9955977,9955977,dilirank_parent_v1,"[""LT00600""]","[""vLess-DILI-concern""]"
LT00606,Pantoprazole sodium,COc1ccnc(C[S+]([O-])c2nc3cc(OC(F)F)ccc3[nH]2)c1OC,IQPSEEYGBUAQFF-UHFFFAOYSA-N,91aca42dbc9c4e3099eaf2950d99a2eda3d64f91bacfb9efe5358be42bc96398,IQPSEEYGBUAQFF,vLess-DILI-concern,1,https://www.fda.gov/media/113052/download?attachment=,https://pubchem.ncbi.nlm.nih.gov/compound/15008962,15008962,dilirank_parent_v1,"[""LT00606""]","[""vLess-DILI-concern""]"
LT00607,Nilotinib hydrochloride,Cc1cn(-c2cc(NC(=O)c3ccc(C)c(Nc4nccc(-c5cccnc5)n4)c3)cc(C(F)(F)F)c2)cn1,HHZIURLSWUIHRB-UHFFFAOYSA-N,649918665df879f51b6fb956254779ede685008b231aafd52e482f9d536b526e,HHZIURLSWUIHRB,vMost-DILI-concern,1,https://www.fda.gov/media/113052/download?attachment=,https://pubchem.ncbi.nlm.nih.gov/compound/16006490,16006490,dilirank_parent_v1,"[""LT00607""]","[""vMost-DILI-concern""]"
LT00612,Prednisolone,C[C@]12C=CC(=O)C=C1CC[C@@H]1[C@@H]2[C@@H](O)C[C@@]2(C)[C@H]1CC[C@]2(O)C(=O)CO,OIGNJSKKLXVSLS-VWUMJDOOSA-N,08bc8dee9985e6c63f96cdedfd5bc2bfb07fa868c4485926fb7df1501831b9db,OIGNJSKKLXVSLS,vLess-DILI-concern,1,https://www.fda.gov/media/113052/download?attachment=,https://pubchem.ncbi.nlm.nih.gov/compound/5755,5755,dilirank_parent_v1,"[""LT00612""]","[""vLess-DILI-concern""]"
LT00613,Primaquine phosphate,COc1cc(NC(C)CCCN)c2ncccc2c1,INDBQLZJXZLFIT-UHFFFAOYSA-N,cd2e48ed3e48bbd0ba5aab698fee40eb4b576d72065367cf8778984ffc5bcc2e,INDBQLZJXZLFIT,vNo-DILI-concern,0,https://www.fda.gov/media/113052/download?attachment=,https://pubchem.ncbi.nlm.nih.gov/compound/6135,6135,dilirank_parent_v1,"[""LT00613""]","[""vNo-DILI-concern""]"
LT00614,Procarbazine hydrochloride,CNNCc1ccc(C(=O)NC(C)C)cc1,CPTBDICYNRMXFX-UHFFFAOYSA-N,f3ab3bc2bea29bb1457ea513fc7a87299ae70f81d07f45f09be9e6d39c1f55a5,CPTBDICYNRMXFX,vLess-DILI-concern,1,https://www.fda.gov/media/113052/download?attachment=,https://pubchem.ncbi.nlm.nih.gov/compound/9703,9703,dilirank_parent_v1,"[""LT00614""]","[""vLess-DILI-concern""]"
LT00619,Roflumilast,O=C(Nc1c(Cl)cncc1Cl)c1ccc(OC(F)F)c(OCC2CC2)c1,MNDBXUUTURYVHR-UHFFFAOYSA-N,52a2f1b4d0d6a6261b20f7c4171845eb9ded23846ee462bd2fd6e3445e7b6ebe,MNDBXUUTURYVHR,vNo-DILI-concern,0,https://www.fda.gov/media/113052/download?attachment=,https://pubchem.ncbi.nlm.nih.gov/compound/449193,449193,dilirank_parent_v1,"[""LT00619""]","[""vNo-DILI-concern""]"
LT00625,Sertraline hydrochloride,CN[C@H]1CC[C@@H](c2ccc(Cl)c(Cl)c2)c2ccccc21,VGKDLMBJGBXTGI-SJCJKPOMSA-N,584a8282eb453e84b7b65eb7a31534ec6e0cbacfc7761d12d544eff941a9c07b,VGKDLMBJGBXTGI,vLess-DILI-concern,1,https://www.fda.gov/media/113052/download?attachment=,https://pubchem.ncbi.nlm.nih.gov/compound/63009,63009,dilirank_parent_v1,"[""LT00625""]","[""vLess-DILI-concern""]"
LT00632,Sulfathiazole,Nc1ccc(S(=O)(=O)Nc2nccs2)cc1,JNMRHUJNCSQMMB-UHFFFAOYSA-N,f18215261c704f442e16696a752df9f2d614dd85eeadba7ec99ac212babb31f3,JNMRHUJNCSQMMB,vMost-DILI-concern,1,https://www.fda.gov/media/113052/download?attachment=,https://pubchem.ncbi.nlm.nih.gov/compound/5340,5340,dilirank_parent_v1,"[""LT00632""]","[""vMost-DILI-concern""]"
LT00634,Terbinafine hydrochloride,CN(C/C=C/C#CC(C)(C)C)Cc1cccc2ccccc12,DOMXUEMWDBAQBQ-WEVVVXLNSA-N,1a72c9e6df03c5d0304af8deff0e9a38664abe6d3fa36142abc0da58a2f70bd1,DOMXUEMWDBAQBQ,vMost-DILI-concern,1,https://www.fda.gov/media/113052/download?attachment=,https://pubchem.ncbi.nlm.nih.gov/compound/5282481,5282481,dilirank_parent_v1,"[""LT00634""]","[""vMost-DILI-concern""]"
LT00635,Thiabendazole,c1ccc2[nH]c(-c3cscn3)nc2c1,WJCNZQLZVWNLKY-UHFFFAOYSA-N,6b6ca0fb04df83e98e48c45e55e8f4711955f415ec73c2b9d1f3743519cb4d56,WJCNZQLZVWNLKY,vMost-DILI-concern,1,https://www.fda.gov/media/113052/download?attachment=,https://pubchem.ncbi.nlm.nih.gov/compound/5430,5430,dilirank_parent_v1,"[""LT00635""]","[""vMost-DILI-concern""]"
LT00636,Ticrynafen,O=C(O)COc1ccc(C(=O)c2cccs2)c(Cl)c1Cl,AGHANLSBXUWXTB-UHFFFAOYSA-N,e055e558773ef67385ca49c556ef7ec01a3a46cb7fc0866a176d49e34939e26b,AGHANLSBXUWXTB,vMost-DILI-concern,1,https://www.fda.gov/media/113052/download?attachment=,https://pubchem.ncbi.nlm.nih.gov/compound/38409,38409,dilirank_parent_v1,"[""LT00636""]","[""vMost-DILI-concern""]"
LT00637,Tinidazole,CCS(=O)(=O)CCn1c([N+](=O)[O-])cnc1C,HJLSLZFTEKNLFI-UHFFFAOYSA-N,1079bf63878c8551327b28afd93c389502f948542ab37c7cb48487390577dcea,HJLSLZFTEKNLFI,vLess-DILI-concern,1,https://www.fda.gov/media/113052/download?attachment=,https://pubchem.ncbi.nlm.nih.gov/compound/5479,5479,dilirank_parent_v1,"[""LT00637""]","[""vLess-DILI-concern""]"
LT00640,Maraviroc,Cc1nnc(C(C)C)n1C1C[C@H]2CC[C@@H](C1)N2CC[C@H](NC(=O)C1CCC(F)(F)CC1)c1ccccc1,GSNHKUDZZFZSJB-HLMSNRGBSA-N,2a52308c6898f0662d59ddc410e497cfdc9250437318308b2d41d59a41d792cc,GSNHKUDZZFZSJB,vMost-DILI-concern,1,https://www.fda.gov/media/113052/download?attachment=,https://pubchem.ncbi.nlm.nih.gov/compound/3002977,3002977,dilirank_parent_v1,"[""LT00640""]","[""vMost-DILI-concern""]"
LT00642,Raltegravir potassium,Cc1nnc(C(=O)NC(C)(C)c2nc(C(=O)NCc3ccc(F)cc3)c(O)c(=O)n2C)o1,CZFFBEXEKNGXKS-UHFFFAOYSA-N,de917c1706ba56bb7d50247e1fc0becab8fc8405acdc93f935f37af5688b4ec7,CZFFBEXEKNGXKS,vMost-DILI-concern,1,https://www.fda.gov/media/113052/download?attachment=,https://pubchem.ncbi.nlm.nih.gov/compound/23668479,23668479,dilirank_parent_v1,"[""LT00642""]","[""vMost-DILI-concern""]"
LT00644,Clevidipine,CCCC(=O)OCOC(=O)C1=C(C)NC(C)=C(C(=O)OC)C1c1cccc(Cl)c1Cl,KPBZROQVTHLCDU-UHFFFAOYSA-N,da830df88503babb7d48208f256f49c0558fc32c6483637cf2a3b09a8b907f22,KPBZROQVTHLCDU,vNo-DILI-concern,0,https://www.fda.gov/media/113052/download?attachment=,https://pubchem.ncbi.nlm.nih.gov/compound/153994,153994,dilirank_parent_v1,"[""LT00644""]","[""vNo-DILI-concern""]"
LT00645,Trovafloxacin mesylate,NC1[C@H]2CN(c3nc4c(cc3F)c(=O)c(C(=O)O)cn4-c3ccc(F)cc3F)C[C@@H]12,WVPSKSLAZQPAKQ-SOSAQKQKSA-N,9f4e3ce203533fad1422c3f0c3f695edbf77974ee4a03c905ebcefb45ce8c655,WVPSKSLAZQPAKQ,vMost-DILI-concern,1,https://www.fda.gov/media/113052/download?attachment=,https://pubchem.ncbi.nlm.nih.gov/compound/62960,62960,dilirank_parent_v1,"[""LT00645""]","[""vMost-DILI-concern""]"
LT00646,Regadenoson,CNC(=O)c1cnn(-c2nc(N)c3ncn([C@@H]4O[C@H](CO)[C@@H](O)[C@H]4O)c3n2)c1,LZPZPHGJDAGEJZ-AKAIJSEGSA-N,ee4faee1eec4ee2df3191754b92cc0f5cd2b13e2a60077ea0b0622fafa9b6993,LZPZPHGJDAGEJZ,vNo-DILI-concern,0,https://www.fda.gov/media/113052/download?attachment=,https://pubchem.ncbi.nlm.nih.gov/compound/219024,219024,dilirank_parent_v1,"[""LT00646""]","[""vNo-DILI-concern""]"
LT00647,Warfarin sodium,CC(=O)CC(c1ccccc1)c1c(O)c2ccccc2oc1=O,PJVWKTKQMONHTI-UHFFFAOYSA-N,675404e31bca6cb3a56b49097c28ef4dd09073c5e09581251b3faedcdabb7fa8,PJVWKTKQMONHTI,vLess-DILI-concern,1,https://www.fda.gov/media/113052/download?attachment=,https://pubchem.ncbi.nlm.nih.gov/compound/16204922,16204922,dilirank_parent_v1,"[""LT00647""]","[""vLess-DILI-concern""]"
LT00648,Zaleplon,CCN(C(C)=O)c1cccc(-c2ccnc3c(C#N)cnn23)c1,HUNXMJYCHXQEGX-UHFFFAOYSA-N,d32838cd9fd9c871c70971450c0efd90f52531d61247f7a7c64e040a94334c24,HUNXMJYCHXQEGX,vNo-DILI-concern,0,https://www.fda.gov/media/113052/download?attachment=,https://pubchem.ncbi.nlm.nih.gov/compound/5719,5719,dilirank_parent_v1,"[""LT00648""]","[""vNo-DILI-concern""]"
LT00649,Zileuton,CC(c1cc2ccccc2s1)N(O)C(N)=O,MWLSOWXNZPKENC-UHFFFAOYSA-N,ec2f2a47d84f082db3a51e3fb35965558b90d49eff0653deb4b519d8525c77c0,MWLSOWXNZPKENC,vMost-DILI-concern,1,https://www.fda.gov/media/113052/download?attachment=,https://pubchem.ncbi.nlm.nih.gov/compound/60490,60490,dilirank_parent_v1,"[""LT00649""]","[""vMost-DILI-concern""]"
LT00653,Etravirine,Cc1cc(C#N)cc(C)c1Oc1nc(Nc2ccc(C#N)cc2)nc(N)c1Br,PYGWGZALEOIKDF-UHFFFAOYSA-N,5bd29c9999275994e4c6ab424c9083e0ff506766c5c43ea9b72f8ff7ff69fa13,PYGWGZALEOIKDF,vMost-DILI-concern,1,https://www.fda.gov/media/113052/download?attachment=,https://pubchem.ncbi.nlm.nih.gov/compound/193962,193962,dilirank_parent_v1,"[""LT00653""]","[""vMost-DILI-concern""]"
LT00658,Fospropofol disodium,CC(C)c1cccc(C(C)C)c1OCOP(=O)(O)O,QVNNONOFASOXQV-UHFFFAOYSA-N,a536ab44e391855b3a58032d4847d2aa7b710a94251a958a0c37d8adf379fd41,QVNNONOFASOXQV,vLess-DILI-concern,1,https://www.fda.gov/media/113052/download?attachment=,https://pubchem.ncbi.nlm.nih.gov/compound/3038497,3038497,dilirank_parent_v1,"[""LT00658""]","[""vLess-DILI-concern""]"
LT00659,Bendamustine hydrochloride,Cn1c(CCCC(=O)O)nc2cc(N(CCCl)CCCl)ccc21,YTKUWDBFDASYHO-UHFFFAOYSA-N,2f997b26bec22054325fab9f60ec01b56d44755a800aea771c0c01a2d93e59cd,YTKUWDBFDASYHO,vNo-DILI-concern,0,https://www.fda.gov/media/113052/download?attachment=,https://pubchem.ncbi.nlm.nih.gov/compound/77082,77082,dilirank_parent_v1,"[""LT00659""]","[""vNo-DILI-concern""]"
LT00661,Tolvaptan,Cc1ccccc1C(=O)Nc1ccc(C(=O)N2CCCC(O)c3cc(Cl)ccc32)c(C)c1,GYHCTFXIZSNGJT-UHFFFAOYSA-N,9a847abfe962d08f566a455f265ee07b31a4df1ce4714f638d4fe93d1bc82df8,GYHCTFXIZSNGJT,vMost-DILI-concern,1,https://www.fda.gov/media/113052/download?attachment=,https://pubchem.ncbi.nlm.nih.gov/compound/216237,216237,dilirank_parent_v1,"[""LT00661""]","[""vMost-DILI-concern""]"
LT00664,Tapentadol hydrochloride,CC[C@@H](c1cccc(O)c1)[C@@H](C)CN(C)C,KWTWDQCKEHXFFR-SMDDNHRTSA-N,deb55f2ea4f57a506d450f51bca6fedb22f6eb4acfe2e696531090dffc51c032,KWTWDQCKEHXFFR,vNo-DILI-concern,0,https://www.fda.gov/media/113052/download?attachment=,https://pubchem.ncbi.nlm.nih.gov/compound/9838021,9838021,dilirank_parent_v1,"[""LT00664""]","[""vNo-DILI-concern""]"
LT00665,Prasugrel hydrochloride,CC(=O)Oc1cc2c(s1)CCN(C(C(=O)C1CC1)c1ccccc1F)C2,DTGLZDAWLRGWQN-UHFFFAOYSA-N,39ef6c02b672d45cb1e8b4779aeb284d198cde5bdc9bbb59a1f914a021787834,DTGLZDAWLRGWQN,vLess-DILI-concern,1,https://www.fda.gov/media/113052/download?attachment=,https://pubchem.ncbi.nlm.nih.gov/compound/10158453,10158453,dilirank_parent_v1,"[""LT00665""]","[""vLess-DILI-concern""]"
LT00667,Saxagliptin hydrochloride,N#C[C@@H]1C[C@@H]2C[C@@H]2N1C(=O)[C@@H](N)C12CC3CC(CC(O)(C3)C1)C2,QGJUIPDUBHWZPV-SGTAVMJGSA-N,d330ec60591f4c9c7d92445352f7c6bea3bc871a857bae910d628b4000d2c5c2,QGJUIPDUBHWZPV,vLess-DILI-concern,1,https://www.fda.gov/media/113052/download?attachment=,https://pubchem.ncbi.nlm.nih.gov/compound/49800073,49800073,dilirank_parent_v1,"[""LT00667""]","[""vLess-DILI-concern""]"
LT00669,Romidepsin,C/C=C1\NC(=O)[C@H]2CSSCC/C=C/[C@H](CC(=O)N[C@H](C(C)C)C(=O)N2)OC(=O)[C@H](C(C)C)NC1=O,OHRURASPPZQGQM-GCCNXGTGSA-N,bca47c189586e3074525c09e56ae55a3154d04c6a7fe2f216548b3e2006fb0ec,OHRURASPPZQGQM,vNo-DILI-concern,0,https://www.fda.gov/media/113052/download?attachment=,https://pubchem.ncbi.nlm.nih.gov/compound/5352062,5352062,dilirank_parent_v1,"[""LT00669""]","[""vNo-DILI-concern""]"
LT00670,Fenofibric acid,CC(C)(Oc1ccc(C(=O)c2ccc(Cl)cc2)cc1)C(=O)O,MQOBSOSZFYZQOK-UHFFFAOYSA-N,9e18c28f7d7d9fc9ca9c4d5f7d3c4917811d142f7b3b3a5a2a53bd8258769553,MQOBSOSZFYZQOK,vLess-DILI-concern,1,https://www.fda.gov/media/113052/download?attachment=,https://pubchem.ncbi.nlm.nih.gov/compound/64929,64929,dilirank_parent_v1,"[""LT00670""]","[""vLess-DILI-concern""]"
LT00671,Dronedarone hydrochloride,CCCCc1oc2ccc(NS(C)(=O)=O)cc2c1C(=O)c1ccc(OCCCN(CCCC)CCCC)cc1,ZQTNQVWKHCQYLQ-UHFFFAOYSA-N,1adbb0421207e6a2e1ea81df089f808e51fa38658d91f171f7228f9af0e115ca,ZQTNQVWKHCQYLQ,vMost-DILI-concern,1,https://www.fda.gov/media/113052/download?attachment=,https://pubchem.ncbi.nlm.nih.gov/compound/219025,219025,dilirank_parent_v1,"[""LT00671""]","[""vMost-DILI-concern""]"
LT00672,Pazopanib hydrochloride,Cc1ccc(Nc2nccc(N(C)c3ccc4c(C)n(C)nc4c3)n2)cc1S(N)(=O)=O,CUIHSIWYWATEQL-UHFFFAOYSA-N,1ebc3d9d72d1cb40ec4a98981b6280a7b4efdf0284397cde2ec5f152aa4a582c,CUIHSIWYWATEQL,vMost-DILI-concern,1,https://www.fda.gov/media/113052/download?attachment=,https://pubchem.ncbi.nlm.nih.gov/compound/11525740,11525740,dilirank_parent_v1,"[""LT00672""]","[""vMost-DILI-concern""]"
LT00675,Carglumic acid,NC(=O)N[C@@H](CCC(=O)O)C(=O)O,LCQLHJZYVOQKHU-VKHMYHEASA-N,63545f251cb9d1db342925d7ed07d57a8bc6debc804914a6c859dcadb646fc15,LCQLHJZYVOQKHU,vNo-DILI-concern,0,https://www.fda.gov/media/113052/download?attachment=,https://pubchem.ncbi.nlm.nih.gov/compound/121396,121396,dilirank_parent_v1,"[""LT00675""]","[""vNo-DILI-concern""]"
LT00682,Dexchlorpheniramine maleate,CN(C)CC[C@@H](c1ccc(Cl)cc1)c1ccccn1,SOYKEARSMXGVTM-HNNXBMFYSA-N,a6aa571f839a4429a833513dcccf7aad97f5cee55ed9006ef8615d00698c15af,SOYKEARSMXGVTM,vNo-DILI-concern,0,https://www.fda.gov/media/113052/download?attachment=,https://pubchem.ncbi.nlm.nih.gov/compound/5281070,5281070,dilirank_parent_v1,"[""LT00682""]","[""vNo-DILI-concern""]"
LT00686,Lumiracoxib,Cc1ccc(Nc2c(F)cccc2Cl)c(CC(=O)O)c1,KHPKQFYUPIUARC-UHFFFAOYSA-N,9a4cccb0fe5bad55633747f727dae0e77b031026f03e122567c0ccc33429281a,KHPKQFYUPIUARC,vMost-DILI-concern,1,https://www.fda.gov/media/113052/download?attachment=,https://pubchem.ncbi.nlm.nih.gov/compound/151166,151166,dilirank_parent_v1,"[""LT00686""]","[""vMost-DILI-concern""]"
LT00687,Tasosartan,Cc1nc(C)c2c(n1)N(Cc1ccc(-c3ccccc3-c3nn[nH]n3)cc1)C(=O)CC2,ADXGNEYLLLSOAR-UHFFFAOYSA-N,a4d0a081234a4609592007b9348448d5e5cdfa7f6b92787e7e68a9ddfd19a849,ADXGNEYLLLSOAR,vMost-DILI-concern,1,https://www.fda.gov/media/113052/download?attachment=,https://pubchem.ncbi.nlm.nih.gov/compound/60919,60919,dilirank_parent_v1,"[""LT00687""]","[""vMost-DILI-concern""]"
LT00690,Oxyphenisatin,O=C1Nc2ccccc2C1(c1ccc(O)cc1)c1ccc(O)cc1,SJDACOMXKWHBOW-UHFFFAOYSA-N,81d7be8f95fc6542663e75b17c39663de50bbb11c43e5431aa6562c93d6e113c,SJDACOMXKWHBOW,vMost-DILI-concern,1,https://www.fda.gov/media/113052/download?attachment=,https://pubchem.ncbi.nlm.nih.gov/compound/31315,31315,dilirank_parent_v1,"[""LT00690""]","[""vMost-DILI-concern""]"
LT00691,Tilbroquinol,Cc1cc(Br)c(O)c2ncccc12,JMOVFFLYGIQXMM-UHFFFAOYSA-N,d487e7b6961a9dbd347918d6672d39e659d5e6a8f31b8b09d4c4d8a9a0f8522f,JMOVFFLYGIQXMM,vMost-DILI-concern,1,https://www.fda.gov/media/113052/download?attachment=,https://pubchem.ncbi.nlm.nih.gov/compound/65592,65592,dilirank_parent_v1,"[""LT00691""]","[""vMost-DILI-concern""]"
LT00692,Alclofenac,C=CCOc1ccc(CC(=O)O)cc1Cl,ARHWPKZXBHOEEE-UHFFFAOYSA-N,96229927b5b17e02f99547d865a1c4ea4d81f52c8e7be41f55ae9dfcb5d2a9e3,ARHWPKZXBHOEEE,vMost-DILI-concern,1,https://www.fda.gov/media/113052/download?attachment=,https://pubchem.ncbi.nlm.nih.gov/compound/30951,30951,dilirank_parent_v1,"[""LT00692""]","[""vMost-DILI-concern""]"
LT00693,Aplaviroc,CCCCN1C(=O)[C@@H]([C@H](O)C2CCCCC2)NC(=O)C12CCN(Cc1ccc(Oc3ccc(C(=O)O)cc3)cc1)CC2,GWNOTCOIYUNTQP-FQLXRVMXSA-N,4c695ffc04bf95f8794862e01be583e81897da7fd5038f76b8024cdfc9cf0890,GWNOTCOIYUNTQP,vMost-DILI-concern,1,https://www.fda.gov/media/113052/download?attachment=,https://pubchem.ncbi.nlm.nih.gov/compound/3001322,3001322,dilirank_parent_v1,"[""LT00693""]","[""vMost-DILI-concern""]"
LT00694,Clomacran,CN(C)CCCC1c2ccccc2Nc2ccc(Cl)cc21,JFRLWWDJCFYFSU-UHFFFAOYSA-N,87138928d8793197ec521a4c483c272995773b1d949aa20fb0490590ef7985fe,JFRLWWDJCFYFSU,vMost-DILI-concern,1,https://www.fda.gov/media/113052/download?attachment=,https://pubchem.ncbi.nlm.nih.gov/compound/21382,21382,dilirank_parent_v1,"[""LT00694""]","[""vMost-DILI-concern""]"
LT00696,Isaxonine,CC(C)Nc1ncccn1,FTCYIGBVOHNHCD-UHFFFAOYSA-N,36dea301794c412e41ffa58cd131d5d0e547fae0e854707fea14570ba5c7918e,FTCYIGBVOHNHCD,vMost-DILI-concern,1,https://www.fda.gov/media/113052/download?attachment=,https://pubchem.ncbi.nlm.nih.gov/compound/71169,71169,dilirank_parent_v1,"[""LT00696""]","[""vMost-DILI-concern""]"
LT00697,Pipamazine,NC(=O)C1CCN(CCCN2c3ccccc3Sc3ccc(Cl)cc32)CC1,OSJJYEUEJRVVOD-UHFFFAOYSA-N,e29cd0419124bd77bb8e1ca33800c68abe99e877b2a2cac397079fb952113563,OSJJYEUEJRVVOD,vMost-DILI-concern,1,https://www.fda.gov/media/113052/download?attachment=,https://pubchem.ncbi.nlm.nih.gov/compound/6761,6761,dilirank_parent_v1,"[""LT00697""]","[""vMost-DILI-concern""]"
LT00698,Pralnacasan,CCO[C@@H]1OC(=O)C[C@@H]1NC(=O)[C@@H]1CCCN2C(=O)CC[C@H](NC(=O)c3nccc4ccccc34)C(=O)N12,CXAGHAZMQSCAKJ-WAHHBDPQSA-N,89c2a08d6a755311e282a95ebe457708d02a83b4c73feb73e61116c95c3bdfb1,CXAGHAZMQSCAKJ,vMost-DILI-concern,1,https://www.fda.gov/media/113052/download?attachment=,https://pubchem.ncbi.nlm.nih.gov/compound/153270,153270,dilirank_parent_v1,"[""LT00698""]","[""vMost-DILI-concern""]"
LT00699,Sulfacarbamide,NC(=O)NS(=O)(=O)c1ccc(N)cc1,WVAKABMNNSMCDK-UHFFFAOYSA-N,38fe822767ebf993d2f1a7f11b40678b2550617f4734783b7c0ef76fac060837,WVAKABMNNSMCDK,vMost-DILI-concern,1,https://www.fda.gov/media/113052/download?attachment=,https://pubchem.ncbi.nlm.nih.gov/compound/11033,11033,dilirank_parent_v1,"[""LT00699""]","[""vMost-DILI-concern""]"
LT00700,Triacetyldiphenolisatin,CC(=O)Oc1ccc(C2(c3ccc(OC(C)=O)cc3)C(=O)N(C(C)=O)c3ccccc32)cc1,JPGUEMQIAGJQSJ-UHFFFAOYSA-N,cd51817e207b79230c6991a1fa2b469ff0143ee91353740bba0f78cf3b4f2fe6,JPGUEMQIAGJQSJ,vMost-DILI-concern,1,https://www.fda.gov/media/113052/download?attachment=,https://pubchem.ncbi.nlm.nih.gov/compound/29321,29321,dilirank_parent_v1,"[""LT00700""]","[""vMost-DILI-concern""]"
LT00701,Fiduxosin,COc1cccc2c1[C@@H]1CN(CCCCn3c(=O)[nH]c4c(sc5ncc(-c6ccccc6)nc54)c3=O)C[C@@H]1CO2,WDTAYDBPNYFWDR-WOJBJXKFSA-N,dfd052afc28df2df26c44003ad099a51910df0a35e4b901830b47c762327ff53,WDTAYDBPNYFWDR,vMost-DILI-concern,1,https://www.fda.gov/media/113052/download?attachment=,https://pubchem.ncbi.nlm.nih.gov/compound/172307,172307,dilirank_parent_v1,"[""LT00701""]","[""vMost-DILI-concern""]"
LT00703,Phenoxypropazine,CC(COc1ccccc1)NN,QNEXFJFTGQBXBJ-UHFFFAOYSA-N,3e4583363be058a6b655b148b801251198fa3e54959878e15cc8c78709fd2293,QNEXFJFTGQBXBJ,vMost-DILI-concern,1,https://www.fda.gov/media/113052/download?attachment=,https://pubchem.ncbi.nlm.nih.gov/compound/71467,71467,dilirank_parent_v1,"[""LT00703""]","[""vMost-DILI-concern""]"
LT00706,Histamine phosphate,NCCc1cnc[nH]1,NTYJJOPFIAHURM-UHFFFAOYSA-N,4f6830a29d95033ab8bd52b02e2c5a86ebc511dfbbfb122b1246c4e38b97356d,NTYJJOPFIAHURM,vNo-DILI-concern,0,https://www.fda.gov/media/113052/download?attachment=,https://pubchem.ncbi.nlm.nih.gov/compound/65513,65513,dilirank_parent_v1,"[""LT00706""]","[""vNo-DILI-concern""]"
LT00713,Meperidine hydrochloride,CCOC(=O)C1(c2ccccc2)CCN(C)CC1,XADCESSVHJOZHK-UHFFFAOYSA-N,1cadba2fe4293c871bd3970de5b9d8cc0b1bbcffb12f80ee5d21dbc0bf6b0f92,XADCESSVHJOZHK,vNo-DILI-concern,0,https://www.fda.gov/media/113052/download?attachment=,https://pubchem.ncbi.nlm.nih.gov/compound/5750,5750,dilirank_parent_v1,"[""LT00713""]","[""vNo-DILI-concern""]"
LT00716,Methamphetamine hydrochloride,CN[C@@H](C)Cc1ccccc1,MYWUZJCMWCOHBA-VIFPVBQESA-N,cc5a8e763e9070501ea9d7f22bf83245606fe9e657f601b77d8af272f916fd43,MYWUZJCMWCOHBA,vNo-DILI-concern,0,https://www.fda.gov/media/113052/download?attachment=,https://pubchem.ncbi.nlm.nih.gov/compound/66124,66124,dilirank_parent_v1,"[""LT00716""]","[""vNo-DILI-concern""]"
LT00727,Doxylamine succinate,CN(C)CCOC(C)(c1ccccc1)c1ccccn1,HCFDWZZGGLSKEP-UHFFFAOYSA-N,0313f15e5332ac0501a383ab2353a8f57795ed8c316e33c032a1ce29ec6221be,HCFDWZZGGLSKEP,vNo-DILI-concern,0,https://www.fda.gov/media/113052/download?attachment=,https://pubchem.ncbi.nlm.nih.gov/compound/11224,11224,dilirank_parent_v1,"[""LT00727""]","[""vNo-DILI-concern""]"
LT00730,Bethanechol chloride,CC(C[N+](C)(C)C)OC(N)=O,NZUPCNDJBJXXRF-UHFFFAOYSA-O,96fc68b80c96c5091816822401eae6fde30b6641a102a9d0df5d207a5cf7a8e0,NZUPCNDJBJXXRF,vNo-DILI-concern,0,https://www.fda.gov/media/113052/download?attachment=,https://pubchem.ncbi.nlm.nih.gov/compound/11548,11548,dilirank_parent_v1,"[""LT00730""]","[""vNo-DILI-concern""]"
LT00734,Cortisone acetate,CC(=O)OCC(=O)[C@@]1(O)CC[C@H]2[C@@H]3CCC4=CC(=O)CC[C@]4(C)[C@H]3C(=O)C[C@@]21C,ITRJWOMZKQRYTA-RFZYENFJSA-N,59f24de65bdec05a67c975c035f0fa818d675915135c00a3f3bf49cc158a55fe,ITRJWOMZKQRYTA,vNo-DILI-concern,0,https://www.fda.gov/media/113052/download?attachment=,https://pubchem.ncbi.nlm.nih.gov/compound/5745,5745,dilirank_parent_v1,"[""LT00734""]","[""vNo-DILI-concern""]"
LT00737,Dicyclomine hydrochloride,CCN(CC)CCOC(=O)C1(C2CCCCC2)CCCCC1,CURUTKGFNZGFSE-UHFFFAOYSA-N,d2e1e5c2adf9f606ec709e7fe0c72b83c47ebf1801a82eb881e189a324a0a66f,CURUTKGFNZGFSE,vNo-DILI-concern,0,https://www.fda.gov/media/113052/download?attachment=,https://pubchem.ncbi.nlm.nih.gov/compound/441344,441344,dilirank_parent_v1,"[""LT00737""]","[""vNo-DILI-concern""]"
LT00738,Norepinephrine bitartrate,NC[C@H](O)c1ccc(O)c(O)c1,SFLSHLFXELFNJZ-QMMMGPOBSA-N,ae4fcdbe636e09670eb565e0c49b5372c0b815a4872a134bd7ee36e8b205ebe0,SFLSHLFXELFNJZ,vNo-DILI-concern,0,https://www.fda.gov/media/113052/download?attachment=,https://pubchem.ncbi.nlm.nih.gov/compound/3047796,3047796,dilirank_parent_v1,"[""LT00738""]","[""vNo-DILI-concern""]"
LT00740,Dyphylline,Cn1c(=O)c2c(ncn2CC(O)CO)n(C)c1=O,KSCFJBIXMNOVSH-UHFFFAOYSA-N,cc3e34b92c93b045567702b2c3dd4ad238d4955b5863fc26cade2e8d838cfa27,KSCFJBIXMNOVSH,vNo-DILI-concern,0,https://www.fda.gov/media/113052/download?attachment=,https://pubchem.ncbi.nlm.nih.gov/compound/3182,3182,dilirank_parent_v1,"[""LT00740""]","[""vNo-DILI-concern""]"
LT00742,Epinephrine,CNC[C@H](O)c1ccc(O)c(O)c1,UCTWMZQNUQWSLP-VIFPVBQESA-N,4b788a9090943c4e38208aa9c90a642990d1d7456c7207037994397cc2e321ab,UCTWMZQNUQWSLP,vNo-DILI-concern,0,https://www.fda.gov/media/113052/download?attachment=,https://pubchem.ncbi.nlm.nih.gov/compound/5816,5816,dilirank_parent_v1,"[""LT00742""]","[""vNo-DILI-concern""]"
LT00749,Succinylcholine chloride,C[N+](C)(C)CCOC(=O)CCC(=O)OCC[N+](C)(C)C,AXOIZCJOOAYSMI-UHFFFAOYSA-N,8432b19ceef17cec77842ffe1c82acbc81b39d9e243d9361f53c9d1c859107e9,AXOIZCJOOAYSMI,vNo-DILI-concern,0,https://www.fda.gov/media/113052/download?attachment=,https://pubchem.ncbi.nlm.nih.gov/compound/22475,22475,dilirank_parent_v1,"[""LT00749""]","[""vNo-DILI-concern""]"
LT00752,Levorphanol tartrate,CN1CC[C@]23CCCC[C@H]2[C@H]1Cc1ccc(O)cc13,JAQUASYNZVUNQP-USXIJHARSA-N,7ed41bdca5755dc037ace8c725a879ae53de2b8f28edb8973d45af193cfb470d,JAQUASYNZVUNQP,vNo-DILI-concern,0,https://www.fda.gov/media/113052/download?attachment=,https://pubchem.ncbi.nlm.nih.gov/compound/5464027,5464027,dilirank_parent_v1,"[""LT00752""]","[""vNo-DILI-concern""]"
LT00753,Propantheline bromide,CC(C)[N+](C)(CCOC(=O)C1c2ccccc2Oc2ccccc21)C(C)C,VVWYOYDLCMFIEM-UHFFFAOYSA-N,a823b48d10465273c46851ee8a657a37114f61090cc04f9dd8e47ed566524b12,VVWYOYDLCMFIEM,vNo-DILI-concern,0,https://www.fda.gov/media/113052/download?attachment=,https://pubchem.ncbi.nlm.nih.gov/compound/9279,9279,dilirank_parent_v1,"[""LT00753""]","[""vNo-DILI-concern""]"
LT00759,Carbinoxamine maleate,CN(C)CCOC(c1ccc(Cl)cc1)c1ccccn1,OJFSXZCBGQGRNV-UHFFFAOYSA-N,8fbc2e6ef2038e45dfe3a9623d54638d299e23c14eca5bd3a81ebe392449ac33,OJFSXZCBGQGRNV,vNo-DILI-concern,0,https://www.fda.gov/media/113052/download?attachment=,https://pubchem.ncbi.nlm.nih.gov/compound/5282409,5282409,dilirank_parent_v1,"[""LT00759""]","[""vNo-DILI-concern""]"
LT00774,Diatrizoate sodium,CC(=O)Nc1c(I)c(NC(C)=O)c(I)c(C(=O)O)c1I,YVPYQUNUQOZFHG-UHFFFAOYSA-N,ed3b587bf3702fd66b3bfad4082884ede786fcbbe2cab39979195104deb25492,YVPYQUNUQOZFHG,vNo-DILI-concern,0,https://www.fda.gov/media/113052/download?attachment=,https://pubchem.ncbi.nlm.nih.gov/compound/23672589,23672589,dilirank_parent_v1,"[""LT00774""]","[""vNo-DILI-concern""]"
LT00780,Phytonadione,CC1=C(C/C=C(\C)CCC[C@H](C)CCC[C@H](C)CCCC(C)C)C(=O)c2ccccc2C1=O,MBWXNTAXLNYFJB-NKFFZRIASA-N,b24c76dca1c23c89146e04ef8b9661f42b40b08e3223113b73329fb709efe058,MBWXNTAXLNYFJB,vNo-DILI-concern,0,https://www.fda.gov/media/113052/download?attachment=,https://pubchem.ncbi.nlm.nih.gov/compound/5284607,5284607,dilirank_parent_v1,"[""LT00780""]","[""vNo-DILI-concern""]"
LT00781,Mecamylamine hydrochloride,CNC1(C)C2CCC(C2)C1(C)C,IMYZQPCYWPFTAG-UHFFFAOYSA-N,b97bee24a1c7e0ee0c47015b064dca34ed1b3ebb1c52ee559f4fb5aa330d8222,IMYZQPCYWPFTAG,vNo-DILI-concern,0,https://www.fda.gov/media/113052/download?attachment=,https://pubchem.ncbi.nlm.nih.gov/compound/13221,13221,dilirank_parent_v1,"[""LT00781""]","[""vNo-DILI-concern""]"
LT00783,Liothyronine sodium,N[C@@H](Cc1cc(I)c(Oc2ccc(O)c(I)c2)c(I)c1)C(=O)O,AUYYCJSJGJYCDS-LBPRGKRZSA-N,14711ff236c865aee245a90095601401761f8f1f1084de6b7201c1cfa20f1f3d,AUYYCJSJGJYCDS,vNo-DILI-concern,0,https://www.fda.gov/media/113052/download?attachment=,https://pubchem.ncbi.nlm.nih.gov/compound/23666110,23666110,dilirank_parent_v1,"[""LT00783""]","[""vNo-DILI-concern""]"
LT00787,Methsuximide,CN1C(=O)CC(C)(c2ccccc2)C1=O,AJXPJJZHWIXJCJ-UHFFFAOYSA-N,5f2973b2d9417f7fb4c0ca288e5ba590208ce3601f1ddead5dd15f3fe537ed57,AJXPJJZHWIXJCJ,vNo-DILI-concern,0,https://www.fda.gov/media/113052/download?attachment=,https://pubchem.ncbi.nlm.nih.gov/compound/6476,6476,dilirank_parent_v1,"[""LT00787""]","[""vNo-DILI-concern""]"
LT00790,Mepenzolate bromide,C[N+]1(C)CCCC(OC(=O)C(O)(c2ccccc2)c2ccccc2)C1,GKNPSSNBBWDAGH-UHFFFAOYSA-N,bff7c88c5a92d0efbd86690aad35f6c61e37b8549a68ea8a817253ed4cd4cee6,GKNPSSNBBWDAGH,vNo-DILI-concern,0,https://www.fda.gov/media/113052/download?attachment=,https://pubchem.ncbi.nlm.nih.gov/compound/6461,6461,dilirank_parent_v1,"[""LT00790""]","[""vNo-DILI-concern""]"
LT00792,Meclizine hydrochloride,Cc1cccc(CN2CCN(C(c3ccccc3)c3ccc(Cl)cc3)CC2)c1,OCJYIGYOJCODJL-UHFFFAOYSA-N,a3e79446e197d60a1bedaec5bec2a1b8b131f80cb7f68af1634725fdc03a36af,OCJYIGYOJCODJL,vNo-DILI-concern,0,https://www.fda.gov/media/113052/download?attachment=,https://pubchem.ncbi.nlm.nih.gov/compound/173612,173612,dilirank_parent_v1,"[""LT00792""]","[""vNo-DILI-concern""]"
LT00798,Triprolidine hydrochloride,Cc1ccc(/C(=C\CN2CCCC2)c2ccccn2)cc1,CBEQULMOCCWAQT-WOJGMQOQSA-N,105aabab60b9569500a3f1ed9199bbeb2ff6738fcd7f9bfa791596f826c472e3,CBEQULMOCCWAQT,vNo-DILI-concern,0,https://www.fda.gov/media/113052/download?attachment=,https://pubchem.ncbi.nlm.nih.gov/compound/5702129,5702129,dilirank_parent_v1,"[""LT00798""]","[""vNo-DILI-concern""]"
LT00800,Benzonatate,CCCCNc1ccc(C(=O)OCCOCCOCCOCCOCCOCCOCCOCCOCCOC)cc1,MAFMQEKGGFWBAB-UHFFFAOYSA-N,0d8f6ef61beb970ffe335bb341b5e445632b55d068ec314d6833f844ed64642d,MAFMQEKGGFWBAB,vLess-DILI-concern,1,https://www.fda.gov/media/113052/download?attachment=,https://pubchem.ncbi.nlm.nih.gov/compound/7699,7699,dilirank_parent_v1,"[""LT00800""]","[""vLess-DILI-concern""]"
LT00802,Dichlorphenamide,NS(=O)(=O)c1cc(Cl)c(Cl)c(S(N)(=O)=O)c1,GJQPMPFPNINLKP-UHFFFAOYSA-N,f8ebdf15f8c674518780844d90748a80ae5773c6b8b2f6f06cfacf2b08ed72c0,GJQPMPFPNINLKP,vNo-DILI-concern,0,https://www.fda.gov/media/113052/download?attachment=,https://pubchem.ncbi.nlm.nih.gov/compound/3038,3038,dilirank_parent_v1,"[""LT00802""]","[""vNo-DILI-concern""]"
LT00806,Diethylpropion hydrochloride,CCN(CC)C(C)C(=O)c1ccccc1,XXEPPPIWZFICOJ-UHFFFAOYSA-N,6672e59a6cc40369d5888792f01b06aecc17d163cb3b42bf0d498190c6691c68,XXEPPPIWZFICOJ,vNo-DILI-concern,0,https://www.fda.gov/media/113052/download?attachment=,https://pubchem.ncbi.nlm.nih.gov/compound/91442,91442,dilirank_parent_v1,"[""LT00806""]","[""vNo-DILI-concern""]"
LT00808,Oxymorphone hydrochloride,CN1CC[C@]23c4c5ccc(O)c4O[C@H]2C(=O)CC[C@@]3(O)[C@H]1C5,UQCNKQCJZOAFTQ-ISWURRPUSA-N,4c1c5c4b2e3c9b8dc4e2255e438b7fa5169d0d972b2dba91dee3034bf785e30d,UQCNKQCJZOAFTQ,vNo-DILI-concern,0,https://www.fda.gov/media/113052/download?attachment=,https://pubchem.ncbi.nlm.nih.gov/compound/5359390,5359390,dilirank_parent_v1,"[""LT00808""]","[""vNo-DILI-concern""]"
LT00810,Dexbrompheniramine maleate,CN(C)CC[C@@H](c1ccc(Br)cc1)c1ccccn1,ZDIGNSYAACHWNL-HNNXBMFYSA-N,1b1259934e85d021d92c0d559f44492397d4b0c3c4eddd532ef573a59f98f746,ZDIGNSYAACHWNL,vNo-DILI-concern,0,https://www.fda.gov/media/113052/download?attachment=,https://pubchem.ncbi.nlm.nih.gov/compound/6433334,6433334,dilirank_parent_v1,"[""LT00810""]","[""vNo-DILI-concern""]"
LT00817,Biperiden hydrochloride,OC(CCN1CCCCC1)(c1ccccc1)C1CC2C=CC1C2,YSXKPIUOCJLQIE-UHFFFAOYSA-N,2010af79c522f020d516413305239c104e6c6c636c58316577e1b4f3ad1892b4,YSXKPIUOCJLQIE,vNo-DILI-concern,0,https://www.fda.gov/media/113052/download?attachment=,https://pubchem.ncbi.nlm.nih.gov/compound/92151,92151,dilirank_parent_v1,"[""LT00817""]","[""vNo-DILI-concern""]"
LT00818,Isosorbide dinitrate,O=[N+]([O-])O[C@H]1CO[C@H]2[C@@H]1OC[C@H]2O[N+](=O)[O-],MOYKHGMNXAOIAT-JGWLITMVSA-N,301686f87d99960ceac26fe07ebf32081c82506ad60b63bedb44fcdceb2b0a9a,MOYKHGMNXAOIAT,vNo-DILI-concern,0,https://www.fda.gov/media/113052/download?attachment=,https://pubchem.ncbi.nlm.nih.gov/compound/6883,6883,dilirank_parent_v1,"[""LT00818""]","[""vNo-DILI-concern""]"
LT00822,Mepivacaine hydrochloride,Cc1cccc(C)c1NC(=O)C1CCCCN1C,INWLQCZOYSRPNW-UHFFFAOYSA-N,f094a8bd3d0bec59649c2b2ce16f8dbdc4d0a931febe3eb8bcef642bcb3853e2,INWLQCZOYSRPNW,vLess-DILI-concern,1,https://www.fda.gov/media/113052/download?attachment=,https://pubchem.ncbi.nlm.nih.gov/compound/66070,66070,dilirank_parent_v1,"[""LT00822""]","[""vLess-DILI-concern""]"
LT00825,Bendroflumethiazide,NS(=O)(=O)c1cc2c(cc1C(F)(F)F)NC(Cc1ccccc1)NS2(=O)=O,HDWIHXWEUNVBIY-UHFFFAOYSA-N,e2eb9d6a29d90b347d93a79a2fc9ecc5e02b586aa2d51b5fb8010364f80ab1c6,HDWIHXWEUNVBIY,vLess-DILI-concern,1,https://www.fda.gov/media/113052/download?attachment=,https://pubchem.ncbi.nlm.nih.gov/compound/2315,2315,dilirank_parent_v1,"[""LT00825""]","[""vLess-DILI-concern""]"
LT00826,Phendimetrazine tartrate,C[C@H]1[C@H](c2ccccc2)OCCN1C,MFOCDFTXLCYLKU-CMPLNLGQSA-N,98b57ace7a118b746bc499d27e445ecd8a864e4cd9062e3dffadc9228bbc0f76,MFOCDFTXLCYLKU,vNo-DILI-concern,0,https://www.fda.gov/media/113052/download?attachment=,https://pubchem.ncbi.nlm.nih.gov/compound/120608,120608,dilirank_parent_v1,"[""LT00826""]","[""vNo-DILI-concern""]"
LT00827,Oxytocin,CC[C@H](C)[C@@H]1NC(=O)[C@H](Cc2ccc(O)cc2)NC(=O)[C@@H](N)CSSC[C@@H](C(=O)N2CCC[C@H]2C(=O)N[C@@H](CC(C)C)C(=O)NCC(N)=O)NC(=O)[C@H](CC(N)=O)NC(=O)[C@H](CCC(N)=O)NC1=O,XNOPRXBHLZRZKH-DSZYJQQASA-N,eb2f3853cdac6de490f988567a9f4b59a10b5aa5b9e2ced1ae754def5b1b15cd,XNOPRXBHLZRZKH,vNo-DILI-concern,0,https://www.fda.gov/media/113052/download?attachment=,https://pubchem.ncbi.nlm.nih.gov/compound/439302,439302,dilirank_parent_v1,"[""LT00827""]","[""vNo-DILI-concern""]"
LT00829,Guanethidine monosulfate,NC(N)=NCCN1CCCCCCC1,ACGDKVXYNVEAGU-UHFFFAOYSA-N,75bdc26a7fdd0f087b5a6edc87121dea68e76a35c86bdab5205534b131fa26e6,ACGDKVXYNVEAGU,vNo-DILI-concern,0,https://www.fda.gov/media/113052/download?attachment=,https://pubchem.ncbi.nlm.nih.gov/compound/86471,86471,dilirank_parent_v1,"[""LT00829""]","[""vNo-DILI-concern""]"
LT00832,Benzphetamine hydrochloride,C[C@@H](Cc1ccccc1)N(C)Cc1ccccc1,YXKTVDFXDRQTKV-HNNXBMFYSA-N,69a7902f6e52326aad77f90a1baf38b939d5d679f691d9359fd2863d1b4c4c16,YXKTVDFXDRQTKV,vNo-DILI-concern,0,https://www.fda.gov/media/113052/download?attachment=,https://pubchem.ncbi.nlm.nih.gov/compound/11558159,11558159,dilirank_parent_v1,"[""LT00832""]","[""vNo-DILI-concern""]"
LT00836,Glycopyrrolate,C[N+]1(C)CCC(OC(=O)C(O)(c2ccccc2)C2CCCC2)C1,ANGKOCUUWGHLCE-UHFFFAOYSA-N,244f971e3633678fb96142bd8871ce4d7309a0f1d9520c0fe6a0d893c2fec79f,ANGKOCUUWGHLCE,vNo-DILI-concern,0,https://www.fda.gov/media/113052/download?attachment=,https://pubchem.ncbi.nlm.nih.gov/compound/11693,11693,dilirank_parent_v1,"[""LT00836""]","[""vNo-DILI-concern""]"
LT00838,Metyrapone,CC(C)(C(=O)c1cccnc1)c1cccnc1,FJLBFSROUSIWMA-UHFFFAOYSA-N,8bd23ca3deef4f6e717602ad52fa7d7edfbd55b48b5f4b3ae3d4aa96b9a0543b,FJLBFSROUSIWMA,vNo-DILI-concern,0,https://www.fda.gov/media/113052/download?attachment=,https://pubchem.ncbi.nlm.nih.gov/compound/4174,4174,dilirank_parent_v1,"[""LT00838""]","[""vNo-DILI-concern""]"
LT00841,Metaxalone,Cc1cc(C)cc(OCC2CNC(=O)O2)c1,IMWZZHHPURKASS-UHFFFAOYSA-N,a07519c9126f6c6348afc214ad361ad4a3d4e3ff34d9d1e713153e597f9d44e2,IMWZZHHPURKASS,vLess-DILI-concern,1,https://www.fda.gov/media/113052/download?attachment=,https://pubchem.ncbi.nlm.nih.gov/compound/15459,15459,dilirank_parent_v1,"[""LT00841""]","[""vLess-DILI-concern""]"
LT00845,Oxandrolone,C[C@]12COC(=O)C[C@@H]1CC[C@@H]1[C@@H]2CC[C@@]2(C)[C@H]1CC[C@]2(C)O,QSLJIVKCVHQPLV-PEMPUTJUSA-N,d023fb92169fb089c6da8cb31c1597bf4a763be07c240806b73f3636a81a8a50,QSLJIVKCVHQPLV,vMost-DILI-concern,1,https://www.fda.gov/media/113052/download?attachment=,https://pubchem.ncbi.nlm.nih.gov/compound/5878,5878,dilirank_parent_v1,"[""LT00845""]","[""vMost-DILI-concern""]"
LT00848,Protriptyline hydrochloride,CNCCCC1c2ccccc2C=Cc2ccccc21,BWPIARFWQZKAIA-UHFFFAOYSA-N,ce335d53fc3cbb7d9694ce16f8a4760d3b3b2c98e5283b690ca21a0624fff3d7,BWPIARFWQZKAIA,vNo-DILI-concern,0,https://www.fda.gov/media/113052/download?attachment=,https://pubchem.ncbi.nlm.nih.gov/compound/6603149,6603149,dilirank_parent_v1,"[""LT00848""]","[""vNo-DILI-concern""]"
LT00857,Flavoxate hydrochloride,Cc1c(-c2ccccc2)oc2c(C(=O)OCCN3CCCCC3)cccc2c1=O,SPIUTQOUKAMGCX-UHFFFAOYSA-N,f4594b3b2da1099d8c7d4f3b5a729b97602b64104615cd964f9f4bc2b19ae412,SPIUTQOUKAMGCX,vLess-DILI-concern,1,https://www.fda.gov/media/113052/download?attachment=,https://pubchem.ncbi.nlm.nih.gov/compound/441345,441345,dilirank_parent_v1,"[""LT00857""]","[""vLess-DILI-concern""]"
LT00859,Ketamine hydrochloride,CNC1(c2ccccc2Cl)CCCCC1=O,YQEZLKZALYSWHR-UHFFFAOYSA-N,65f4612820e0f2c51c9717e783dcb8b29b67d77ea893cb0f2b5bbe1ff50d0081,YQEZLKZALYSWHR,vLess-DILI-concern,1,https://www.fda.gov/media/113052/download?attachment=,https://pubchem.ncbi.nlm.nih.gov/compound/15851,15851,dilirank_parent_v1,"[""LT00859""]","[""vLess-DILI-concern""]"
LT00867,Pancuronium bromide,CC(=O)O[C@H]1C[C@@H]2CC[C@@H]3[C@H](CC[C@@]4(C)[C@H]3C[C@H]([N+]3(C)CCCCC3)[C@@H]4OC(C)=O)[C@@]2(C)C[C@@H]1[N+]1(C)CCCCC1,GVEAYVLWDAFXET-XGHATYIMSA-N,17a4e83f85015a1882dd93b932704f3a9048b50ce2706d53dbf9dee3c9bc8054,GVEAYVLWDAFXET,vNo-DILI-concern,0,https://www.fda.gov/media/113052/download?attachment=,https://pubchem.ncbi.nlm.nih.gov/compound/27350,27350,dilirank_parent_v1,"[""LT00867""]","[""vNo-DILI-concern""]"
LT00869,Pentagastrin,CSCC[C@H](NC(=O)[C@H](Cc1c[nH]c2ccccc12)NC(=O)CCNC(=O)OC(C)(C)C)C(=O)N[C@@H](CC(=O)O)C(=O)N[C@@H](Cc1ccccc1)C(N)=O,NEYNJQRKHLUJRU-DZUOILHNSA-N,84fb927f3a13bb0450f959bdb07c1565c8fb261b4a169544ab5f48f9ae1d25f1,NEYNJQRKHLUJRU,vNo-DILI-concern,0,https://www.fda.gov/media/113052/download?attachment=,https://pubchem.ncbi.nlm.nih.gov/compound/9853654,9853654,dilirank_parent_v1,"[""LT00869""]","[""vNo-DILI-concern""]"
LT00870,Dextroamphetamine sulfate,C[C@H](N)Cc1ccccc1,KWTSXDURSIMDCE-QMMMGPOBSA-N,8c34a44948a7ebe1cd78d54ebf2c9da72611f6aa0031988ce82a8882d9fda897,KWTSXDURSIMDCE,vNo-DILI-concern,0,https://www.fda.gov/media/113052/download?attachment=,https://pubchem.ncbi.nlm.nih.gov/compound/5825,5825,dilirank_parent_v1,"[""LT00870""]","[""vNo-DILI-concern""]"
LT00877,Terbutaline sulfate,CC(C)(C)NCC(O)c1cc(O)cc(O)c1,XWTYSIMOBUGWOL-UHFFFAOYSA-N,5f42c2f1540bff1d8534b19d7295fa1ffdb57b488b166972d17fd8e786de2dab,XWTYSIMOBUGWOL,vLess-DILI-concern,1,https://www.fda.gov/media/113052/download?attachment=,https://pubchem.ncbi.nlm.nih.gov/compound/441334,441334,dilirank_parent_v1,"[""LT00877""]","[""vLess-DILI-concern""]"
LT00881,Colestipol hydrochloride,NCCNCCNCCNCCN,FAGUFWYHJQFNRV-UHFFFAOYSA-N,0cb019d049dc3a0fcef8140702aea7a1ff34e7ed1ae348765a79851eb494f848,FAGUFWYHJQFNRV,vLess-DILI-concern,1,https://www.fda.gov/media/113052/download?attachment=,https://pubchem.ncbi.nlm.nih.gov/compound/3084661,3084661,dilirank_parent_v1,"[""LT00881""]","[""vLess-DILI-concern""]"
LT00886,Lactulose,OC[C@H]1O[C@@H](O[C@@H]2[C@@H](CO)O[C@](O)(CO)[C@H]2O)[C@H](O)[C@@H](O)[C@H]1O,JCQLYHFGKNRPGE-FCVZTGTOSA-N,ed722a4aad45c72967195d8ef80024877a40a477cb20725c56aec43f399c740d,JCQLYHFGKNRPGE,vNo-DILI-concern,0,https://www.fda.gov/media/113052/download?attachment=,https://pubchem.ncbi.nlm.nih.gov/compound/11333,11333,dilirank_parent_v1,"[""LT00886""]","[""vNo-DILI-concern""]"
LT00894,Fluorescein sodium,O=C(O)c1ccccc1-c1c2ccc(=O)cc-2oc2cc(O)ccc12,YKGGGCXBWXHKIZ-UHFFFAOYSA-N,37878b53e6e3dbfcce6ff55d73f2f5c6371d346f22820e866fe5d18aa38d7d87,YKGGGCXBWXHKIZ,vNo-DILI-concern,0,https://www.fda.gov/media/113052/download?attachment=,https://pubchem.ncbi.nlm.nih.gov/compound/10608,10608,dilirank_parent_v1,"[""LT00894""]","[""vNo-DILI-concern""]"
LT00895,Metyrosine,C[C@](N)(Cc1ccc(O)cc1)C(=O)O,NHTGHBARYWONDQ-JTQLQIEISA-N,8d9a5a201d5b12a41fde64a25b4d631ef50c6f07befbc0171e666dab1c0337d2,NHTGHBARYWONDQ,vNo-DILI-concern,0,https://www.fda.gov/media/113052/download?attachment=,https://pubchem.ncbi.nlm.nih.gov/compound/441350,441350,dilirank_parent_v1,"[""LT00895""]","[""vNo-DILI-concern""]"
LT00899,Calcitriol,C=C1/C(=C\C=C2/CCC[C@]3(C)[C@@H]([C@H](C)CCCC(C)(C)O)CC[C@@H]23)C[C@@H](O)C[C@@H]1O,GMRQFYUYWCNGIN-NKMMMXOESA-N,44afecf06707f29e6418408d21be0ec69e5d1b756ba7605ee430b59997c41153,GMRQFYUYWCNGIN,vNo-DILI-concern,0,https://www.fda.gov/media/113052/download?attachment=,https://pubchem.ncbi.nlm.nih.gov/compound/5280453,5280453,dilirank_parent_v1,"[""LT00899""]","[""vNo-DILI-concern""]"
LT00905,Morphine sulfate,CN1CC[C@]23c4c5ccc(O)c4O[C@H]2[C@@H](O)C=C[C@H]3[C@H]1C5,BQJCRHHNABKAKU-KBQPJGBKSA-N,3803702e965115d917b2c573b5b24a34e777ee643b536aff032f6cd653e9146d,BQJCRHHNABKAKU,vNo-DILI-concern,0,https://www.fda.gov/media/113052/download?attachment=,https://pubchem.ncbi.nlm.nih.gov/compound/16051935,16051935,dilirank_parent_v1,"[""LT00905""]","[""vNo-DILI-concern""]"
LT00910,Nabilone,CCCCCCC(C)(C)c1cc(O)c2c(c1)OC(C)(C)[C@@H]1CCC(=O)C[C@@H]21,GECBBEABIDMGGL-RTBURBONSA-N,fdf988b2fc381e0db9937ad60818eaf1fe3e79a171f702a7d239b109879292e5,GECBBEABIDMGGL,vNo-DILI-concern,0,https://www.fda.gov/media/113052/download?attachment=,https://pubchem.ncbi.nlm.nih.gov/compound/5284592,5284592,dilirank_parent_v1,"[""LT00910""]","[""vNo-DILI-concern""]"
LT00916,Vecuronium bromide,CC(=O)O[C@H]1C[C@@H]2CC[C@@H]3[C@H](CC[C@@]4(C)[C@H]3C[C@H]([N+]3(C)CCCCC3)[C@@H]4OC(C)=O)[C@@]2(C)C[C@@H]1N1CCCCC1,BGSZAXLLHYERSY-XQIGCQGXSA-N,97aa066b96b0c27351d67c0415921a2dae7a42a7f34d755cc56f013da0395fd1,BGSZAXLLHYERSY,vNo-DILI-concern,0,https://www.fda.gov/media/113052/download?attachment=,https://pubchem.ncbi.nlm.nih.gov/compound/39764,39764,dilirank_parent_v1,"[""LT00916""]","[""vNo-DILI-concern""]"
LT00917,Atracurium,COc1ccc(CC2c3cc(OC)c(OC)cc3CC[N+]2(C)CCC(=O)OCCCCCOC(=O)CC[N+]2(C)CCc3cc(OC)c(OC)cc3C2Cc2ccc(OC)c(OC)c2)cc1OC,YXSLJKQTIDHPOT-UHFFFAOYSA-N,c1413d33e3b89564c0a52cdc881ad7533caf6b583f684f8ee0500d40302e67fe,YXSLJKQTIDHPOT,vNo-DILI-Concern,0,https://www.fda.gov/media/113052/download?attachment=,https://pubchem.ncbi.nlm.nih.gov/compound/47319,47319,dilirank_parent_v1,"[""LT00917""]","[""vNo-DILI-Concern""]"
LT00920,Sufentanil citrate,CCC(=O)N(c1ccccc1)C1(COC)CCN(CCc2cccs2)CC1,GGCSSNBKKAUURC-UHFFFAOYSA-N,9a1434b3bacc3c916be3288aedb032fc1de4391a694156287aeccd35ba220cdc,GGCSSNBKKAUURC,vNo-DILI-concern,0,https://www.fda.gov/media/113052/download?attachment=,https://pubchem.ncbi.nlm.nih.gov/compound/65494,65494,dilirank_parent_v1,"[""LT00920""]","[""vNo-DILI-concern""]"
LT00923,Tranexamic acid,NCC1CCC(C(=O)O)CC1,GYDJEQRTZSCIOI-UHFFFAOYSA-N,5fb74783b085a5832a62add2cdd79242f0aa8ab12fe547f4ce5dcc8b7956d62d,GYDJEQRTZSCIOI,vNo-DILI-concern,0,https://www.fda.gov/media/113052/download?attachment=,https://pubchem.ncbi.nlm.nih.gov/compound/5526,5526,dilirank_parent_v1,"[""LT00923""]","[""vNo-DILI-concern""]"
LT00925,Alfentanil hydrochloride,CCC(=O)N(c1ccccc1)C1(COC)CCN(CCn2nnn(CC)c2=O)CC1,IDBPHNDTYPBSNI-UHFFFAOYSA-N,7276dd90938776ef2ce04c528eea319996887039a3366fbea7de682b599e18e4,IDBPHNDTYPBSNI,vNo-DILI-concern,0,https://www.fda.gov/media/113052/download?attachment=,https://pubchem.ncbi.nlm.nih.gov/compound/64761,64761,dilirank_parent_v1,"[""LT00925""]","[""vNo-DILI-concern""]"
LT00929,Urofollitropin,CC[C@@H](C)C1NC(=O)[C@@H](Cc2ccc(O)cc2)NC(=O)[C@H](N)CSSC[C@H](C(=O)N2CCC[C@@H]2C(=O)N[C@H](CC(C)C)C(=O)NCC(N)=O)NC(=O)[C@H](CC(N)=O)NC(=O)[C@H]([C@H](C)O)NC1=O,ZDRRIRUAESZNIH-JLSAMJFVSA-N,913fdd3890e8367b6916a32ed0bc36e9fe5c8657242ad4d9f325df25f5c1716a,ZDRRIRUAESZNIH,vNo-DILI-concern,0,https://www.fda.gov/media/113052/download?attachment=,https://pubchem.ncbi.nlm.nih.gov/compound/73759969,73759969,dilirank_parent_v1,"[""LT00929""]","[""vNo-DILI-concern""]"
LT00937,Rimantadine hydrochloride,CC(N)C12CC3CC(CC(C3)C1)C2,UBCHPRBFMUDMNC-UHFFFAOYSA-N,23e0031494b941e3e561ad299b4854ae5c8eeaf3528e1f13e376878bbe5618c6,UBCHPRBFMUDMNC,vNo-DILI-concern,0,https://www.fda.gov/media/113052/download?attachment=,https://pubchem.ncbi.nlm.nih.gov/compound/15165,15165,dilirank_parent_v1,"[""LT00937""]","[""vNo-DILI-concern""]"
LT00944,Fenoldopam mesylate,Oc1ccc(C2CNCCc3c2cc(O)c(O)c3Cl)cc1,TVURRHSHRRELCG-UHFFFAOYSA-N,ca6e18e97ee086b32e7566457d6c74d1ef92c58810eeb4022745d256c9454660,TVURRHSHRRELCG,vNo-DILI-concern,0,https://www.fda.gov/media/113052/download?attachment=,https://pubchem.ncbi.nlm.nih.gov/compound/49659,49659,dilirank_parent_v1,"[""LT00944""]","[""vNo-DILI-concern""]"
LT00950,Mivacurium chloride,COc1cc2c(cc1OC)[C@@H](Cc1cc(OC)c(OC)c(OC)c1)[N+](C)(CCCOC(=O)CC/C=C/CCC(=O)OCCC[N+]1(C)CCc3cc(OC)c(OC)cc3[C@H]1Cc1cc(OC)c(OC)c(OC)c1)CC2,ILVYCEVXHALBSC-OTBYEXOQSA-N,5f14b50c14610f97eab042cbf2035f5d1dac51f8ff09305435a1d92a76d27cf0,ILVYCEVXHALBSC,vNo-DILI-concern,0,https://www.fda.gov/media/113052/download?attachment=,https://pubchem.ncbi.nlm.nih.gov/compound/5281080,5281080,dilirank_parent_v1,"[""LT00950""]","[""vNo-DILI-concern""]"
LT00957,Rocuronium bromide,C=CC[N+]1([C@H]2C[C@H]3[C@@H]4CC[C@H]5C[C@H](O)[C@@H](N6CCOCC6)C[C@]5(C)[C@H]4CC[C@]3(C)[C@H]2OC(C)=O)CCCC1,YXRDKMPIGHSVRX-OOJCLDBCSA-N,b48777f257ef1c5233e1e6f71805de73e6aba4d841519814227c144627afc70c,YXRDKMPIGHSVRX,vNo-DILI-concern,0,https://www.fda.gov/media/113052/download?attachment=,https://pubchem.ncbi.nlm.nih.gov/compound/441351,441351,dilirank_parent_v1,"[""LT00957""]","[""vNo-DILI-concern""]"
LT00974,Ibutilide fumarate,CCCCCCCN(CC)CCCC(O)c1ccc(NS(C)(=O)=O)cc1,ALOBUEHUHMBRLE-UHFFFAOYSA-N,6a33b0da92f0389645455c528b7481be3c1ef9e705a6630627312b73dbd00074,ALOBUEHUHMBRLE,vNo-DILI-concern,0,https://www.fda.gov/media/113052/download?attachment=,https://pubchem.ncbi.nlm.nih.gov/compound/5281065,5281065,dilirank_parent_v1,"[""LT00974""]","[""vNo-DILI-concern""]"
LT00978,Cisatracurium besylate,COc1ccc(C[C@@H]2c3cc(OC)c(OC)cc3CC[N@+]2(C)CCC(=O)OCCCCCOC(=O)CC[N@@+]2(C)CCc3cc(OC)c(OC)cc3[C@H]2Cc2ccc(OC)c(OC)c2)cc1OC,YXSLJKQTIDHPOT-LJCJQEJUSA-N,a9b963e5cd73933860e3c19090190dd837d76a2b5c77867805300a1fee879069,YXSLJKQTIDHPOT,vNo-DILI-concern,0,https://www.fda.gov/media/113052/download?attachment=,https://pubchem.ncbi.nlm.nih.gov/compound/62886,62886,dilirank_parent_v1,"[""LT00978""]","[""vNo-DILI-concern""]"
LT00979,Oxycodone hydrochloride,COc1ccc2c3c1O[C@H]1C(=O)CC[C@@]4(O)[C@@H](C2)N(C)CC[C@]314,BRUQQQPBMZOVGD-XFKAJCMBSA-N,7b4faac4f57c4257cdefceba11627a9fb9d94596d4353afb76c49dc432e93b99,BRUQQQPBMZOVGD,vLess-DILI-concern,1,https://www.fda.gov/media/113052/download?attachment=,https://pubchem.ncbi.nlm.nih.gov/compound/5462350,5462350,dilirank_parent_v1,"[""LT00979""]","[""vLess-DILI-concern""]"
LT00980,Alendronate sodium,NCCCC(O)(P(=O)(O)O)P(=O)(O)O,OGSPWJRAVKPPFI-UHFFFAOYSA-N,4187b27055dd478e4304dc2f84bfa5554aac08121aaf8b9300c5ed43f5246a78,OGSPWJRAVKPPFI,vLess-DILI-concern,1,https://www.fda.gov/media/113052/download?attachment=,https://pubchem.ncbi.nlm.nih.gov/compound/23681107,23681107,dilirank_parent_v1,"[""LT00980""]","[""vLess-DILI-concern""]"
LT00982,Tamsulosin hydrochloride,CCOc1ccccc1OCCN[C@H](C)Cc1ccc(OC)c(S(N)(=O)=O)c1,DRHKJLXJIQTDTD-OAHLLOKOSA-N,73e4493eccdf9eee4ca67acbc19c7a9dd34aac61b247ff9fff38eccff5cdf5ef,DRHKJLXJIQTDTD,vLess-DILI-concern,1,https://www.fda.gov/media/113052/download?attachment=,https://pubchem.ncbi.nlm.nih.gov/compound/5362376,5362376,dilirank_parent_v1,"[""LT00982""]","[""vLess-DILI-concern""]"
LT00987,Remifentanil hydrochloride,CCC(=O)N(c1ccccc1)C1(C(=O)OC)CCN(CCC(=O)OC)CC1,ZTVQQQVZCWLTDF-UHFFFAOYSA-N,7a4b554797d3822e1a36bea73583e73b3b51db702d3b92773a7aab663c2f9b05,ZTVQQQVZCWLTDF,vLess-DILI-concern,1,https://www.fda.gov/media/113052/download?attachment=,https://pubchem.ncbi.nlm.nih.gov/compound/60814,60814,dilirank_parent_v1,"[""LT00987""]","[""vLess-DILI-concern""]"
LT00988,Sibutramine hydrochloride,CC(C)CC(N(C)C)C1(c2ccc(Cl)cc2)CCC1,UNAANXDKBXWMLN-UHFFFAOYSA-N,a77e67bf736b91d7c15f5837ce033554b9a7655bb20f69f756aeea1e872dd3fc,UNAANXDKBXWMLN,vLess-DILI-concern,1,https://www.fda.gov/media/113052/download?attachment=,https://pubchem.ncbi.nlm.nih.gov/compound/64764,64764,dilirank_parent_v1,"[""LT00988""]","[""vLess-DILI-concern""]"
LT00990,Ropinirole hydrochloride,CCCN(CCC)CCc1cccc2c1CC(=O)N2,UHSKFQJFRQCDBE-UHFFFAOYSA-N,e153ec71539a3356de5f39397d24a4ecc054f579811e2733d312387dbd90203f,UHSKFQJFRQCDBE,vLess-DILI-concern,1,https://www.fda.gov/media/113052/download?attachment=,https://pubchem.ncbi.nlm.nih.gov/compound/68727,68727,dilirank_parent_v1,"[""LT00990""]","[""vLess-DILI-concern""]"
LT00992,Miglitol,OCCN1C[C@H](O)[C@@H](O)[C@H](O)[C@H]1CO,IBAQFPQHRJAVAV-ULAWRXDQSA-N,9e8bafbac539a491540114797a046836ce26cf2e2cbea1cfd89bb3b890f688d4,IBAQFPQHRJAVAV,vNo-DILI-concern,0,https://www.fda.gov/media/113052/download?attachment=,https://pubchem.ncbi.nlm.nih.gov/compound/441314,441314,dilirank_parent_v1,"[""LT00992""]","[""vNo-DILI-concern""]"
LT00998,Tiludronate disodium,O=P(O)(O)C(Sc1ccc(Cl)cc1)P(=O)(O)O,DKJJVAGXPKPDRL-UHFFFAOYSA-N,b09bad044ebfb89a2b83a26d7a31839a1b10db332a8377db28a02d415df902a3,DKJJVAGXPKPDRL,vNo-DILI-concern,0,https://www.fda.gov/media/113052/download?attachment=,https://pubchem.ncbi.nlm.nih.gov/compound/60936,60936,dilirank_parent_v1,"[""LT00998""]","[""vNo-DILI-concern""]"
LT00999,Eptifibatide,NC(=O)[C@@H]1CSSCCC(=O)N[C@@H](CCCCN=C(N)N)C(=O)NCC(=O)N[C@@H](CC(=O)O)C(=O)N[C@@H](Cc2c[nH]c3ccccc23)C(=O)N2CCC[C@H]2C(=O)N1,CZKPOZZJODAYPZ-LROMGURASA-N,0013c19e6ad3463cbe9158a3d3e3a25a2d1ee4539f4890711ac07bb241af0c97,CZKPOZZJODAYPZ,vNo-DILI-concern,0,https://www.fda.gov/media/113052/download?attachment=,https://pubchem.ncbi.nlm.nih.gov/compound/448812,448812,dilirank_parent_v1,"[""LT00999""]","[""vNo-DILI-concern""]"
LT01002,Repaglinide,CCOc1cc(CC(=O)N[C@@H](CC(C)C)c2ccccc2N2CCCCC2)ccc1C(=O)O,FAEKWTJYAYMJKF-QHCPKHFHSA-N,8d02fde3d1c3df217878da7adeadc4532a38731d9c6150397dfcb397c0c595d9,FAEKWTJYAYMJKF,vLess-DILI-concern,1,https://www.fda.gov/media/113052/download?attachment=,https://pubchem.ncbi.nlm.nih.gov/compound/65981,65981,dilirank_parent_v1,"[""LT01002""]","[""vLess-DILI-concern""]"
LT01005,Irbesartan,CCCCC1=NC2(CCCC2)C(=O)N1Cc1ccc(-c2ccccc2-c2nn[nH]n2)cc1,YOSHYTLCDANDAN-UHFFFAOYSA-N,0e8cc79fbbf1cb1ff1fecc2504876a122cbaab4f7865e5096347f1c94d1cd9c5,YOSHYTLCDANDAN,vLess-DILI-concern,1,https://www.fda.gov/media/113052/download?attachment=,https://pubchem.ncbi.nlm.nih.gov/compound/3749,3749,dilirank_parent_v1,"[""LT01005""]","[""vLess-DILI-concern""]"
LT01011,Tolterodine tartrate,Cc1ccc(O)c([C@H](CCN(C(C)C)C(C)C)c2ccccc2)c1,OOGJQPCLVADCPB-HXUWFJFHSA-N,dc4af8e783d02890f14d8a14ea802d071661ac20facf668663a0171fe5242c5b,OOGJQPCLVADCPB,vLess-DILI-concern,1,https://www.fda.gov/media/113052/download?attachment=,https://pubchem.ncbi.nlm.nih.gov/compound/443878,443878,dilirank_parent_v1,"[""LT01011""]","[""vLess-DILI-concern""]"
LT01012,Nelfinavir mesylate,Cc1c(O)cccc1C(=O)N[C@@H](CSc1ccccc1)[C@H](O)CN1C[C@H]2CCCC[C@H]2C[C@H]1C(=O)NC(C)(C)C,QAGYKUNXZHXKMR-HKWSIXNMSA-N,333e536a8de141146dbd23c421af70909f44dd4d658da25ad48e24a4cb770c9e,QAGYKUNXZHXKMR,vLess-DILI-concern,1,https://www.fda.gov/media/113052/download?attachment=,https://pubchem.ncbi.nlm.nih.gov/compound/64142,64142,dilirank_parent_v1,"[""LT01012""]","[""vLess-DILI-concern""]"
LT01016,Rivastigmine tartrate,CCN(C)C(=O)Oc1cccc([C@H](C)N(C)C)c1,XSVMFMHYUFZWBK-NSHDSACASA-N,5c99dc9b8432491aed3bbb46e099f855c0134eecd678a2a4398b1e857fc8b3dd,XSVMFMHYUFZWBK,vLess-DILI-concern,1,https://www.fda.gov/media/113052/download?attachment=,https://pubchem.ncbi.nlm.nih.gov/compound/6918078,6918078,dilirank_parent_v1,"[""LT01016""]","[""vLess-DILI-concern""]"
LT01017,Ziprasidone hydrochloride,O=C1Cc2cc(CCN3CCN(c4nsc5ccccc45)CC3)c(Cl)cc2N1,MVWVFYHBGMAFLY-UHFFFAOYSA-N,3f91a17c6f054dd27175ed006332cffa503b96838ec8c591b932143f1f7e6333,MVWVFYHBGMAFLY,vLess-DILI-concern,1,https://www.fda.gov/media/113052/download?attachment=,https://pubchem.ncbi.nlm.nih.gov/compound/219099,219099,dilirank_parent_v1,"[""LT01017""]","[""vLess-DILI-concern""]"
LT01022,Candesartan cilexetil,CCOc1nc2cccc(C(=O)OC(C)OC(=O)OC3CCCCC3)c2n1Cc1ccc(-c2ccccc2-c2nn[nH]n2)cc1,GHOSNRCGJFBJIB-UHFFFAOYSA-N,5283e4b8b19f106fd2804cdba61def2c49d772adeefb2a0aa7b479f8244d0d56,GHOSNRCGJFBJIB,vLess-DILI-concern,1,https://www.fda.gov/media/113052/download?attachment=,https://pubchem.ncbi.nlm.nih.gov/compound/2540,2540,dilirank_parent_v1,"[""LT01022""]","[""vLess-DILI-concern""]"
LT01023,Clopidogrel bisulfate,COC(=O)[C@H](c1ccccc1Cl)N1CCc2sccc2C1,GKTWGGQPFAXNFI-HNNXBMFYSA-N,ed047bb7b67d3780c8268df65eb24299dbbce65cf660ce74dd230d822d9c416a,GKTWGGQPFAXNFI,vLess-DILI-concern,1,https://www.fda.gov/media/113052/download?attachment=,https://pubchem.ncbi.nlm.nih.gov/compound/115366,115366,dilirank_parent_v1,"[""LT01023""]","[""vLess-DILI-concern""]"
LT01029,Fluorouracil,O=c1[nH]cc(F)c(=O)[nH]1,GHASVSINZRGABV-UHFFFAOYSA-N,d2f7637b50f99580ae5867d020c856986d08818faecf94d7afefec01a57ab6d6,GHASVSINZRGABV,vLess-DILI-concern,1,https://www.fda.gov/media/113052/download?attachment=,https://pubchem.ncbi.nlm.nih.gov/compound/3385,3385,dilirank_parent_v1,"[""LT01029""]","[""vLess-DILI-concern""]"
LT01030,Argatroban,CC1CNc2c(cccc2S(=O)(=O)N[C@@H](CCCN=C(N)N)C(=O)N2CC[C@@H](C)C[C@@H]2C(=O)O)C1,KXNPVXPOPUZYGB-IOVMHBDKSA-N,56f76e6618dedcaa9d06b674e25db9f6450397f6ed299f2fc812e37ba8605c64,KXNPVXPOPUZYGB,vNo-DILI-concern,0,https://www.fda.gov/media/113052/download?attachment=,https://pubchem.ncbi.nlm.nih.gov/compound/92722,92722,dilirank_parent_v1,"[""LT01030""]","[""vNo-DILI-concern""]"
LT01033,Sildenafil citrate,CCCc1nn(C)c2c(=O)[nH]c(-c3cc(S(=O)(=O)N4CCN(C)CC4)ccc3OCC)nc12,BNRNXUUZRGQAQC-UHFFFAOYSA-N,4fd48c16fa6d9b01fca4276f47b9ecc9d2d0d366673b9e742c3c6f392d5aba66,BNRNXUUZRGQAQC,vLess-DILI-concern,1,https://www.fda.gov/media/113052/download?attachment=,https://pubchem.ncbi.nlm.nih.gov/compound/135413523,135413523,dilirank_parent_v1,"[""LT01033""]","[""vLess-DILI-concern""]"
LT01034,Acarbose,C[C@H]1O[C@H](O[C@H]2[C@H](O)[C@@H](O)[C@@H](O[C@@H]([C@H](O)[C@@H](O)C=O)[C@H](O)CO)O[C@@H]2CO)[C@H](O)[C@@H](O)[C@@H]1N[C@H]1C=C(CO)[C@@H](O)[C@H](O)[C@H]1O,CEMXHAPUFJOOSV-XGWNLRGSSA-N,ae5ff59e5d1237ca0ff1dac43dcb66326541d29ba54fd256df2dbee496d27ff6,CEMXHAPUFJOOSV,vMost-DILI-concern,1,https://www.fda.gov/media/113052/download?attachment=,https://pubchem.ncbi.nlm.nih.gov/compound/9811704,9811704,dilirank_parent_v1,"[""LT01034""]","[""vMost-DILI-concern""]"
LT01035,Acebutolol hydrochloride,CCCC(=O)Nc1ccc(OCC(O)CNC(C)C)c(C(C)=O)c1,GOEMGAFJFRBGGG-UHFFFAOYSA-N,b4d4f280f76c4bb8e87f26522019aa0cd2f54cf27edd2dc4e59e437aa33df271,GOEMGAFJFRBGGG,vLess-DILI-concern,1,https://www.fda.gov/media/113052/download?attachment=,https://pubchem.ncbi.nlm.nih.gov/compound/441307,441307,dilirank_parent_v1,"[""LT01035""]","[""vLess-DILI-concern""]"
LT01040,Dofetilide,CN(CCOc1ccc(NS(C)(=O)=O)cc1)CCc1ccc(NS(C)(=O)=O)cc1,IXTMWRCNAAVVAI-UHFFFAOYSA-N,f713c99ea5e6d158b37b007b6141bdf668f36895e4518cc8aafadd90f7075802,IXTMWRCNAAVVAI,vLess-DILI-concern,1,https://www.fda.gov/media/113052/download?attachment=,https://pubchem.ncbi.nlm.nih.gov/compound/71329,71329,dilirank_parent_v1,"[""LT01040""]","[""vLess-DILI-concern""]"
LT01041,Acetylcysteine,CC(=O)N[C@@H](CS)C(=O)O,PWKSKIMOESPYIA-BYPYZUCNSA-N,33dd1530be0d058cb351b38653d561221a2ebeae5735c81ce46bd87e88b2657e,PWKSKIMOESPYIA,vNo-DILI-concern,0,https://www.fda.gov/media/113052/download?attachment=,https://pubchem.ncbi.nlm.nih.gov/compound/12035,12035,dilirank_parent_v1,"[""LT01041""]","[""vNo-DILI-concern""]"
LT01042,Acitretin,COc1cc(C)c(/C=C/C(C)=C/C=C/C(C)=C/C(=O)O)c(C)c1C,IHUNBGSDBOWDMA-AQFIFDHZSA-N,a310d9fa18dd8788e6055bc3e7a2644ab94966c4a81bbc5d7e3c97f175cd1ced,IHUNBGSDBOWDMA,vMost-DILI-concern,1,https://www.fda.gov/media/113052/download?attachment=,https://pubchem.ncbi.nlm.nih.gov/compound/5284513,5284513,dilirank_parent_v1,"[""LT01042""]","[""vMost-DILI-concern""]"
LT01047,Adenosine,Nc1ncnc2c1ncn2[C@@H]1O[C@H](CO)[C@@H](O)[C@H]1O,OIRDTQYFTABQOQ-KQYNXXCUSA-N,d4cb55b9273d0faf88abd4a6b3f079bacd504870690efa8fb98de7fafc94c26a,OIRDTQYFTABQOQ,vNo-DILI-concern,0,https://www.fda.gov/media/113052/download?attachment=,https://pubchem.ncbi.nlm.nih.gov/compound/60961,60961,dilirank_parent_v1,"[""LT01047""]","[""vNo-DILI-concern""]"
LT01051,Albuterol,CC(C)(C)NCC(O)c1ccc(O)c(CO)c1,NDAUXUAQIAJITI-UHFFFAOYSA-N,3925d9c2c634780f7359f0e4bff4fb685dca4a6e5f9e2df1619d1750e65695c7,NDAUXUAQIAJITI,vNo-DILI-concern,0,https://www.fda.gov/media/113052/download?attachment=,https://pubchem.ncbi.nlm.nih.gov/compound/2083,2083,dilirank_parent_v1,"[""LT01051""]","[""vNo-DILI-concern""]"
LT01054,Frovatriptan succinate,CN[C@@H]1CCc2[nH]c3ccc(C(N)=O)cc3c2C1,XPSQPHWEGNHMSK-SECBINFHSA-N,6d14690f500896cfa17ec53f8f0f59b002b76f819841abc77d65d1061955dbe7,XPSQPHWEGNHMSK,vNo-DILI-concern,0,https://www.fda.gov/media/113052/download?attachment=,https://pubchem.ncbi.nlm.nih.gov/compound/152943,152943,dilirank_parent_v1,"[""LT01054""]","[""vNo-DILI-concern""]"
LT01056,Oxcarbazepine,NC(=O)N1c2ccccc2CC(=O)c2ccccc21,CTRLABGOLIVAIY-UHFFFAOYSA-N,8c30e01a5f7c210c1a44ca01e63b6f85916ecc2151e45d14ddebcf1c22254fcb,CTRLABGOLIVAIY,vLess-DILI-concern,1,https://www.fda.gov/media/113052/download?attachment=,https://pubchem.ncbi.nlm.nih.gov/compound/34312,34312,dilirank_parent_v1,"[""LT01056""]","[""vLess-DILI-concern""]"
LT01059,Levetiracetam,CC[C@@H](C(N)=O)N1CCCC1=O,HPHUVLMMVZITSG-LURJTMIESA-N,84966a24114aec29aa17fecf7258721211858176eaa0a41774616f0e3ced8ca3,HPHUVLMMVZITSG,vLess-DILI-concern,1,https://www.fda.gov/media/113052/download?attachment=,https://pubchem.ncbi.nlm.nih.gov/compound/5284583,5284583,dilirank_parent_v1,"[""LT01059""]","[""vLess-DILI-concern""]"
LT01060,Alpidem,CCCN(CCC)C(=O)Cc1c(-c2ccc(Cl)cc2)nc2ccc(Cl)cn12,JRTIDHTUMYMPRU-UHFFFAOYSA-N,b5c64e5dec709fb6a0342232856cd235bb0bba15e0795073740f707afef6ff46,JRTIDHTUMYMPRU,vMost-DILI-concern,1,https://www.fda.gov/media/113052/download?attachment=,https://pubchem.ncbi.nlm.nih.gov/compound/54897,54897,dilirank_parent_v1,"[""LT01060""]","[""vMost-DILI-concern""]"
LT01064,Bexarotene,C=C(c1ccc(C(=O)O)cc1)c1cc2c(cc1C)C(C)(C)CCC2(C)C,NAVMQTYZDKMPEU-UHFFFAOYSA-N,d1c00d1a675bfab653c16ebe097e36c0847d9b2ea6b4b375baae79ccb3aa28c1,NAVMQTYZDKMPEU,vMost-DILI-concern,1,https://www.fda.gov/media/113052/download?attachment=,https://pubchem.ncbi.nlm.nih.gov/compound/82146,82146,dilirank_parent_v1,"[""LT01064""]","[""vMost-DILI-concern""]"
LT01065,Perflutren,FC(F)(F)C(F)(F)C(F)(F)F,QYSGYZVSCZSLHT-UHFFFAOYSA-N,e4189af575b68c32822208de75454f71a99702057bdb608932d5f90cbe598a8d,QYSGYZVSCZSLHT,vNo-DILI-concern,0,https://www.fda.gov/media/113052/download?attachment=,https://pubchem.ncbi.nlm.nih.gov/compound/6432,6432,dilirank_parent_v1,"[""LT01065""]","[""vNo-DILI-concern""]"
LT01067,Amifostine,NCCCNCCSP(=O)(O)O,JKOQGQFVAUAYPM-UHFFFAOYSA-N,c3caa40738895022f748595b484f69b68467796fa3f3d009ed20992dd018a353,JKOQGQFVAUAYPM,vNo-DILI-concern,0,https://www.fda.gov/media/113052/download?attachment=,https://pubchem.ncbi.nlm.nih.gov/compound/2141,2141,dilirank_parent_v1,"[""LT01067""]","[""vNo-DILI-concern""]"
LT01068,Amikacin sulfate,NCC[C@H](O)C(=O)N[C@@H]1C[C@H](N)[C@@H](O[C@H]2O[C@H](CN)[C@@H](O)[C@H](O)[C@H]2O)[C@H](O)[C@H]1O[C@H]1O[C@H](CO)[C@@H](O)[C@H](N)[C@H]1O,LKCWBDHBTVXHDL-RMDFUYIESA-N,81f177fe2673343638115650dd3054c3118c68f186d1e2ade2ce02d361074515,LKCWBDHBTVXHDL,vNo-DILI-concern,0,https://www.fda.gov/media/113052/download?attachment=,https://pubchem.ncbi.nlm.nih.gov/compound/38351,38351,dilirank_parent_v1,"[""LT01068""]","[""vNo-DILI-concern""]"
LT01070,Alosetron hydrochloride,Cc1[nH]cnc1CN1CCc2c(c3ccccc3n2C)C1=O,JSWZEAMFRNKZNL-UHFFFAOYSA-N,588ab869f82cad0cf7b2842f4c54b557b3f5cb61393c284770b879bc30240b7a,JSWZEAMFRNKZNL,vLess-DILI-concern,1,https://www.fda.gov/media/113052/download?attachment=,https://pubchem.ncbi.nlm.nih.gov/compound/60758,60758,dilirank_parent_v1,"[""LT01070""]","[""vLess-DILI-concern""]"
LT01071,Aminocaproic acid,NCCCCCC(=O)O,SLXKOJJOQWFEFD-UHFFFAOYSA-N,6b5f14f873131de3597786444e9e2684ffac261137da9273d6022736ec5b45d1,SLXKOJJOQWFEFD,vNo-DILI-concern,0,https://www.fda.gov/media/113052/download?attachment=,https://pubchem.ncbi.nlm.nih.gov/compound/564,564,dilirank_parent_v1,"[""LT01071""]","[""vNo-DILI-concern""]"
LT01072,Levothyroxine sodium,N[C@@H](Cc1cc(I)c(Oc2cc(I)c(O)c(I)c2)c(I)c1)C(=O)O,XUIIKFGFIJCVMT-LBPRGKRZSA-N,d558312e9bbc763fd587ac43a3ec3d0ccdf5fea41076d171666183d99a37937c,XUIIKFGFIJCVMT,vLess-DILI-concern,1,https://www.fda.gov/media/113052/download?attachment=,https://pubchem.ncbi.nlm.nih.gov/compound/23666112,23666112,dilirank_parent_v1,"[""LT01072""]","[""vLess-DILI-concern""]"
LT01077,Linezolid,CC(=O)NC[C@H]1CN(c2ccc(N3CCOCC3)c(F)c2)C(=O)O1,TYZROVQLWOKYKF-ZDUSSCGKSA-N,f1d74c1eb046b5435d2e05010491dbced6b43c84e31a16d290ba2e897d489eb0,TYZROVQLWOKYKF,vLess-DILI-concern,1,https://www.fda.gov/media/113052/download?attachment=,https://pubchem.ncbi.nlm.nih.gov/compound/441401,441401,dilirank_parent_v1,"[""LT01077""]","[""vLess-DILI-concern""]"
LT01084,Gemifloxacin mesylate,CO/N=C1\CN(c2nc3c(cc2F)c(=O)c(C(=O)O)cn3C2CC2)CC1CN,ZRCVYEYHRGVLOC-HYARGMPZSA-N,e54a47ec1d43d1396759be5fe4d85d840ea211eaf2afb22195e35d572793e72b,ZRCVYEYHRGVLOC,vLess-DILI-concern,1,https://www.fda.gov/media/113052/download?attachment=,https://pubchem.ncbi.nlm.nih.gov/compound/9588170,9588170,dilirank_parent_v1,"[""LT01084""]","[""vLess-DILI-concern""]"
LT01085,Desloratadine,Clc1ccc2c(c1)CCc1cccnc1C2=C1CCNCC1,JAUOIFJMECXRGI-UHFFFAOYSA-N,9262fb316169ffa3eafdbfd44ed49d4c03f0edb8bced4d5a36e9134dd5d3bef9,JAUOIFJMECXRGI,vLess-DILI-concern,1,https://www.fda.gov/media/113052/download?attachment=,https://pubchem.ncbi.nlm.nih.gov/compound/124087,124087,dilirank_parent_v1,"[""LT01085""]","[""vLess-DILI-concern""]"
LT01087,Cefditoren pivoxil,CO/N=C(\C(=O)N[C@@H]1C(=O)N2C(C(=O)OCOC(=O)C(C)(C)C)=C(/C=C\c3scnc3C)CS[C@H]12)c1csc(N)n1,AFZFFLVORLEPPO-UVYJNCLZSA-N,40d5836617de1e92e65d98c3f4b3dff81c36d1bec4aeaebb9b237064c9175496,AFZFFLVORLEPPO,vLess-DILI-concern,1,https://www.fda.gov/media/113052/download?attachment=,https://pubchem.ncbi.nlm.nih.gov/compound/6437877,6437877,dilirank_parent_v1,"[""LT01087""]","[""vLess-DILI-concern""]"
LT01088,Zoledronic acid,O=P(O)(O)C(O)(Cn1ccnc1)P(=O)(O)O,XRASPMIURGNCCH-UHFFFAOYSA-N,f78cf2bc873409b5fd7f4264d96659642f57e08abaa3ca7af6faa4b4f4035465,XRASPMIURGNCCH,vLess-DILI-concern,1,https://www.fda.gov/media/113052/download?attachment=,https://pubchem.ncbi.nlm.nih.gov/compound/68740,68740,dilirank_parent_v1,"[""LT01088""]","[""vLess-DILI-concern""]"
LT01097,Voriconazole,C[C@@H](c1ncncc1F)[C@](O)(Cn1cncn1)c1ccc(F)cc1F,BCEHBSKCWLPMDN-MGPLVRAMSA-N,89a73ba113f86bd68c9d1ad6d5816b1788f877b30197a7845cc075e98c84ec40,BCEHBSKCWLPMDN,vMost-DILI-concern,1,https://www.fda.gov/media/113052/download?attachment=,https://pubchem.ncbi.nlm.nih.gov/compound/71616,71616,dilirank_parent_v1,"[""LT01097""]","[""vMost-DILI-concern""]"
LT01100,Guaifenesin,COc1ccccc1OCC(O)CO,HSRJKNPTNIJEKV-UHFFFAOYSA-N,c9b7e59f6f56651ff1a82008eb2449a734513d6d503d22311f740e1372b29557,HSRJKNPTNIJEKV,vNo-DILI-concern,0,https://www.fda.gov/media/113052/download?attachment=,https://pubchem.ncbi.nlm.nih.gov/compound/3516,3516,dilirank_parent_v1,"[""LT01100""]","[""vNo-DILI-concern""]"
LT01102,Olmesartan medoxomil,CCCc1nc(C(C)(C)O)c(C(=O)OCc2oc(=O)oc2C)n1Cc1ccc(-c2ccccc2-c2nn[nH]n2)cc1,UQGKUQLKSCSZGY-UHFFFAOYSA-N,f6c9a3fddca54acc9f6abdcebda1c901eaed463f1f034ed9aefe80feea291eb9,UQGKUQLKSCSZGY,vLess-DILI-concern,1,https://www.fda.gov/media/113052/download?attachment=,https://pubchem.ncbi.nlm.nih.gov/compound/130881,130881,dilirank_parent_v1,"[""LT01102""]","[""vLess-DILI-concern""]"
LT01107,Alfuzosin hydrochloride,COc1cc2nc(N(C)CCCNC(=O)C3CCCO3)nc(N)c2cc1OC,WNMJYKCGWZFFKR-UHFFFAOYSA-N,5699308921803db6ee00518a5e12bc946d02785065b51d018010a5fb26ee970e,WNMJYKCGWZFFKR,vLess-DILI-concern,1,https://www.fda.gov/media/113052/download?attachment=,https://pubchem.ncbi.nlm.nih.gov/compound/71764,71764,dilirank_parent_v1,"[""LT01107""]","[""vLess-DILI-concern""]"
LT01112,Dutasteride,C[C@]12C=CC(=O)N[C@@H]1CC[C@@H]1[C@@H]2CC[C@]2(C)[C@@H](C(=O)Nc3cc(C(F)(F)F)ccc3C(F)(F)F)CC[C@@H]12,JWJOTENAMICLJG-QWBYCMEYSA-N,cdf28c65974dd682004b103b5c8ffcc430257c3b445602d0cb0ac46e0b84947a,JWJOTENAMICLJG,vNo-DILI-concern,0,https://www.fda.gov/media/113052/download?attachment=,https://pubchem.ncbi.nlm.nih.gov/compound/6918296,6918296,dilirank_parent_v1,"[""LT01112""]","[""vNo-DILI-concern""]"
LT01113,Baclofen,NCC(CC(=O)O)c1ccc(Cl)cc1,KPYSYYIEGFHWSV-UHFFFAOYSA-N,c235a36cccf12241a7dd4e74547b9c37bb0c2907c4364e09128434fcda3b2918,KPYSYYIEGFHWSV,vLess-DILI-concern,1,https://www.fda.gov/media/113052/download?attachment=,https://pubchem.ncbi.nlm.nih.gov/compound/2284,2284,dilirank_parent_v1,"[""LT01113""]","[""vLess-DILI-concern""]"
LT01116,Benazepril hydrochloride,CCOC(=O)[C@H](CCc1ccccc1)N[C@H]1CCc2ccccc2N(CC(=O)O)C1=O,XPCFTKFZXHTYIP-PMACEKPBSA-N,cee79cbe40daebc69e4f6bc4f9876c3e427b892917f01181cc4619980938dc6e,XPCFTKFZXHTYIP,vLess-DILI-concern,1,https://www.fda.gov/media/113052/download?attachment=,https://pubchem.ncbi.nlm.nih.gov/compound/5362123,5362123,dilirank_parent_v1,"[""LT01116""]","[""vLess-DILI-concern""]"
LT01117,Bendazac,O=C(O)COc1nn(Cc2ccccc2)c2ccccc12,BYFMCKSPFYVMOU-UHFFFAOYSA-N,df892df786f6feef00846f6441b8ea173c86e44128151dd0fb53460f3e498057,BYFMCKSPFYVMOU,vMost-DILI-concern,1,https://www.fda.gov/media/113052/download?attachment=,https://pubchem.ncbi.nlm.nih.gov/compound/2313,2313,dilirank_parent_v1,"[""LT01117""]","[""vMost-DILI-concern""]"
LT01120,Benzarone,CCc1oc2ccccc2c1C(=O)c1ccc(O)cc1,RFRXIWQYSOIBDI-UHFFFAOYSA-N,ca62218baa7ab3eb418bc6d934a34ac0d2f6d67c7edb9be0589301392be9ce7f,RFRXIWQYSOIBDI,vMost-DILI-concern,1,https://www.fda.gov/media/113052/download?attachment=,https://pubchem.ncbi.nlm.nih.gov/compound/255968,255968,dilirank_parent_v1,"[""LT01120""]","[""vMost-DILI-concern""]"
LT01121,Benziodarone,CCc1oc2ccccc2c1C(=O)c1cc(I)c(O)c(I)c1,CZCHIEJNWPNBDE-UHFFFAOYSA-N,a33e42987213a6e644f071a132002a5b0c854fd30496bb247973e013ce073a77,CZCHIEJNWPNBDE,vMost-DILI-concern,1,https://www.fda.gov/media/113052/download?attachment=,https://pubchem.ncbi.nlm.nih.gov/compound/6237,6237,dilirank_parent_v1,"[""LT01121""]","[""vMost-DILI-concern""]"
LT01126,Miglustat,CCCCN1C[C@H](O)[C@@H](O)[C@H](O)[C@H]1CO,UQRORFVVSGFNRO-UTINFBMNSA-N,85dfa92e6cc50bda4d7532e40843353da561d0059ab0b57f020aa7b248ae6309,UQRORFVVSGFNRO,vNo-DILI-concern,0,https://www.fda.gov/media/113052/download?attachment=,https://pubchem.ncbi.nlm.nih.gov/compound/51634,51634,dilirank_parent_v1,"[""LT01126""]","[""vNo-DILI-concern""]"
LT01129,Tadalafil,CN1CC(=O)N2[C@H](c3ccc4c(c3)OCO4)c3[nH]c4ccccc4c3C[C@@H]2C1=O,WOXKDUGGOYFFRN-IIBYNOLFSA-N,0d897c2a41f9cae928c6520fece5dc2e2f17a16126becdf41641ca4a60535201,WOXKDUGGOYFFRN,vLess-DILI-concern,1,https://www.fda.gov/media/113052/download?attachment=,https://pubchem.ncbi.nlm.nih.gov/compound/110635,110635,dilirank_parent_v1,"[""LT01129""]","[""vLess-DILI-concern""]"
LT01139,Atomoxetine hydrochloride,CNCC[C@@H](Oc1ccccc1C)c1ccccc1,VHGCDTVCOLNTBX-QGZVFWFLSA-N,1993cbd5f117a319d936b90cd724e4aaf318872cfcb1eeb547806191b56bf86f,VHGCDTVCOLNTBX,vMost-DILI-concern,1,https://www.fda.gov/media/113052/download?attachment=,https://pubchem.ncbi.nlm.nih.gov/compound/54840,54840,dilirank_parent_v1,"[""LT01139""]","[""vMost-DILI-concern""]"
LT01140,Bosentan,COc1ccccc1Oc1c(NS(=O)(=O)c2ccc(C(C)(C)C)cc2)nc(-c2ncccn2)nc1OCCO,GJPICJJJRGTNOD-UHFFFAOYSA-N,7998f165f0345f8ebb4117e67d1482a9314384c9c1ac38f1caa95e539c59a70e,GJPICJJJRGTNOD,vMost-DILI-concern,1,https://www.fda.gov/media/113052/download?attachment=,https://pubchem.ncbi.nlm.nih.gov/compound/104865,104865,dilirank_parent_v1,"[""LT01140""]","[""vMost-DILI-concern""]"
LT01141,Acamprosate calcium,CC(=O)NCCCS(=O)(=O)O,AFCGFAGUEYAMAO-UHFFFAOYSA-N,2e5e100a66dc355f40298d45467d79225bef94f50011b8546dc1bb0c1ae41b62,AFCGFAGUEYAMAO,vLess-DILI-concern,1,https://www.fda.gov/media/113052/download?attachment=,https://pubchem.ncbi.nlm.nih.gov/compound/155434,155434,dilirank_parent_v1,"[""LT01141""]","[""vLess-DILI-concern""]"
LT01143,Aripiprazole,O=C1CCc2ccc(OCCCCN3CCN(c4cccc(Cl)c4Cl)CC3)cc2N1,CEUORZQYGODEFX-UHFFFAOYSA-N,19bf2214eddad370ad0c076bd3cb26e1037773eaf80a89c6ea1bbc8561464f91,CEUORZQYGODEFX,vLess-DILI-concern,1,https://www.fda.gov/media/113052/download?attachment=,https://pubchem.ncbi.nlm.nih.gov/compound/60795,60795,dilirank_parent_v1,"[""LT01143""]","[""vLess-DILI-concern""]"
LT01144,Budesonide,CCCC1O[C@@H]2C[C@H]3[C@@H]4CCC5=CC(=O)C=C[C@]5(C)[C@H]4[C@@H](O)C[C@]3(C)[C@]2(C(=O)CO)O1,VOVIALXJUBGFJZ-KWVAZRHASA-N,a6f02720ca77d2ee7e459b517e267a5a0632a9f3c518685d2a8680d3f3c978a3,VOVIALXJUBGFJZ,vNo-DILI-concern,0,https://www.fda.gov/media/113052/download?attachment=,https://pubchem.ncbi.nlm.nih.gov/compound/5281004,5281004,dilirank_parent_v1,"[""LT01144""]","[""vNo-DILI-concern""]"
LT01149,Eplerenone,COC(=O)[C@@H]1CC2=CC(=O)CC[C@]2(C)[C@@]23O[C@@H]2C[C@@]2(C)[C@@H](CC[C@@]24CCC(=O)O4)[C@H]13,JUKPWJGBANNWMW-VWBFHTRKSA-N,a95cde29c6571b434eda9ddda819cfc6533b83f744427a19951f9cba2552e59d,JUKPWJGBANNWMW,vLess-DILI-concern,1,https://www.fda.gov/media/113052/download?attachment=,https://pubchem.ncbi.nlm.nih.gov/compound/443872,443872,dilirank_parent_v1,"[""LT01149""]","[""vLess-DILI-concern""]"
LT01151,Butorphanol tartrate,Oc1ccc2c(c1)[C@@]13CCCC[C@@]1(O)[C@@H](C2)N(CC1CCC1)CC3,IFKLAQQSCNILHL-QHAWAJNXSA-N,b033e46e20a01166c4c92a8156211e4fa8a8436d7250f9ef860b99a49ef78e8b,IFKLAQQSCNILHL,vNo-DILI-concern,0,https://www.fda.gov/media/113052/download?attachment=,https://pubchem.ncbi.nlm.nih.gov/compound/5464090,5464090,dilirank_parent_v1,"[""LT01151""]","[""vNo-DILI-concern""]"
LT01152,Cabergoline,C=CCN1C[C@H](C(=O)N(CCCN(C)C)C(=O)NCC)C[C@@H]2c3cccc4[nH]cc(c34)C[C@H]21,KORNTPPJEAJQIU-KJXAQDMKSA-N,8dbbe825f60071561962ba8633f10e7fb4449178c907321bbbd4cd9445c125fb,KORNTPPJEAJQIU,vNo-DILI-concern,0,https://www.fda.gov/media/113052/download?attachment=,https://pubchem.ncbi.nlm.nih.gov/compound/54746,54746,dilirank_parent_v1,"[""LT01152""]","[""vNo-DILI-concern""]"
LT01153,Ezetimibe,O=C1[C@H](CC[C@H](O)c2ccc(F)cc2)[C@@H](c2ccc(O)cc2)N1c1ccc(F)cc1,OLNTVTPDXPETLC-XPWALMASSA-N,474fb9d90a6abd681b8b994d1f48417a56d5b493ae148a0551e4c6e5d916b99a,OLNTVTPDXPETLC,vLess-DILI-concern,1,https://www.fda.gov/media/113052/download?attachment=,https://pubchem.ncbi.nlm.nih.gov/compound/150311,150311,dilirank_parent_v1,"[""LT01153""]","[""vLess-DILI-concern""]"
LT01154,Pregabalin,CC(C)C[C@H](CN)CC(=O)O,AYXYPKUFHZROOJ-ZETCQYMHSA-N,8171071e110073e8dc85681b6622653c4136ce1758944a9feecef2d0074bb9ea,AYXYPKUFHZROOJ,vLess-DILI-concern,1,https://www.fda.gov/media/113052/download?attachment=,https://pubchem.ncbi.nlm.nih.gov/compound/5486971,5486971,dilirank_parent_v1,"[""LT01154""]","[""vLess-DILI-concern""]"
LT01155,Adefovir dipivoxil,CC(C)(C)C(=O)OCOP(=O)(COCCn1cnc2c(N)ncnc21)OCOC(=O)C(C)(C)C,WOZSCQDILHKSGG-UHFFFAOYSA-N,a6e97a7aa711bcecc6ad82c42b6ccb97e1f379751de66a13f59acc33eaff75c1,WOZSCQDILHKSGG,vLess-DILI-concern,1,https://www.fda.gov/media/113052/download?attachment=,https://pubchem.ncbi.nlm.nih.gov/compound/60871,60871,dilirank_parent_v1,"[""LT01155""]","[""vLess-DILI-concern""]"
LT01156,Ibandronate sodium,CCCCCN(C)CCC(O)(P(=O)(O)O)P(=O)(O)O,MPBVHIBUJCELCL-UHFFFAOYSA-N,7b9685f3d431a125ed7b71705465ac647bc5048211797fb987c020df690d3d5d,MPBVHIBUJCELCL,vLess-DILI-concern,1,https://www.fda.gov/media/113052/download?attachment=,https://pubchem.ncbi.nlm.nih.gov/compound/23663991,23663991,dilirank_parent_v1,"[""LT01156""]","[""vLess-DILI-concern""]"
LT01159,Carbenicillin disodium,CC1(C)S[C@@H]2[C@H](NC(=O)C(C(=O)O)c3ccccc3)C(=O)N2[C@H]1C(=O)O,FPPNZSSZRUTDAP-UWFZAAFLSA-N,c01dd15af4c1b157dc2e2fe6c8caeb8ff7dd4015e78a526652a014917154d7c0,FPPNZSSZRUTDAP,vLess-DILI-concern,1,https://www.fda.gov/media/113052/download?attachment=,https://pubchem.ncbi.nlm.nih.gov/compound/20933,20933,dilirank_parent_v1,"[""LT01159""]","[""vLess-DILI-concern""]"
LT01161,Eszopiclone,CN1CCN(C(=O)O[C@H]2c3nccnc3C(=O)N2c2ccc(Cl)cn2)CC1,GBBSUAFBMRNDJC-INIZCTEOSA-N,f43d3c8b707a02fb9d4b285a7346e38c46cc46cbd8d74718adb550d9c95ca2a8,GBBSUAFBMRNDJC,vLess-DILI-concern,1,https://www.fda.gov/media/113052/download?attachment=,https://pubchem.ncbi.nlm.nih.gov/compound/969472,969472,dilirank_parent_v1,"[""LT01161""]","[""vLess-DILI-concern""]"
LT01166,Cefaclor,N[C@@H](C(=O)N[C@@H]1C(=O)N2C(C(=O)O)=C(Cl)CS[C@H]12)c1ccccc1,QYIYFLOTGYLRGG-GPCCPHFNSA-N,fb360b11d032eb57c01c3bb638d8940d7fdd0a65471c3aa494512eeecba8b6c8,QYIYFLOTGYLRGG,vLess-DILI-concern,1,https://www.fda.gov/media/113052/download?attachment=,https://pubchem.ncbi.nlm.nih.gov/compound/51039,51039,dilirank_parent_v1,"[""LT01166""]","[""vLess-DILI-concern""]"
LT01167,Cefadroxil hemihydrate,CC1=C(C(=O)O)N2C(=O)[C@@H](NC(=O)[C@H](N)c3ccc(O)cc3)[C@H]2SC1,BOEGTKLJZSQCCD-UEKVPHQBSA-N,25cdac67c979fcabf86e25cd160ac3fe12b7b79f62c3a6314f63827667850c68,BOEGTKLJZSQCCD,vLess-DILI-concern,1,https://www.fda.gov/media/113052/download?attachment=,https://pubchem.ncbi.nlm.nih.gov/compound/67173987,67173987,dilirank_parent_v1,"[""LT01167""]","[""vLess-DILI-concern""]"
LT01171,Cefazolin sodium,Cc1nnc(SCC2=C(C(=O)O)N3C(=O)[C@@H](NC(=O)Cn4cnnn4)[C@H]3SC2)s1,MLYYVTUWGNIJIB-BXKDBHETSA-N,85f6c608b28b22b301588497cf913a7ee20144eb708cbab34cd00c2328af5551,MLYYVTUWGNIJIB,vLess-DILI-concern,1,https://www.fda.gov/media/113052/download?attachment=,https://pubchem.ncbi.nlm.nih.gov/compound/23675322,23675322,dilirank_parent_v1,"[""LT01171""]","[""vLess-DILI-concern""]"
LT01172,Cefepime hydrochloride,CO/N=C(\C(=O)N[C@@H]1C(=O)N2C(C(=O)O)=C(C[N+]3(C)CCCC3)CS[C@H]12)c1csc(N)n1,HVFLCNVBZFFHBT-ZKDACBOMSA-O,de5326665c9d82f50ef694922a9220e735cf74ba45de82f6a6d976ee111e35c8,HVFLCNVBZFFHBT,vLess-DILI-concern,1,https://www.fda.gov/media/113052/download?attachment=,https://pubchem.ncbi.nlm.nih.gov/compound/9571075,9571075,dilirank_parent_v1,"[""LT01172""]","[""vLess-DILI-concern""]"
LT01173,Cefixime,C=CC1=C(C(=O)O)N2C(=O)[C@@H](NC(=O)/C(=N\OCC(=O)O)c3csc(N)n3)[C@H]2SC1,OKBVVJOGVLARMR-QSWIMTSFSA-N,1dcb0ed798e7acb99b68ea0aded0ccd5acb2955b70705e63cfb50d603d3f33a3,OKBVVJOGVLARMR,vLess-DILI-concern,1,https://www.fda.gov/media/113052/download?attachment=,https://pubchem.ncbi.nlm.nih.gov/compound/5362065,5362065,dilirank_parent_v1,"[""LT01173""]","[""vLess-DILI-concern""]"
LT01176,Cefoperazone sodium,CCN1CCN(C(=O)N[C@@H](C(=O)N[C@@H]2C(=O)N3C(C(=O)O)=C(CSc4nnnn4C)CS[C@H]23)c2ccc(O)cc2)C(=O)C1=O,GCFBRXLSHGKWDP-XCGNWRKASA-N,99a08aca86aed33fbe8983ec4d2b0d2070d7831cc74abfb21b9090274bcf73be,GCFBRXLSHGKWDP,vLess-DILI-concern,1,https://www.fda.gov/media/113052/download?attachment=,https://pubchem.ncbi.nlm.nih.gov/compound/23663974,23663974,dilirank_parent_v1,"[""LT01176""]","[""vLess-DILI-concern""]"
LT01177,Cefotaxime sodium,CO/N=C(\C(=O)N[C@@H]1C(=O)N2C(C(=O)O)=C(COC(C)=O)CS[C@H]12)c1csc(N)n1,GPRBEKHLDVQUJE-QSWIMTSFSA-N,74e342987361b4ccad1ed3628b6eaefa5378868514b33e78ecabc9481cfa4d48,GPRBEKHLDVQUJE,vLess-DILI-concern,1,https://www.fda.gov/media/113052/download?attachment=,https://pubchem.ncbi.nlm.nih.gov/compound/10695961,10695961,dilirank_parent_v1,"[""LT01177""]","[""vLess-DILI-concern""]"
LT01182,Cefprozil,CC=CC1=C(C(=O)O)N2C(=O)[C@@H](NC(=O)[C@H](N)c3ccc(O)cc3)[C@H]2SC1,WDLWHQDACQUCJR-PBFPGSCMSA-N,be65f439edfd68469107ec99e230cd93de51ba5fe7d855b1286013fcb7b0aa36,WDLWHQDACQUCJR,vLess-DILI-concern,1,https://www.fda.gov/media/113052/download?attachment=,https://pubchem.ncbi.nlm.nih.gov/compound/62977,62977,dilirank_parent_v1,"[""LT01182""]","[""vLess-DILI-concern""]"
LT01184,Nitazoxanide,CC(=O)Oc1ccccc1C(=O)Nc1ncc([N+](=O)[O-])s1,YQNQNVDNTFHQSW-UHFFFAOYSA-N,10fe19f25bfeb2ca7d4317e47ae2feabec8c6f891806a97f801a94a9b6b289c3,YQNQNVDNTFHQSW,vNo-DILI-concern,0,https://www.fda.gov/media/113052/download?attachment=,https://pubchem.ncbi.nlm.nih.gov/compound/41684,41684,dilirank_parent_v1,"[""LT01184""]","[""vNo-DILI-concern""]"
LT01185,Ceftriaxone sodium,CO/N=C(\C(=O)N[C@@H]1C(=O)N2C(C(=O)O)=C(CSc3nc(=O)c(=O)[nH]n3C)CS[C@H]12)c1csc(N)n1,VAAUVRVFOQPIGI-SPQHTLEESA-N,0bdf540743237bede205467455c4c554b11a242354e13ebe53f380a7ca3a496e,VAAUVRVFOQPIGI,vLess-DILI-concern,1,https://www.fda.gov/media/113052/download?attachment=,https://pubchem.ncbi.nlm.nih.gov/compound/23715082,23715082,dilirank_parent_v1,"[""LT01185""]","[""vLess-DILI-concern""]"
LT01186,Cefuroxime sodium,CO/N=C(\C(=O)N[C@@H]1C(=O)N2C(C(=O)O)=C(COC(N)=O)CS[C@H]12)c1ccco1,JFPVXVDWJQMJEE-IZRZKJBUSA-N,5bc19a0bc9c096d5f0b7e63011b90ee89ccbfac3646b21fd0cd081bee6fd53df,JFPVXVDWJQMJEE,vLess-DILI-concern,1,https://www.fda.gov/media/113052/download?attachment=,https://pubchem.ncbi.nlm.nih.gov/compound/23670318,23670318,dilirank_parent_v1,"[""LT01186""]","[""vLess-DILI-concern""]"
LT01187,Micafungin sodium,CCCCCOc1ccc(-c2cc(-c3ccc(C(=O)N[C@H]4C[C@@H](O)[C@@H](O)NC(=O)[C@@H]5[C@@H](O)[C@@H](C)CN5C(=O)[C@H]([C@H](O)CC(N)=O)NC(=O)[C@H]([C@H](O)[C@@H](O)c5ccc(O)c(OS(=O)(=O)O)c5)NC(=O)[C@@H]5C[C@@H](O)CN5C(=O)[C@H]([C@@H](C)O)NC4=O)cc3)no2)cc1,PIEUQSKUWLMALL-YABMTYFHSA-N,1b6a95b18794e3ef977d30549634cc7d8007dba6d7387b3b5ca44e7639fd670d,PIEUQSKUWLMALL,vMost-DILI-concern,1,https://www.fda.gov/media/113052/download?attachment=,https://pubchem.ncbi.nlm.nih.gov/compound/23666118,23666118,dilirank_parent_v1,"[""LT01187""]","[""vMost-DILI-concern""]"
LT01188,Darifenacin hydrobromide,NC(=O)C(c1ccccc1)(c1ccccc1)[C@@H]1CCN(CCc2ccc3c(c2)CCO3)C1,HXGBXQDTNZMWGS-RUZDIDTESA-N,e8c156092e574488703a4c8cebb0c8d5ca79098dba89d050e02c9e8beb3a7c90,HXGBXQDTNZMWGS,vNo-DILI-concern,0,https://www.fda.gov/media/113052/download?attachment=,https://pubchem.ncbi.nlm.nih.gov/compound/444030,444030,dilirank_parent_v1,"[""LT01188""]","[""vNo-DILI-concern""]"
LT01189,Cephalexin,CC1=C(C(=O)O)N2C(=O)[C@@H](NC(=O)[C@H](N)c3ccccc3)[C@H]2SC1,ZAIPMKNFIOOWCQ-UEKVPHQBSA-N,a3f81f170914ea95cb95acd0137ee4a63197421fe8bda2788e6bee8ace7a6bbc,ZAIPMKNFIOOWCQ,vLess-DILI-concern,1,https://www.fda.gov/media/113052/download?attachment=,https://pubchem.ncbi.nlm.nih.gov/compound/27447,27447,dilirank_parent_v1,"[""LT01189""]","[""vLess-DILI-concern""]"
LT01190,Cetirizine hydrochloride,O=C(O)COCCN1CCN(C(c2ccccc2)c2ccc(Cl)cc2)CC1,ZKLPARSLTMPFCP-UHFFFAOYSA-N,143ed55432472f0dba01386147fde54da05f2d5891ab569e7f08144707ef4ea1,ZKLPARSLTMPFCP,vLess-DILI-concern,1,https://www.fda.gov/media/113052/download?attachment=,https://pubchem.ncbi.nlm.nih.gov/compound/55182,55182,dilirank_parent_v1,"[""LT01190""]","[""vLess-DILI-concern""]"
LT01191,Solifenacin succinate,O=C(O[C@H]1CN2CCC1CC2)N1CCc2ccccc2[C@@H]1c1ccccc1,FBOUYBDGKBSUES-VXKWHMMOSA-N,a82be769b894fc5692414843664a39fe03c79f86df2c404149b70040012f3e0e,FBOUYBDGKBSUES,vLess-DILI-concern,1,https://www.fda.gov/media/113052/download?attachment=,https://pubchem.ncbi.nlm.nih.gov/compound/216457,216457,dilirank_parent_v1,"[""LT01191""]","[""vLess-DILI-concern""]"
LT01192,Ranolazine,COc1ccccc1OCC(O)CN1CCN(CC(=O)Nc2c(C)cccc2C)CC1,XKLMZUWKNUAPSZ-UHFFFAOYSA-N,b5d50332751911f7ad268874a3ac9a47186f63e45283b3cb4fdff9c7558c7735,XKLMZUWKNUAPSZ,vNo-DILI-concern,0,https://www.fda.gov/media/113052/download?attachment=,https://pubchem.ncbi.nlm.nih.gov/compound/56959,56959,dilirank_parent_v1,"[""LT01192""]","[""vNo-DILI-concern""]"
LT01196,Chloramphenicol,O=C(N[C@H](CO)[C@H](O)c1ccc([N+](=O)[O-])cc1)C(Cl)Cl,WIIZWVCIJKGZOK-RKDXNWHRSA-N,1751ca8c66478255b7e2251cb250235aa97c8ade52dc9a9b5f1a4765052e6113,WIIZWVCIJKGZOK,vNo-DILI-concern,0,https://www.fda.gov/media/113052/download?attachment=,https://pubchem.ncbi.nlm.nih.gov/compound/5959,5959,dilirank_parent_v1,"[""LT01196""]","[""vNo-DILI-concern""]"
LT01198,Chlordiazepoxide hydrochloride,CN=C1CN(O)C(c2ccccc2)=c2cc(Cl)ccc2=N1,BUCORZSTKDOEKQ-UHFFFAOYSA-N,7750bfa9226da089858a2cd0381b4a6e51a3605cf56252475832277db3aae431,BUCORZSTKDOEKQ,vLess-DILI-concern,1,https://www.fda.gov/media/113052/download?attachment=,https://pubchem.ncbi.nlm.nih.gov/compound/9916,9916,dilirank_parent_v1,"[""LT01198""]","[""vLess-DILI-concern""]"
LT01199,Atazanavir sulfate,COC(=O)N[C@H](C(=O)N[C@@H](Cc1ccccc1)[C@@H](O)CN(Cc1ccc(-c2ccccn2)cc1)NC(=O)[C@@H](NC(=O)OC)C(C)(C)C)C(C)(C)C,AXRYRYVKAWYZBR-GASGPIRDSA-N,3aa136bb930dc6873839e2ed33c7bd3b6b8febb810d45f441684e2e5af7389c6,AXRYRYVKAWYZBR,vLess-DILI-concern,1,https://www.fda.gov/media/113052/download?attachment=,https://pubchem.ncbi.nlm.nih.gov/compound/158550,158550,dilirank_parent_v1,"[""LT01199""]","[""vLess-DILI-concern""]"
LT01201,Chlormezanone,CN1C(=O)CCS(=O)(=O)C1c1ccc(Cl)cc1,WEQAYVWKMWHEJO-UHFFFAOYSA-N,19556d78d05abba34a135a49a8dde5bd6155315077bc521c2d0b9f3d0a848b1d,WEQAYVWKMWHEJO,vMost-DILI-concern,1,https://www.fda.gov/media/113052/download?attachment=,https://pubchem.ncbi.nlm.nih.gov/compound/2717,2717,dilirank_parent_v1,"[""LT01201""]","[""vMost-DILI-concern""]"
LT01202,Bortezomib,CC(C)C[C@H](NC(=O)[C@H](Cc1ccccc1)NC(=O)c1cnccn1)B(O)O,GXJABQQUPOEUTA-RDJZCZTQSA-N,346202a08271f129f6b607fd51529d812b7522fb759c7031a237f7f63472263f,GXJABQQUPOEUTA,vMost-DILI-concern,1,https://www.fda.gov/media/113052/download?attachment=,https://pubchem.ncbi.nlm.nih.gov/compound/387447,387447,dilirank_parent_v1,"[""LT01202""]","[""vMost-DILI-concern""]"
LT01203,Anidulafungin,CCCCCOc1ccc(-c2ccc(-c3ccc(C(=O)N[C@H]4C[C@@H](O)[C@@H](O)NC(=O)[C@@H]5[C@@H](O)[C@@H](C)CN5C(=O)[C@H]([C@@H](C)O)NC(=O)[C@H]([C@H](O)[C@@H](O)c5ccc(O)cc5)NC(=O)[C@@H]5C[C@@H](O)CN5C(=O)[C@H]([C@@H](C)O)NC4=O)cc3)cc2)cc1,JHVAMHSQVVQIOT-MFAJLEFUSA-N,111f2e586c3e6297264d47df54f997b1abed9bf78f491340b5997a5a7c6b8196,JHVAMHSQVVQIOT,vMost-DILI-concern,1,https://www.fda.gov/media/113052/download?attachment=,https://pubchem.ncbi.nlm.nih.gov/compound/166548,166548,dilirank_parent_v1,"[""LT01203""]","[""vMost-DILI-concern""]"
LT01207,Chloroquine phosphate,CCN(CC)CCCC(C)Nc1ccnc2cc(Cl)ccc12,WHTVZRBIWZFKQO-UHFFFAOYSA-N,1a4f56e7e493476880e64a7826a6b1554731278e143cce958f496a6f32fc1b16,WHTVZRBIWZFKQO,vLess-DILI-concern,1,https://www.fda.gov/media/113052/download?attachment=,https://pubchem.ncbi.nlm.nih.gov/compound/64927,64927,dilirank_parent_v1,"[""LT01207""]","[""vLess-DILI-concern""]"
LT01208,Chlorothiazide,NS(=O)(=O)c1cc2c(cc1Cl)NC=NS2(=O)=O,JBMKAUGHUNFTOL-UHFFFAOYSA-N,13c54afa77a9b0be270f0fe672c33b4e84a3a9011f4b3fc25b95e358f29619a7,JBMKAUGHUNFTOL,vLess-DILI-concern,1,https://www.fda.gov/media/113052/download?attachment=,https://pubchem.ncbi.nlm.nih.gov/compound/2720,2720,dilirank_parent_v1,"[""LT01208""]","[""vLess-DILI-concern""]"
LT01209,Cinacalcet hydrochloride,C[C@@H](NCCCc1cccc(C(F)(F)F)c1)c1cccc2ccccc12,VDHAWDNDOKGFTD-MRXNPFEDSA-N,9ffe3c771f6c73efea842d2edb74e57bce423e3b52ea8bfc4d382d1caeb5db51,VDHAWDNDOKGFTD,vNo-DILI-concern,0,https://www.fda.gov/media/113052/download?attachment=,https://pubchem.ncbi.nlm.nih.gov/compound/156418,156418,dilirank_parent_v1,"[""LT01209""]","[""vNo-DILI-concern""]"
LT01210,Conivaptan hydrochloride,Cc1nc2c([nH]1)CCN(C(=O)c1ccc(NC(=O)c3ccccc3-c3ccccc3)cc1)c1ccccc1-2,IKENVDNFQMCRTR-UHFFFAOYSA-N,33044d5316c971ea19133dfcd5373ff481904fdde221bb3a4210b1207f0e8222,IKENVDNFQMCRTR,vNo-DILI-concern,0,https://www.fda.gov/media/113052/download?attachment=,https://pubchem.ncbi.nlm.nih.gov/compound/216322,216322,dilirank_parent_v1,"[""LT01210""]","[""vNo-DILI-concern""]"
LT01214,Erlotinib hydrochloride,C#Cc1cccc(Nc2ncnc3cc(OCCOC)c(OCCOC)cc23)c1,AAKJLRGGTJKAMG-UHFFFAOYSA-N,4ecb28c39d95bc2c6c135e49bc01bd1d6f7febb71cd151b3ec0f13c30093eb33,AAKJLRGGTJKAMG,vMost-DILI-concern,1,https://www.fda.gov/media/113052/download?attachment=,https://pubchem.ncbi.nlm.nih.gov/compound/176871,176871,dilirank_parent_v1,"[""LT01214""]","[""vMost-DILI-concern""]"
LT01215,Alvimopan,C[C@H]1CN(C[C@H](Cc2ccccc2)C(=O)NCC(=O)O)CC[C@@]1(C)c1cccc(O)c1,UPNUIXSCZBYVBB-JVFUWBCBSA-N,74e40436ad91cc29efc8c8b1b95502a753b574d8cd80dfde74a4e4b861c7d7b1,UPNUIXSCZBYVBB,vNo-DILI-concern,0,https://www.fda.gov/media/113052/download?attachment=,https://pubchem.ncbi.nlm.nih.gov/compound/5488548,5488548,dilirank_parent_v1,"[""LT01215""]","[""vNo-DILI-concern""]"
LT01217,Ramelteon,CCC(=O)NCC[C@@H]1CCc2ccc3c(c21)CCO3,YLXDSYKOBKBWJQ-LBPRGKRZSA-N,66987b27e27f3701be0e897154e77d0816a222af7dfed8895288b11f211bbd41,YLXDSYKOBKBWJQ,vNo-DILI-concern,0,https://www.fda.gov/media/113052/download?attachment=,https://pubchem.ncbi.nlm.nih.gov/compound/208902,208902,dilirank_parent_v1,"[""LT01217""]","[""vNo-DILI-concern""]"
LT01218,Cimetidine,CN=C(NC#N)NCCSCc1nc[nH]c1C,AQIXAKUUQRKLND-UHFFFAOYSA-N,85cf93ee26419dfa83baffffff5704b08aea6d90324d067a6d246026e790f0f6,AQIXAKUUQRKLND,vLess-DILI-concern,1,https://www.fda.gov/media/113052/download?attachment=,https://pubchem.ncbi.nlm.nih.gov/compound/2756,2756,dilirank_parent_v1,"[""LT01218""]","[""vLess-DILI-concern""]"
LT01219,Cinchophen,O=C(O)c1cc(-c2ccccc2)nc2ccccc12,YTRMTPPVNRALON-UHFFFAOYSA-N,dac1a1b535db9b14bcc2a1b9669894d3b7bdb7866672974854265dc0028b2af5,YTRMTPPVNRALON,vMost-DILI-concern,1,https://www.fda.gov/media/113052/download?attachment=,https://pubchem.ncbi.nlm.nih.gov/compound/8593,8593,dilirank_parent_v1,"[""LT01219""]","[""vMost-DILI-concern""]"
LT01220,Tipranavir,CCC[C@@]1(CCc2ccccc2)CC(O)=C([C@H](CC)c2cccc(NS(=O)(=O)c3ccc(C(F)(F)F)cn3)c2)C(=O)O1,SUJUHGSWHZTSEU-FYBSXPHGSA-N,54954e9aba1bde1815de3fb92eae707f403f69eecb77cb5a45da306869af33d4,SUJUHGSWHZTSEU,vMost-DILI-concern,1,https://www.fda.gov/media/113052/download?attachment=,https://pubchem.ncbi.nlm.nih.gov/compound/54682461,54682461,dilirank_parent_v1,"[""LT01220""]","[""vMost-DILI-concern""]"
LT01222,Tigecycline,CN(C)c1cc(NC(=O)CNC(C)(C)C)c(O)c2c1C[C@H]1C[C@H]3[C@H](N(C)C)C(=O)C(C(N)=O)=C(O)[C@@]3(O)C(=O)C1=C2O,SOVUOXKZCCAWOJ-HJYUBDRYSA-N,e4dedc42c0b7f32fb25f18a3117e3d8053a01b6c64dca87dbfb85b3161a7195c,SOVUOXKZCCAWOJ,vMost-DILI-concern,1,https://www.fda.gov/media/113052/download?attachment=,https://pubchem.ncbi.nlm.nih.gov/compound/54686904,54686904,dilirank_parent_v1,"[""LT01222""]","[""vMost-DILI-concern""]"
LT01224,Cladribine,Nc1nc(Cl)nc2c1ncn2[C@H]1C[C@H](O)[C@@H](CO)O1,PTOAARAWEBMLNO-KVQBGUIXSA-N,3c2acb254f65054d3d2af1484bc6c787cc05e2c2ad1b9b667a7ca3d6003a7820,PTOAARAWEBMLNO,vLess-DILI-concern,1,https://www.fda.gov/media/113052/download?attachment=,https://pubchem.ncbi.nlm.nih.gov/compound/20279,20279,dilirank_parent_v1,"[""LT01224""]","[""vLess-DILI-concern""]"
LT01225,Clindamycin hydrochloride,CCC[C@@H]1C[C@@H](C(=O)N[C@@H]([C@H]2O[C@H](SC)[C@H](O)[C@@H](O)[C@H]2O)[C@H](C)Cl)N(C)C1,KDLRVYVGXIQJDK-AWPVFWJPSA-N,4640c346e9769ded26a949ac8baa96c5b431c8c36358ba3225883f4d473c600d,KDLRVYVGXIQJDK,vLess-DILI-concern,1,https://www.fda.gov/media/113052/download?attachment=,https://pubchem.ncbi.nlm.nih.gov/compound/16051951,16051951,dilirank_parent_v1,"[""LT01225""]","[""vLess-DILI-concern""]"
LT01228,Clometacin,COc1ccc2c(C(=O)c3ccc(Cl)cc3)c(C)n(CC(=O)O)c2c1,DGMZLCLHHVYDIS-UHFFFAOYSA-N,7440bc5508e6b25b15b445d56663795352b557889bc285889e07516310a91b00,DGMZLCLHHVYDIS,vMost-DILI-concern,1,https://www.fda.gov/media/113052/download?attachment=,https://pubchem.ncbi.nlm.nih.gov/compound/33176,33176,dilirank_parent_v1,"[""LT01228""]","[""vMost-DILI-concern""]"
LT01233,Nelarabine,COc1nc(N)nc2c1ncn2[C@@H]1O[C@H](CO)[C@@H](O)[C@@H]1O,IXOXBSCIXZEQEQ-UHTZMRCNSA-N,d66d5b579faf40d2251e6052fd264fd731aa32a990f7532741de18ac73b63f36,IXOXBSCIXZEQEQ,vLess-DILI-concern,1,https://www.fda.gov/media/113052/download?attachment=,https://pubchem.ncbi.nlm.nih.gov/compound/3011155,3011155,dilirank_parent_v1,"[""LT01233""]","[""vLess-DILI-concern""]"
LT01235,Cloxacillin sodium,Cc1onc(-c2ccccc2Cl)c1C(=O)N[C@@H]1C(=O)N2[C@@H]1SC(C)(C)[C@@H]2C(=O)O,LQOLIRLGBULYKD-JKIFEVAISA-N,a2411ec48bbd292b7eab0e803914f9ba36e1df1feaf9a35d5ffb37cbd628f88d,LQOLIRLGBULYKD,vLess-DILI-concern,1,https://www.fda.gov/media/113052/download?attachment=,https://pubchem.ncbi.nlm.nih.gov/compound/23675320,23675320,dilirank_parent_v1,"[""LT01235""]","[""vLess-DILI-concern""]"
LT01238,Lenalidomide,Nc1cccc2c1CN(C1CCC(=O)NC1=O)C2=O,GOTYRUGSSMKFNF-UHFFFAOYSA-N,9050944ef349632e51c39ffc6d40c4f1f0f5d35d9cdcb6f7d7886132043ecf91,GOTYRUGSSMKFNF,vLess-DILI-concern,1,https://www.fda.gov/media/113052/download?attachment=,https://pubchem.ncbi.nlm.nih.gov/compound/216326,216326,dilirank_parent_v1,"[""LT01238""]","[""vLess-DILI-concern""]"
LT01240,Lubiprostone,CCCCC(F)(F)[C@@]1(O)CC[C@H]2[C@@H](CC(=O)[C@@H]2CCCCCCC(=O)O)O1,WGFOBBZOWHGYQH-MXHNKVEKSA-N,95ed60d4f76b10ea761a207882f1a15af31a4b8c52410dee389c6c3e2dede29e,WGFOBBZOWHGYQH,vNo-DILI-concern,0,https://www.fda.gov/media/113052/download?attachment=,https://pubchem.ncbi.nlm.nih.gov/compound/157920,157920,dilirank_parent_v1,"[""LT01240""]","[""vNo-DILI-concern""]"
LT01241,Sorafenib tosylate,CNC(=O)c1cc(Oc2ccc(NC(=O)Nc3ccc(Cl)c(C(F)(F)F)c3)cc2)ccn1,MLDQJTXFUGDVEO-UHFFFAOYSA-N,a9ed2abb16dce9d5a165e3f2c26538e7c655f8be121d5fa6a2ec8a1e7cb9f117,MLDQJTXFUGDVEO,vMost-DILI-concern,1,https://www.fda.gov/media/113052/download?attachment=,https://pubchem.ncbi.nlm.nih.gov/compound/406563,406563,dilirank_parent_v1,"[""LT01241""]","[""vMost-DILI-concern""]"
LT01242,Varenicline tartrate,c1cnc2cc3c(cc2n1)[C@@H]1CNC[C@H]3C1,JQSHBVHOMNKWFT-DTORHVGOSA-N,b7cc0c5f03d04fedbf4428e4ff035513bdff0c4c91735fdabb321a0710be0b97,JQSHBVHOMNKWFT,vLess-DILI-concern,1,https://www.fda.gov/media/113052/download?attachment=,https://pubchem.ncbi.nlm.nih.gov/compound/6918678,6918678,dilirank_parent_v1,"[""LT01242""]","[""vLess-DILI-concern""]"
LT01243,Darunavir,CC(C)CN(C[C@@H](O)[C@H](Cc1ccccc1)NC(=O)O[C@H]1CO[C@H]2OCC[C@H]21)S(=O)(=O)c1ccc(N)cc1,CJBJHOAVZSMMDJ-HEXNFIEUSA-N,6f0b8a37393e7e8c115815fd0a8e08c0b6a7ab0db93fc343a63d0ff8538b8858,CJBJHOAVZSMMDJ,vMost-DILI-concern,1,https://www.fda.gov/media/113052/download?attachment=,https://pubchem.ncbi.nlm.nih.gov/compound/213039,213039,dilirank_parent_v1,"[""LT01243""]","[""vMost-DILI-concern""]"
LT01244,Aliskiren hemifumarate,COCCCOc1cc(C[C@@H](C[C@H](N)[C@@H](O)C[C@H](C(=O)NCC(C)(C)C(N)=O)C(C)C)C(C)C)ccc1OC,UXOWGYHJODZGMF-QORCZRPOSA-N,9cec539cf55247e3b6b58327b96cb737ac8ffc1d6d7b9d0162e17740e8a8568a,UXOWGYHJODZGMF,vLess-DILI-concern,1,https://www.fda.gov/media/113052/download?attachment=,https://pubchem.ncbi.nlm.nih.gov/compound/6918427,6918427,dilirank_parent_v1,"[""LT01244""]","[""vLess-DILI-concern""]"
LT01248,Dasatinib,Cc1nc(Nc2ncc(C(=O)Nc3c(C)cccc3Cl)s2)cc(N2CCN(CCO)CC2)n1,ZBNZXTGUTAYRHI-UHFFFAOYSA-N,4e2440bf7a2bfb9211731f6ad37b7f25d07771ef5ee820d35a384ee91da1edc5,ZBNZXTGUTAYRHI,vLess-DILI-concern,1,https://www.fda.gov/media/113052/download?attachment=,https://pubchem.ncbi.nlm.nih.gov/compound/3062316,3062316,dilirank_parent_v1,"[""LT01248""]","[""vLess-DILI-concern""]"
LT01249,Cyclobenzaprine hydrochloride,CN(C)CCC=C1c2ccccc2C=Cc2ccccc21,JURKNVYFZMSNLP-UHFFFAOYSA-N,25b4ba129bd7bb2e9f09e2dbcb2c917b9bb3d934e573652c7dedd5aee7e2c048,JURKNVYFZMSNLP,vLess-DILI-concern,1,https://www.fda.gov/media/113052/download?attachment=,https://pubchem.ncbi.nlm.nih.gov/compound/22576,22576,dilirank_parent_v1,"[""LT01249""]","[""vLess-DILI-concern""]"
LT01250,Cyclofenil,CC(=O)Oc1ccc(C(=C2CCCCC2)c2ccc(OC(C)=O)cc2)cc1,GVOUFPWUYJWQSK-UHFFFAOYSA-N,02b97b981205a3a0524d70a8c00285f9d19888bb464e58a957b1626426b15027,GVOUFPWUYJWQSK,vMost-DILI-concern,1,https://www.fda.gov/media/113052/download?attachment=,https://pubchem.ncbi.nlm.nih.gov/compound/2898,2898,dilirank_parent_v1,"[""LT01250""]","[""vMost-DILI-concern""]"
LT01251,Sitagliptin phosphate,N[C@@H](CC(=O)N1CCn2c(nnc2C(F)(F)F)C1)Cc1cc(F)c(F)cc1F,MFFMDFFZMYYVKS-SECBINFHSA-N,642e02cbc23976d01138d2b8f95d635b0b0279736846fc141a4ae0821a296bdc,MFFMDFFZMYYVKS,vLess-DILI-concern,1,https://www.fda.gov/media/113052/download?attachment=,https://pubchem.ncbi.nlm.nih.gov/compound/11591741,11591741,dilirank_parent_v1,"[""LT01251""]","[""vLess-DILI-concern""]"
LT01252,Paliperidone,Cc1nc2n(c(=O)c1CCN1CCC(c3noc4cc(F)ccc34)CC1)CCCC2O,PMXMIIMHBWHSKN-UHFFFAOYSA-N,045924780148a14c916222134b55fe983e0ccbd9bfb410815c6a655d20e188b9,PMXMIIMHBWHSKN,vLess-DILI-concern,1,https://www.fda.gov/media/113052/download?attachment=,https://pubchem.ncbi.nlm.nih.gov/compound/115237,115237,dilirank_parent_v1,"[""LT01252""]","[""vLess-DILI-concern""]"
LT01254,Posaconazole,CC[C@@H]([C@H](C)O)n1ncn(-c2ccc(N3CCN(c4ccc(OC[C@@H]5CO[C@@](Cn6cncn6)(c6ccc(F)cc6F)C5)cc4)CC3)cc2)c1=O,RAGOYPUPXAKGKH-XAKZXMRKSA-N,b877875e568346042c8158f1d3c1a9ccb2270676c8ac711b5e1b33929722a0a9,RAGOYPUPXAKGKH,vMost-DILI-concern,1,https://www.fda.gov/media/113052/download?attachment=,https://pubchem.ncbi.nlm.nih.gov/compound/468595,468595,dilirank_parent_v1,"[""LT01254""]","[""vMost-DILI-concern""]"
LT01255,Cyproheptadine hydrochloride,CN1CCC(=C2c3ccccc3C=Cc3ccccc32)CC1,JJCFRYNCJDLXIK-UHFFFAOYSA-N,10dfda2eb25588b500645078a4582cd43ecdbb1a53e56f16b049cd5d75d15a86,JJCFRYNCJDLXIK,vLess-DILI-concern,1,https://www.fda.gov/media/113052/download?attachment=,https://pubchem.ncbi.nlm.nih.gov/compound/13770,13770,dilirank_parent_v1,"[""LT01255""]","[""vLess-DILI-concern""]"
LT01261,Temsirolimus,CO[C@H]1C[C@@H]2CC[C@@H](C)[C@@](O)(O2)C(=O)C(=O)N2CCCC[C@H]2C(=O)O[C@H]([C@H](C)C[C@@H]2CC[C@@H](OC(=O)C(C)(CO)CO)[C@H](OC)C2)CC(=O)[C@H](C)/C=C(\C)[C@@H](O)[C@@H](OC)C(=O)[C@H](C)C[C@H](C)/C=C/C=C/C=C/1C,CBPNZQVSJQDFBE-FUXHJELOSA-N,fcdd2507f7f4aa6f79643ec409b2fac87d8ae6e1bc366f73a46af85dab44edbd,CBPNZQVSJQDFBE,vNo-DILI-concern,0,https://www.fda.gov/media/113052/download?attachment=,https://pubchem.ncbi.nlm.nih.gov/compound/6918289,6918289,dilirank_parent_v1,"[""LT01261""]","[""vNo-DILI-concern""]"
LT01262,Sapropterin dihydrochloride,C[C@H](O)[C@H](O)[C@H]1CNc2nc(N)[nH]c(=O)c2N1,FNKQXYHWGSIFBK-RPDRRWSUSA-N,313fe08a5370078e5e484d15044ae0e894c41841bce529c1dc3478c983c9cde6,FNKQXYHWGSIFBK,vNo-DILI-concern,0,https://www.fda.gov/media/113052/download?attachment=,https://pubchem.ncbi.nlm.nih.gov/compound/135409471,135409471,dilirank_parent_v1,"[""LT01262""]","[""vNo-DILI-concern""]"
LT01263,Milnacipran hydrochloride,CCN(CC)C(=O)[C@]1(c2ccccc2)C[C@@H]1CN,GJJFMKBJSRMPLA-HIFRSBDPSA-N,1482b3f8547c50df716b1e2f649b3424e4848e8460927089f4245e497c9c8ffc,GJJFMKBJSRMPLA,vMost-DILI-concern,1,https://www.fda.gov/media/113052/download?attachment=,https://pubchem.ncbi.nlm.nih.gov/compound/163701,163701,dilirank_parent_v1,"[""LT01263""]","[""vMost-DILI-concern""]"
LT01266,Dexlansoprazole,Cc1c(OCC(F)(F)F)ccnc1C[S@@+]([O-])c1nc2ccccc2[nH]1,MJIHNNLFOKEZEW-RUZDIDTESA-N,53fc53272e854429473057efa3ac519964c8a2b98196ea2d94a122a339fea7a8,MJIHNNLFOKEZEW,vLess-DILI-concern,1,https://www.fda.gov/media/113052/download?attachment=,https://pubchem.ncbi.nlm.nih.gov/compound/9578005,9578005,dilirank_parent_v1,"[""LT01266""]","[""vLess-DILI-concern""]"
LT01267,Everolimus,CO[C@H]1C[C@@H]2CC[C@@H](C)[C@@](O)(O2)C(=O)C(=O)N2CCCC[C@H]2C(=O)O[C@H]([C@H](C)C[C@@H]2CC[C@@H](OCCO)[C@H](OC)C2)CC(=O)[C@H](C)/C=C(\C)[C@@H](O)[C@@H](OC)C(=O)[C@H](C)C[C@H](C)/C=C/C=C/C=C/1C,HKVAMNSJSFKALM-GKUWKFKPSA-N,d7288c161899ec01b0cd3364186e6d5181079a2c8303ac45ddbc643991304aa2,HKVAMNSJSFKALM,vLess-DILI-concern,1,https://www.fda.gov/media/113052/download?attachment=,https://pubchem.ncbi.nlm.nih.gov/compound/6442177,6442177,dilirank_parent_v1,"[""LT01267""]","[""vLess-DILI-concern""]"
LT01269,Codeine sulfate,COc1ccc2c3c1O[C@H]1[C@@H](O)C=C[C@H]4[C@@H](C2)N(C)CC[C@@]341,OROGSEYTTFOCAN-DNJOTXNNSA-N,a822b11a45c7d68ce5aa97103664b5349d2d708eb6d6c14dd5d190d442ac39b9,OROGSEYTTFOCAN,vNo-DILI-concern,0,https://www.fda.gov/media/113052/download?attachment=,https://pubchem.ncbi.nlm.nih.gov/compound/21155870,21155870,dilirank_parent_v1,"[""LT01269""]","[""vNo-DILI-concern""]"
LT01285,Didanosine,O=c1[nH]cnc2c1ncn2[C@H]1CC[C@@H](CO)O1,BXZVVICBKDXVGW-NKWVEPMBSA-N,0ce4315ad0b1e045682d9c59e13a5a77b36e0a06f3f60e89f87ebcabb8e539c3,BXZVVICBKDXVGW,vMost-DILI-concern,1,https://www.fda.gov/media/113052/download?attachment=,https://pubchem.ncbi.nlm.nih.gov/compound/135398739,135398739,dilirank_parent_v1,"[""LT01285""]","[""vMost-DILI-concern""]"
LT01288,Mycophenolate mofetil,COc1c(C)c2c(c(O)c1C/C=C(\C)CCC(=O)OCCN1CCOCC1)C(=O)OC2,RTGDFNSFWBGLEC-SYZQJQIISA-N,ac25b08c2d8f05e97d7bd14480248734174e9127cdadf9326346354ed6a14093,RTGDFNSFWBGLEC,vLess-DILI-concern,1,https://www.fda.gov/media/113052/download?attachment=,https://pubchem.ncbi.nlm.nih.gov/compound/5281078,5281078,dilirank_parent_v1,"[""LT01288""]","[""vLess-DILI-concern""]"
LT01289,Cefdinir,C=CC1=C(C(=O)O)N2C(=O)[C@@H](NC(=O)/C(=N\O)c3csc(N)n3)[C@H]2SC1,RTXOFQZKPXMALH-GHXIOONMSA-N,be982279987703aae834c461041c20dd2fac0fc1bcdea636d7aaf018c6e483b4,RTXOFQZKPXMALH,vLess-DILI-concern,1,https://www.fda.gov/media/113052/download?attachment=,https://pubchem.ncbi.nlm.nih.gov/compound/6915944,6915944,dilirank_parent_v1,"[""LT01289""]","[""vLess-DILI-concern""]"
LT01292,Diltiazem hydrochloride,COc1ccc([C@@H]2Sc3ccccc3N(CCN(C)C)C(=O)[C@@H]2OC(C)=O)cc1,HSUGRBWQSSZJOP-RTWAWAEBSA-N,7864cd3f61f4d7ccd03cf37d3e0ab0d23b14ab2daefe7d05e30eb0825ba7fdff,HSUGRBWQSSZJOP,vMost-DILI-concern,1,https://www.fda.gov/media/113052/download?attachment=,https://pubchem.ncbi.nlm.nih.gov/compound/62920,62920,dilirank_parent_v1,"[""LT01292""]","[""vMost-DILI-concern""]"
LT01302,Disopyramide phosphate,CC(C)N(CCC(C(N)=O)(c1ccccc1)c1ccccn1)C(C)C,UVTNFZQICZKOEM-UHFFFAOYSA-N,8ea6dbdf61a9dd2eadb754d42382f669308b737ac6744bdf45aa93a6b93a75d1,UVTNFZQICZKOEM,vLess-DILI-concern,1,https://www.fda.gov/media/113052/download?attachment=,https://pubchem.ncbi.nlm.nih.gov/compound/30928,30928,dilirank_parent_v1,"[""LT01302""]","[""vLess-DILI-concern""]"
LT01308,Dobutamine hydrochloride,CC(CCc1ccc(O)cc1)NCCc1ccc(O)c(O)c1,JRWZLRBJNMZMFE-UHFFFAOYSA-N,e904c48e06529b299fed27afe4015552b816eea21bd34dd976cb418b7e518223,JRWZLRBJNMZMFE,vNo-DILI-concern,0,https://www.fda.gov/media/113052/download?attachment=,https://pubchem.ncbi.nlm.nih.gov/compound/65324,65324,dilirank_parent_v1,"[""LT01308""]","[""vNo-DILI-concern""]"
LT01309,Docetaxel,CC(=O)O[C@@]12CO[C@@H]1C[C@H](O)[C@@]1(C)C(=O)[C@H](O)C3=C(C)[C@@H](OC(=O)[C@H](O)[C@@H](NC(=O)OC(C)(C)C)c4ccccc4)C[C@@](O)([C@@H](OC(=O)c4ccccc4)[C@H]21)C3(C)C,ZDZOTLJHXYCWBA-VCVYQWHSSA-N,1b9da41e0e775bea3103dd3fb25f05eac719e326acf9c0024cd53d3ccc2adaf0,ZDZOTLJHXYCWBA,vLess-DILI-concern,1,https://www.fda.gov/media/113052/download?attachment=,https://pubchem.ncbi.nlm.nih.gov/compound/148124,148124,dilirank_parent_v1,"[""LT01309""]","[""vLess-DILI-concern""]"
LT01313,Doxazosin mesylate,COc1cc2nc(N3CCN(C(=O)C4COc5ccccc5O4)CC3)nc(N)c2cc1OC,RUZYUOTYCVRMRZ-UHFFFAOYSA-N,87fa76340a6e80c28cd0a4dcd9e4c9d090ef6e2600ab6365c869f38409b38e1a,RUZYUOTYCVRMRZ,vLess-DILI-concern,1,https://www.fda.gov/media/113052/download?attachment=,https://pubchem.ncbi.nlm.nih.gov/compound/62978,62978,dilirank_parent_v1,"[""LT01313""]","[""vLess-DILI-concern""]"
LT01314,Doxepin hydrochloride,CN(C)CC/C=C1\c2ccccc2COc2ccccc21,ODQWQRRAPPTVAG-GZTJUZNOSA-N,ee12d6739f0c2f5c5e468eccae468dd054a4935af469b58c2e54c8985cfa4331,ODQWQRRAPPTVAG,vLess-DILI-concern,1,https://www.fda.gov/media/113052/download?attachment=,https://pubchem.ncbi.nlm.nih.gov/compound/6419921,6419921,dilirank_parent_v1,"[""LT01314""]","[""vLess-DILI-concern""]"
LT01316,Epoetin alfa,CO[C@@H]1[C@@H](O[C@@H]2O[C@H](C)[C@@H](O[C@H]3C[C@@](C)(O)[C@@H](O)[C@H](C)O3)[C@H](N(C)C)[C@H]2O)[C@@H](CCO)C[C@@H](C)[C@@H](O[C@H]2C[C@@](C)(O)[C@@H](O)[C@H](C)O2)/C=C/C=C/C[C@@H](C)OC(=O)C[C@H]1O,CJKGNDLRMLFWEX-IUJNAFBCSA-N,07693591ad358e7ee364c3d8b431aa08c04f5eb0c0badf28ac34530443eb06ed,CJKGNDLRMLFWEX,vNo-DILI-concern,0,https://www.fda.gov/media/113052/download?attachment=,https://pubchem.ncbi.nlm.nih.gov/compound/92043599,92043599,dilirank_parent_v1,"[""LT01316"", ""LT02330""]","[""vNo-DILI-concern"", ""vNo-DILI-concern""]"
LT01317,Droperidol,O=C(CCCN1CC=C(n2c(=O)[nH]c3ccccc32)CC1)c1ccc(F)cc1,RMEDXOLNCUSCGS-UHFFFAOYSA-N,9369c0c14b88a855f856cbaa7a00135328947b6a6f53cc50d32a425b3f078178,RMEDXOLNCUSCGS,vNo-DILI-concern,0,https://www.fda.gov/media/113052/download?attachment=,https://pubchem.ncbi.nlm.nih.gov/compound/3168,3168,dilirank_parent_v1,"[""LT01317""]","[""vNo-DILI-concern""]"
LT01318,Droxicam,CN1c2c(oc(=O)n(-c3ccccn3)c2=O)-c2ccccc2S1(=O)=O,OEHFRZLKGRKFAS-UHFFFAOYSA-N,f2683d5d4b5ef34662cc5faff16afd108264785fcbce460f4bf703b1abe076f7,OEHFRZLKGRKFAS,vMost-DILI-concern,1,https://www.fda.gov/media/113052/download?attachment=,https://pubchem.ncbi.nlm.nih.gov/compound/65679,65679,dilirank_parent_v1,"[""LT01318""]","[""vMost-DILI-concern""]"
LT01323,Efavirenz,O=C1Nc2ccc(Cl)cc2[C@@](C#CC2CC2)(C(F)(F)F)O1,XPOQHMRABVBWPR-ZDUSSCGKSA-N,7f108725099493e31b1c5699a4a4b0c649fac703e2cd65cab3126fa8472fd718,XPOQHMRABVBWPR,vMost-DILI-concern,1,https://www.fda.gov/media/113052/download?attachment=,https://pubchem.ncbi.nlm.nih.gov/compound/64139,64139,dilirank_parent_v1,"[""LT01323""]","[""vMost-DILI-concern""]"
LT01333,Esmolol hydrochloride,COC(=O)CCc1ccc(OCC(O)CNC(C)C)cc1,AQNDDEOPVVGCPG-UHFFFAOYSA-N,59a68987ccb360d6a1cf75ae8b5bf02ef6861a039b7844edd4c0fccf4545fe8b,AQNDDEOPVVGCPG,vNo-DILI-concern,0,https://www.fda.gov/media/113052/download?attachment=,https://pubchem.ncbi.nlm.nih.gov/compound/104769,104769,dilirank_parent_v1,"[""LT01333""]","[""vNo-DILI-concern""]"
LT01334,Estazolam,Clc1ccc2c(c1)C(c1ccccc1)=NCc1nncn1-2,CDCHDCWJMGXXRH-UHFFFAOYSA-N,ef781fe11e8a7a8efa415795ff144d61f290f63ef132568895b8f03e116ba2e5,CDCHDCWJMGXXRH,vNo-DILI-concern,0,https://www.fda.gov/media/113052/download?attachment=,https://pubchem.ncbi.nlm.nih.gov/compound/3261,3261,dilirank_parent_v1,"[""LT01334""]","[""vNo-DILI-concern""]"
LT01342,Estramustine phosphate sodium,C[C@]12CC[C@@H]3c4ccc(OC(=O)N(CCCl)CCCl)cc4CC[C@H]3[C@@H]1CC[C@@H]2OP(=O)(O)O,ADFOJJHRTBFFOF-RBRWEJTLSA-N,37c3c6714010150e4f18c6f1d0c79146704061aa576afa1009fb011dbd64cf19,ADFOJJHRTBFFOF,vMost-DILI-concern,1,https://www.fda.gov/media/113052/download?attachment=,https://pubchem.ncbi.nlm.nih.gov/compound/444000,444000,dilirank_parent_v1,"[""LT01342""]","[""vMost-DILI-concern""]"
LT01345,Ethambutol hydrochloride,CC[C@@H](CO)NCCN[C@@H](CC)CO,AEUTYOVWOVBAKS-UWVGGRQHSA-N,8e3c1a62a3bd3c0064da116d3fb5f9ac4ab37c229385567f4a42670fee747ce5,AEUTYOVWOVBAKS,vMost-DILI-concern,1,https://www.fda.gov/media/113052/download?attachment=,https://pubchem.ncbi.nlm.nih.gov/compound/14051,14051,dilirank_parent_v1,"[""LT01345""]","[""vMost-DILI-concern""]"
LT01348,Ethionamide,CCc1cc(C(N)=S)ccn1,AEOCXXJPGCBFJA-UHFFFAOYSA-N,a44820c5ffe8a2c71cb0beccb0346d6813f9cb53afed828fbb01a1449e612512,AEOCXXJPGCBFJA,vLess-DILI-concern,1,https://www.fda.gov/media/113052/download?attachment=,https://pubchem.ncbi.nlm.nih.gov/compound/2761171,2761171,dilirank_parent_v1,"[""LT01348""]","[""vLess-DILI-concern""]"
LT01355,Etidronate disodium,CC(O)(P(=O)(O)O)P(=O)(O)O,DBVJJBKOTRCVKF-UHFFFAOYSA-N,847eff6cf9361ce83b67e9b43a51bd8317cd53d26b348a5c0060e609f4fa5f9a,DBVJJBKOTRCVKF,vNo-DILI-concern,0,https://www.fda.gov/media/113052/download?attachment=,https://pubchem.ncbi.nlm.nih.gov/compound/23894,23894,dilirank_parent_v1,"[""LT01355""]","[""vNo-DILI-concern""]"
LT01357,Etomidate,CCOC(=O)c1cncn1[C@H](C)c1ccccc1,NPUKDXXFDDZOKR-LLVKDONJSA-N,dedf9fd6d10bd04a93efda5f212dd8b599f26813975f1f3e8bd06eeaa3c856ca,NPUKDXXFDDZOKR,vNo-DILI-concern,0,https://www.fda.gov/media/113052/download?attachment=,https://pubchem.ncbi.nlm.nih.gov/compound/667484,667484,dilirank_parent_v1,"[""LT01357""]","[""vNo-DILI-concern""]"
LT01359,Exifone,O=C(c1cc(O)c(O)c(O)c1)c1ccc(O)c(O)c1O,XEDWWPGWIXPVRQ-UHFFFAOYSA-N,c3d6bc61439e67998bdeb875cdc4cfd7cb85b2379e9fac7ea1d337beab1b0226,XEDWWPGWIXPVRQ,vMost-DILI-concern,1,https://www.fda.gov/media/113052/download?attachment=,https://pubchem.ncbi.nlm.nih.gov/compound/40399,40399,dilirank_parent_v1,"[""LT01359""]","[""vMost-DILI-concern""]"
LT01370,Fexofenadine hydrochloride,CC(C)(C(=O)O)c1ccc(C(O)CCCN2CCC(C(O)(c3ccccc3)c3ccccc3)CC2)cc1,RWTNPBWLLIMQHL-UHFFFAOYSA-N,9d571d512b3cf6c296b0d0d65270fbb313475570366dfbf5eddc3d231a12a129,RWTNPBWLLIMQHL,vNo-DILI-concern,0,https://www.fda.gov/media/113052/download?attachment=,https://pubchem.ncbi.nlm.nih.gov/compound/63002,63002,dilirank_parent_v1,"[""LT01370""]","[""vNo-DILI-concern""]"
LT01371,Fialuridine,O=c1[nH]c(=O)n([C@@H]2O[C@H](CO)[C@@H](O)[C@@H]2F)cc1I,IPVFGAYTKQKGBM-BYPJNBLXSA-N,f1e5a37814da934c568cf9cce54d8003a45c2e4b003fd49b87ebe3585ace79f6,IPVFGAYTKQKGBM,vMost-DILI-concern,1,https://www.fda.gov/media/113052/download?attachment=,https://pubchem.ncbi.nlm.nih.gov/compound/50313,50313,dilirank_parent_v1,"[""LT01371""]","[""vMost-DILI-concern""]"
LT01372,Fipexide,O=C(COc1ccc(Cl)cc1)N1CCN(Cc2ccc3c(c2)OCO3)CC1,BFUJHVVEMMWLHC-UHFFFAOYSA-N,cea68da456f55b0eb8d8b7863dc69c589eab8bdff743f9db0c13e9d3ce778814,BFUJHVVEMMWLHC,vMost-DILI-concern,1,https://www.fda.gov/media/113052/download?attachment=,https://pubchem.ncbi.nlm.nih.gov/compound/3351,3351,dilirank_parent_v1,"[""LT01372""]","[""vMost-DILI-concern""]"
LT01375,Flecainide acetate,O=C(NCC1CCCCN1)c1cc(OCC(F)(F)F)ccc1OCC(F)(F)F,DJBNUMBKLMJRSA-UHFFFAOYSA-N,f335a386b4111fd2c55a3e72a32751b04c42f80262d9268eda9ff26bfa113dc2,DJBNUMBKLMJRSA,vLess-DILI-concern,1,https://www.fda.gov/media/113052/download?attachment=,https://pubchem.ncbi.nlm.nih.gov/compound/41022,41022,dilirank_parent_v1,"[""LT01375""]","[""vLess-DILI-concern""]"
LT01382,Fludarabine phosphate,Nc1nc(F)nc2c1ncn2[C@@H]1O[C@H](COP(=O)(O)O)[C@@H](O)[C@@H]1O,GIUYCYHIANZCFB-FJFJXFQQSA-N,52afd00fdcd92cd27471c39ad272fc116c23217e4729e659eed4a2fa8b87bd4e,GIUYCYHIANZCFB,vNo-DILI-concern,0,https://www.fda.gov/media/113052/download?attachment=,https://pubchem.ncbi.nlm.nih.gov/compound/30751,30751,dilirank_parent_v1,"[""LT01382""]","[""vNo-DILI-concern""]"
LT01384,Flumazenil,CCOC(=O)c1ncn2c1CN(C)C(=O)c1cc(F)ccc1-2,OFBIFZUFASYYRE-UHFFFAOYSA-N,adcbbc1277d8afb66972c9a9ec6e4ce74d4c88e2449a3cfc9056a49b8ebad241,OFBIFZUFASYYRE,vNo-DILI-concern,0,https://www.fda.gov/media/113052/download?attachment=,https://pubchem.ncbi.nlm.nih.gov/compound/3373,3373,dilirank_parent_v1,"[""LT01384""]","[""vNo-DILI-concern""]"
LT01394,Flurazepam hydrochloride,CCN(CC)CCN1C(=O)CN=C(c2ccccc2F)c2cc(Cl)ccc21,SAADBVWGJQAEFS-UHFFFAOYSA-N,04757b1ff7524e46b98a47590ca93dbfdda1477262e0dd1e79df96b12cf214a1,SAADBVWGJQAEFS,vLess-DILI-concern,1,https://www.fda.gov/media/113052/download?attachment=,https://pubchem.ncbi.nlm.nih.gov/compound/14434,14434,dilirank_parent_v1,"[""LT01394""]","[""vLess-DILI-concern""]"
LT01399,Fosinopril sodium,CCC(=O)OC(OP(=O)(CCCCc1ccccc1)CC(=O)N1C[C@H](C2CCCCC2)C[C@H]1C(=O)O)C(C)C,BIDNLKIUORFRQP-FKDWWROVSA-N,9bdc3cb47ed6a2fc7c638b2c6f6b70d99753b4f638a2f3d9f8f2728d2603994b,BIDNLKIUORFRQP,vLess-DILI-concern,1,https://www.fda.gov/media/113052/download?attachment=,https://pubchem.ncbi.nlm.nih.gov/compound/23681451,23681451,dilirank_parent_v1,"[""LT01399""]","[""vLess-DILI-concern""]"
LT01400,Fosphenytoin sodium,O=C1NC(c2ccccc2)(c2ccccc2)C(=O)N1COP(=O)(O)O,XWLUWCNOOVRFPX-UHFFFAOYSA-N,31ee2b2c991c2a414b47947ae9f63dce4429016e5bf46f525b6daaf27d308a12,XWLUWCNOOVRFPX,vMost-DILI-concern,1,https://www.fda.gov/media/113052/download?attachment=,https://pubchem.ncbi.nlm.nih.gov/compound/56338,56338,dilirank_parent_v1,"[""LT01400""]","[""vMost-DILI-concern""]"
LT01407,Gemcitabine hydrochloride,Nc1ccn([C@@H]2O[C@H](CO)[C@@H](O)C2(F)F)c(=O)n1,SDUQYLNIPVEERB-QPPQHZFASA-N,187cba9927eb379372fbead7ba78d103daca77af7b10281612f5787400bfdbbc,SDUQYLNIPVEERB,vMost-DILI-concern,1,https://www.fda.gov/media/113052/download?attachment=,https://pubchem.ncbi.nlm.nih.gov/compound/60749,60749,dilirank_parent_v1,"[""LT01407""]","[""vMost-DILI-concern""]"
LT01426,Heparin sodium,CC(=O)NC1C(O)OC(COS(=O)(=O)O)C(OC2OC(C(=O)O)C(OC3OC(CO)C(OC4OC(C(=O)O)C(O)C(O)C4OS(=O)(=O)O)C(OS(=O)(=O)O)C3NS(=O)(=O)O)C(O)C2OS(=O)(=O)O)C1O,HTTJABKRGRZYRN-UHFFFAOYSA-N,cb3cc840095dbb9cc4915c18387379530eb574d5098d1f5c7c81ede3a12aef63,HTTJABKRGRZYRN,vLess-DILI-concern,1,https://www.fda.gov/media/113052/download?attachment=,https://pubchem.ncbi.nlm.nih.gov/compound/92044406,92044406,dilirank_parent_v1,"[""LT01426""]","[""vLess-DILI-concern""]"
LT01433,Hydrochlorothiazide,NS(=O)(=O)c1cc2c(cc1Cl)NCNS2(=O)=O,JZUFKLXOESDKRF-UHFFFAOYSA-N,7e22854a9a9a852a7ee3acd1e4415c23d86e96643476a77868b0c51641ae97e6,JZUFKLXOESDKRF,vLess-DILI-concern,1,https://www.fda.gov/media/113052/download?attachment=,https://pubchem.ncbi.nlm.nih.gov/compound/3639,3639,dilirank_parent_v1,"[""LT01433""]","[""vLess-DILI-concern""]"
LT01437,Hydroxyzine hydrochloride,OCCOCCN1CCN(C(c2ccccc2)c2ccc(Cl)cc2)CC1,ZQDWXGKKHFNSQK-UHFFFAOYSA-N,476a11444f847b91e8a25de6682ba14cd5b9d7b0441c5e5fea45e79bc15de783,ZQDWXGKKHFNSQK,vNo-DILI-concern,0,https://www.fda.gov/media/113052/download?attachment=,https://pubchem.ncbi.nlm.nih.gov/compound/91513,91513,dilirank_parent_v1,"[""LT01437""]","[""vNo-DILI-concern""]"
LT01454,Iodipamide sodium,O=C(CCCCC(=O)Nc1c(I)cc(I)c(C(=O)O)c1I)Nc1c(I)cc(I)c(C(=O)O)c1I,FFINMCNLQNTKLU-UHFFFAOYSA-N,80a31e6100ed04894151a297e833f780e165864e11ca5fd2055d1a2cb84bb286,FFINMCNLQNTKLU,vNo-DILI-concern,0,https://www.fda.gov/media/113052/download?attachment=,https://pubchem.ncbi.nlm.nih.gov/compound/17478,17478,dilirank_parent_v1,"[""LT01454""]","[""vNo-DILI-concern""]"
LT01466,Irinotecan hydrochloride,CCc1c2c(nc3ccc(OC(=O)N4CCC(N5CCCCC5)CC4)cc13)-c1cc3c(c(=O)n1C2)COC(=O)[C@]3(O)CC,UWKQSNNFCGGAFS-XIFFEERXSA-N,21584c6595e7c7245f15122013e002bc559a3b1d05b294ecbc75e25de5a1e8a8,UWKQSNNFCGGAFS,vLess-DILI-concern,1,https://www.fda.gov/media/113052/download?attachment=,https://pubchem.ncbi.nlm.nih.gov/compound/74990,74990,dilirank_parent_v1,"[""LT01466""]","[""vLess-DILI-concern""]"
LT01468,Methionine,CSCC[C@H](N)C(=O)O,FFEARJCKVFRZRR-BYPYZUCNSA-N,2ecd9d2575d4e074299d8dab493f7e7ffb6af23c5b1a78c4b3be611b4ad8a46a,FFEARJCKVFRZRR,vNo-DILI-concern,0,https://www.fda.gov/media/113052/download?attachment=,https://pubchem.ncbi.nlm.nih.gov/compound/6137,6137,dilirank_parent_v1,"[""LT01468""]","[""vNo-DILI-concern""]"
LT01475,Isradipine,COC(=O)C1=C(C)NC(C)=C(C(=O)OC(C)C)C1c1cccc2nonc12,HMJIYCCIJYRONP-UHFFFAOYSA-N,9468594526de1c3aed7b35218af887a3b1314ab227a38a2ae7294a96e6d26f96,HMJIYCCIJYRONP,vLess-DILI-concern,1,https://www.fda.gov/media/113052/download?attachment=,https://pubchem.ncbi.nlm.nih.gov/compound/3784,3784,dilirank_parent_v1,"[""LT01475""]","[""vLess-DILI-concern""]"
LT01477,Kanamycin,NC[C@H]1O[C@H](O[C@H]2[C@H](O)[C@@H](O[C@H]3O[C@H](CO)[C@@H](O)[C@H](N)[C@H]3O)[C@H](N)C[C@@H]2N)[C@H](O)[C@@H](O)[C@@H]1O,SBUJHOSQTJFQJX-NOAMYHISSA-N,0a14902f37f01d4467fde1cc1ff780d0ed4224c1d682df91a58c9ba9ca00712f,SBUJHOSQTJFQJX,vNo-DILI-concern,0,https://www.fda.gov/media/113052/download?attachment=,https://pubchem.ncbi.nlm.nih.gov/compound/6032,6032,dilirank_parent_v1,"[""LT01477""]","[""vNo-DILI-concern""]"
LT01479,Riboflavin 5'-phosphate,Cc1cc2nc3c(=O)[nH]c(=O)nc-3n(C[C@H](O)[C@H](O)[C@H](O)COP(=O)(O)O)c2cc1C,FVTCRASFADXXNN-SCRDCRAPSA-N,1788a9b5fd51a343224b372117c2dfa7150f894fbaa6d9792722d83f7858d032,FVTCRASFADXXNN,vNo-DILI-concern,0,https://www.fda.gov/media/113052/download?attachment=,https://pubchem.ncbi.nlm.nih.gov/compound/643976,643976,dilirank_parent_v1,"[""LT01479""]","[""vNo-DILI-concern""]"
LT01481,Lamotrigine,Nc1nnc(-c2cccc(Cl)c2Cl)c(N)n1,PYZRQGJRPPTADH-UHFFFAOYSA-N,455fe52327f3243677d00a1318fbbd3f6e41aaaee0509f2bea184b248cb5dea9,PYZRQGJRPPTADH,vMost-DILI-concern,1,https://www.fda.gov/media/113052/download?attachment=,https://pubchem.ncbi.nlm.nih.gov/compound/3878,3878,dilirank_parent_v1,"[""LT01481""]","[""vMost-DILI-concern""]"
LT01486,Levocarnitine,C[N+](C)(C)C[C@H](O)CC(=O)[O-],PHIQHXFUZVPYII-ZCFIWIBFSA-N,aa57d068a37bd60743a728088a96b13160d3fe712d5b5210474614d8e5830ac2,PHIQHXFUZVPYII,vNo-DILI-concern,0,https://www.fda.gov/media/113052/download?attachment=,https://pubchem.ncbi.nlm.nih.gov/compound/10917,10917,dilirank_parent_v1,"[""LT01486""]","[""vNo-DILI-concern""]"
LT01488,Levofloxacin,C[C@H]1COc2c(N3CCN(C)CC3)c(F)cc3c(=O)c(C(=O)O)cn1c23,GSDSWSVVBLHKDQ-JTQLQIEISA-N,fdc5bc3618d683c9216062d5ec598bbc79d11ce40a92077c90cb35a25eef588d,GSDSWSVVBLHKDQ,vMost-DILI-concern,1,https://www.fda.gov/media/113052/download?attachment=,https://pubchem.ncbi.nlm.nih.gov/compound/149096,149096,dilirank_parent_v1,"[""LT01488""]","[""vMost-DILI-concern""]"
LT01489,Levonorgestrel,C#C[C@]1(O)CC[C@H]2[C@@H]3CCC4=CC(=O)CC[C@@H]4[C@H]3CC[C@@]21CC,WWYNJERNGUHSAO-XUDSTZEESA-N,6c45d9a9e7494cc66297e0ccd010156d8d0ede1b4a1b20f48edb207ae046b33c,WWYNJERNGUHSAO,vNo-DILI-concern,0,https://www.fda.gov/media/113052/download?attachment=,https://pubchem.ncbi.nlm.nih.gov/compound/13109,13109,dilirank_parent_v1,"[""LT01489""]","[""vNo-DILI-concern""]"
LT01492,Lisinopril,NCCCC[C@H](N[C@@H](CCc1ccccc1)C(=O)O)C(=O)N1CCC[C@H]1C(=O)O,RLAWWYSOJDYHDC-BZSNNMDCSA-N,2ca593599f8c4cc5be8a30721a743fe861b29547f49a1d72874d986718432935,RLAWWYSOJDYHDC,vLess-DILI-concern,1,https://www.fda.gov/media/113052/download?attachment=,https://pubchem.ncbi.nlm.nih.gov/compound/5362119,5362119,dilirank_parent_v1,"[""LT01492""]","[""vLess-DILI-concern""]"
LT01497,Loracarbef,N[C@@H](C(=O)N[C@@H]1C(=O)N2C(C(=O)O)=C(Cl)CC[C@H]12)c1ccccc1,JAPHQRWPEGVNBT-UTUOFQBUSA-N,280c083aa00ef270ae906a5662c17a99965ab80ea373e0b8e5ec8555849b4234,JAPHQRWPEGVNBT,vLess-DILI-concern,1,https://www.fda.gov/media/113052/download?attachment=,https://pubchem.ncbi.nlm.nih.gov/compound/5284585,5284585,dilirank_parent_v1,"[""LT01497""]","[""vLess-DILI-concern""]"
LT01498,Loratadine,CCOC(=O)N1CCC(=C2c3ccc(Cl)cc3CCc3cccnc32)CC1,JCCNYMKQOSZNPW-UHFFFAOYSA-N,e90fce5128daec0e2183ab1b3d77430eac83e854e2736b3d19ae5970be3f9187,JCCNYMKQOSZNPW,vNo-DILI-concern,0,https://www.fda.gov/media/113052/download?attachment=,https://pubchem.ncbi.nlm.nih.gov/compound/3957,3957,dilirank_parent_v1,"[""LT01498""]","[""vNo-DILI-concern""]"
LT01499,Losartan potassium,CCCCc1nc(Cl)c(CO)n1Cc1ccc(-c2ccccc2-c2nnn[nH]2)cc1,PSIFNNKUMBGKDQ-UHFFFAOYSA-N,86c49784a6625af65531fb4b8d5c7d2f6308c4cda7196c036ef31a2146c8efbf,PSIFNNKUMBGKDQ,vLess-DILI-concern,1,https://www.fda.gov/media/113052/download?attachment=,https://pubchem.ncbi.nlm.nih.gov/compound/11751549,11751549,dilirank_parent_v1,"[""LT01499""]","[""vLess-DILI-concern""]"
LT01508,Mebanazine,CC(NN)c1ccccc1,HHRZAEJMHSGZNP-UHFFFAOYSA-N,79cb56addae8a941a9b2df93ff05b7f4294ecc3e5c0ce063bcd375bff556c860,HHRZAEJMHSGZNP,vMost-DILI-concern,1,https://www.fda.gov/media/113052/download?attachment=,https://pubchem.ncbi.nlm.nih.gov/compound/6179,6179,dilirank_parent_v1,"[""LT01508""]","[""vMost-DILI-concern""]"
LT01514,Mefloquine hydrochloride,O[C@@H](c1cc(C(F)(F)F)nc2c(C(F)(F)F)cccc12)[C@H]1CCCCN1,XEEQGYMUWCZPDN-DOMZBBRYSA-N,0852ce16b521c89d20fa035f8cad2cb1fff0180df77b0193c36ac88fa9d01f3d,XEEQGYMUWCZPDN,vLess-DILI-concern,1,https://www.fda.gov/media/113052/download?attachment=,https://pubchem.ncbi.nlm.nih.gov/compound/65329,65329,dilirank_parent_v1,"[""LT01514""]","[""vLess-DILI-concern""]"
LT01517,Melphalan,N[C@@H](Cc1ccc(N(CCCl)CCCl)cc1)C(=O)O,SGDBTWWWUNNDEQ-LBPRGKRZSA-N,37f196e8034637674a4d577fcb84c89853b78379e9d27b6934235600d22aa6b6,SGDBTWWWUNNDEQ,vLess-DILI-concern,1,https://www.fda.gov/media/113052/download?attachment=,https://pubchem.ncbi.nlm.nih.gov/compound/460612,460612,dilirank_parent_v1,"[""LT01517""]","[""vLess-DILI-concern""]"
LT01521,Meprobamate,CCCC(C)(COC(N)=O)COC(N)=O,NPPQSCRMBWNHMW-UHFFFAOYSA-N,0cd516c4f1c8049f2adbb4ebff880f804615e037e7b58c6bccc985a3bcd83d52,NPPQSCRMBWNHMW,vNo-DILI-concern,0,https://www.fda.gov/media/113052/download?attachment=,https://pubchem.ncbi.nlm.nih.gov/compound/4064,4064,dilirank_parent_v1,"[""LT01521""]","[""vNo-DILI-concern""]"
LT01525,Meropenem,C[C@@H](O)[C@H]1C(=O)N2C(C(=O)O)=C(S[C@@H]3CN[C@H](C(=O)N(C)C)C3)[C@H](C)[C@H]12,DMJNNHOOLUXYBV-PQTSNVLCSA-N,d7e20508f88543f8ce250c9ccc0894077c5d78d8a74e6b370e1ebab340f936c3,DMJNNHOOLUXYBV,vLess-DILI-concern,1,https://www.fda.gov/media/113052/download?attachment=,https://pubchem.ncbi.nlm.nih.gov/compound/441130,441130,dilirank_parent_v1,"[""LT01525""]","[""vLess-DILI-concern""]"
LT01532,Methazolamide,CC(=O)N=c1sc(S(N)(=O)=O)nn1C,FLOSMHQXBMRNHR-UHFFFAOYSA-N,f0f77bed16b56455849fcc09e3c02a4351b2a122f0cb389b6f27877d37269048,FLOSMHQXBMRNHR,vLess-DILI-concern,1,https://www.fda.gov/media/113052/download?attachment=,https://pubchem.ncbi.nlm.nih.gov/compound/4100,4100,dilirank_parent_v1,"[""LT01532""]","[""vLess-DILI-concern""]"
LT01537,Methoxsalen,COc1c2occc2cc2ccc(=O)oc12,QXKHYNVANLEOEG-UHFFFAOYSA-N,f3a5afbef9a324ab3d30806a9235657cfc01ccb711edf2fa580d57bc7c8f056b,QXKHYNVANLEOEG,vLess-DILI-concern,1,https://www.fda.gov/media/113052/download?attachment=,https://pubchem.ncbi.nlm.nih.gov/compound/4114,4114,dilirank_parent_v1,"[""LT01537""]","[""vLess-DILI-concern""]"
LT01545,Methylphenidate hydrochloride,COC(=O)C(c1ccccc1)C1CCCCN1,DUGOZIWVEXMGBE-UHFFFAOYSA-N,4022728464bd1495a46932c6cc3b83189dd7aad8a2aa6c45574f8605a029b07e,DUGOZIWVEXMGBE,vLess-DILI-concern,1,https://www.fda.gov/media/113052/download?attachment=,https://pubchem.ncbi.nlm.nih.gov/compound/9280,9280,dilirank_parent_v1,"[""LT01545""]","[""vLess-DILI-concern""]"
LT01547,Methscopolamine bromide,C[N+]1(C)[C@@H]2CC(OC(=O)[C@H](CO)c3ccccc3)C[C@H]1[C@@H]1O[C@@H]12,LZCOQTDXKCNBEE-XJMZPCNVSA-N,7fff9b4cc3a1512d2330322c28115520fff99f2a1a41b66d0ef047ef15a4fb6c,LZCOQTDXKCNBEE,vNo-DILI-concern,0,https://www.fda.gov/media/113052/download?attachment=,https://pubchem.ncbi.nlm.nih.gov/compound/5459110,5459110,dilirank_parent_v1,"[""LT01547""]","[""vNo-DILI-concern""]"
LT01549,Metoclopramide hydrochloride,CCN(CC)CCNC(=O)c1cc(Cl)c(N)cc1OC,TTWJBBZEZQICBI-UHFFFAOYSA-N,bdcf3a1028dac549f5ed6fa359efdf96121bacfd0665f49ae3e0535a7fedfd1b,TTWJBBZEZQICBI,vLess-DILI-concern,1,https://www.fda.gov/media/113052/download?attachment=,https://pubchem.ncbi.nlm.nih.gov/compound/441347,441347,dilirank_parent_v1,"[""LT01549""]","[""vLess-DILI-concern""]"
LT01553,Mexiletine hydrochloride,Cc1cccc(C)c1OCC(C)N,VLPIATFUUWWMKC-UHFFFAOYSA-N,6d1527d36f3f801e0d7df0116e41d2b1e1367ba1f47cc44a201b68883d15bcaf,VLPIATFUUWWMKC,vMost-DILI-concern,1,https://www.fda.gov/media/113052/download?attachment=,https://pubchem.ncbi.nlm.nih.gov/compound/21467,21467,dilirank_parent_v1,"[""LT01553""]","[""vMost-DILI-concern""]"
LT01557,Midazolam hydrochloride,Cc1ncc2n1-c1ccc(Cl)cc1C(c1ccccc1F)=NC2,DDLIGBOFAVUZHB-UHFFFAOYSA-N,733490a3801d47f5118adfe1690f1f360a96df47662edea59984a71949a343cf,DDLIGBOFAVUZHB,vNo-DILI-concern,0,https://www.fda.gov/media/113052/download?attachment=,https://pubchem.ncbi.nlm.nih.gov/compound/43032,43032,dilirank_parent_v1,"[""LT01557""]","[""vNo-DILI-concern""]"
LT01558,Midodrine hydrochloride,COc1ccc(OC)c(C(O)CNC(=O)CN)c1,PTKSEFOSCHHMPD-UHFFFAOYSA-N,258aa9e2d90474f7b8b227840a6db6fe6fc67c023dbe77b610281d16459795af,PTKSEFOSCHHMPD,vNo-DILI-concern,0,https://www.fda.gov/media/113052/download?attachment=,https://pubchem.ncbi.nlm.nih.gov/compound/18340,18340,dilirank_parent_v1,"[""LT01558""]","[""vNo-DILI-concern""]"
LT01560,Mirtazapine,CN1CCN2c3ncccc3Cc3ccccc3C2C1,RONZAEMNMFQXRA-UHFFFAOYSA-N,df92b1ebd2851da803cc9d96197ea58587d7542afb01c329e045ae3315083f13,RONZAEMNMFQXRA,vLess-DILI-concern,1,https://www.fda.gov/media/113052/download?attachment=,https://pubchem.ncbi.nlm.nih.gov/compound/4205,4205,dilirank_parent_v1,"[""LT01560""]","[""vLess-DILI-concern""]"
LT01564,Mitotane,Clc1ccc(C(c2ccccc2Cl)C(Cl)Cl)cc1,JWBOIMRXGHLCPP-UHFFFAOYSA-N,3939ea68c2df1b0294d98a1ef2c91d149cd09461a50ac20a386d648d8a1c0ffb,JWBOIMRXGHLCPP,vNo-DILI-concern,0,https://www.fda.gov/media/113052/download?attachment=,https://pubchem.ncbi.nlm.nih.gov/compound/4211,4211,dilirank_parent_v1,"[""LT01564""]","[""vNo-DILI-concern""]"
LT01565,Mitoxantrone hydrochloride,O=C1c2c(O)ccc(O)c2C(=O)c2c(NCCNCCO)ccc(NCCNCCO)c21,KKZJGLLVHKMTCM-UHFFFAOYSA-N,a029e0ad5b86a795609111856ba19dc2f595cdb015cce30c10ace8ec6d5cfea8,KKZJGLLVHKMTCM,vLess-DILI-concern,1,https://www.fda.gov/media/113052/download?attachment=,https://pubchem.ncbi.nlm.nih.gov/compound/51082,51082,dilirank_parent_v1,"[""LT01565""]","[""vLess-DILI-concern""]"
LT01574,Moxisylyte,CC(=O)Oc1cc(C(C)C)c(OCCN(C)C)cc1C,VRYMTAVOXVTQEF-UHFFFAOYSA-N,01c605a8bdc5bde5f03bba12a18e7a066b4b7d7bf5498c7041ace4ae1ad8ff08,VRYMTAVOXVTQEF,vMost-DILI-concern,1,https://www.fda.gov/media/113052/download?attachment=,https://pubchem.ncbi.nlm.nih.gov/compound/4260,4260,dilirank_parent_v1,"[""LT01574""]","[""vMost-DILI-concern""]"
LT01580,Folic acid,Nc1nc2ncc(CNc3ccc(C(=O)N[C@@H](CCC(=O)O)C(=O)O)cc3)nc2c(=O)[nH]1,OVBPIULPVIDEAO-LBPRGKRZSA-N,707b54a57a57f2e7620bf56c8372380ebc9f2b66e12e61dae4399582bb5deaac,OVBPIULPVIDEAO,vNo-DILI-concern,0,https://www.fda.gov/media/113052/download?attachment=,https://pubchem.ncbi.nlm.nih.gov/compound/135398658,135398658,dilirank_parent_v1,"[""LT01580""]","[""vNo-DILI-concern""]"
LT01583,Nafcillin sodium,CCOc1ccc2ccccc2c1C(=O)N[C@@H]1C(=O)N2[C@@H]1SC(C)(C)[C@@H]2C(=O)O,GPXLMGHLHQJAGZ-JTDSTZFVSA-N,cc79625b0db572f9d79897e5a231b75feda03838809605ef02b48f8f7686f33a,GPXLMGHLHQJAGZ,vLess-DILI-concern,1,https://www.fda.gov/media/113052/download?attachment=,https://pubchem.ncbi.nlm.nih.gov/compound/23667630,23667630,dilirank_parent_v1,"[""LT01583""]","[""vLess-DILI-concern""]"
LT01586,Nalbuphine hydrochloride,Oc1ccc2c3c1O[C@H]1[C@@H](O)CC[C@@]4(O)[C@@H](C2)N(CC2CCC2)CC[C@]314,NETZHAKZCGBWSS-CEDHKZHLSA-N,b613d9652c78a9f8f995a8c1cb2c6b58e31c0d6b9012d1a9fa0e1f9e98d4c1ea,NETZHAKZCGBWSS,vNo-DILI-concern,0,https://www.fda.gov/media/113052/download?attachment=,https://pubchem.ncbi.nlm.nih.gov/compound/5360733,5360733,dilirank_parent_v1,"[""LT01586""]","[""vNo-DILI-concern""]"
LT01589,Esomeprazole sodium,COc1ccc2[nH]c([S@@+]([O-])Cc3ncc(C)c(OC)c3C)nc2c1,SUBDBMMJDZJVOS-DEOSSOPVSA-N,d6d61bfaa65aaaae71058d637aed7e9a71b9777e7235faed04c890d262996d51,SUBDBMMJDZJVOS,vLess-DILI-concern,1,https://www.fda.gov/media/113052/download?attachment=,https://pubchem.ncbi.nlm.nih.gov/compound/23674541,23674541,dilirank_parent_v1,"[""LT01589""]","[""vLess-DILI-concern""]"
LT01594,Nialamide,O=C(CCNNC(=O)c1ccncc1)NCc1ccccc1,NOIIUHRQUVNIDD-UHFFFAOYSA-N,3a55e0c52836b00d88a6c440b0ab36869493d2e6096fc777d76c6ba61aaf6415,NOIIUHRQUVNIDD,vMost-DILI-concern,1,https://www.fda.gov/media/113052/download?attachment=,https://pubchem.ncbi.nlm.nih.gov/compound/4472,4472,dilirank_parent_v1,"[""LT01594""]","[""vMost-DILI-concern""]"
LT01600,Nilutamide,CC1(C)NC(=O)N(c2ccc([N+](=O)[O-])c(C(F)(F)F)c2)C1=O,XWXYUMMDTVBTOU-UHFFFAOYSA-N,98d1c183d89f749124c0e2f79e065a3d328b5064fee607b92577eefc679dac37,XWXYUMMDTVBTOU,vMost-DILI-concern,1,https://www.fda.gov/media/113052/download?attachment=,https://pubchem.ncbi.nlm.nih.gov/compound/4493,4493,dilirank_parent_v1,"[""LT01600""]","[""vMost-DILI-concern""]"
LT01602,Niperotidine,CN(C)Cc1ccc(CSCCNC(=C[N+](=O)[O-])NCc2ccc3c(c2)OCO3)o1,HXRSXEDVVARPHP-UHFFFAOYSA-N,0994357f14c62b935cc70e4fa97bdc84500a2845bae270e27c80a0c91ec67113,HXRSXEDVVARPHP,vMost-DILI-concern,1,https://www.fda.gov/media/113052/download?attachment=,https://pubchem.ncbi.nlm.nih.gov/compound/66753191,66753191,dilirank_parent_v1,"[""LT01602""]","[""vMost-DILI-concern""]"
LT01608,Nitroglycerin,O=[N+]([O-])OCC(CO[N+](=O)[O-])O[N+](=O)[O-],SNIOPGDIGTZGOP-UHFFFAOYSA-N,830b56b5d7c10dcd8861e014ca87a2e6eb4caafc87004d9069b8bce03946c17f,SNIOPGDIGTZGOP,vNo-DILI-concern,0,https://www.fda.gov/media/113052/download?attachment=,https://pubchem.ncbi.nlm.nih.gov/compound/4510,4510,dilirank_parent_v1,"[""LT01608""]","[""vNo-DILI-concern""]"
LT01611,Nomifensine,CN1Cc2c(N)cccc2C(c2ccccc2)C1,XXPANQJNYNUNES-UHFFFAOYSA-N,5eee8c6110f9b3d73179cd8c30eb09937ef339091c56ac899b8fbf0ff49ae9bc,XXPANQJNYNUNES,vMost-DILI-concern,1,https://www.fda.gov/media/113052/download?attachment=,https://pubchem.ncbi.nlm.nih.gov/compound/4528,4528,dilirank_parent_v1,"[""LT01611""]","[""vMost-DILI-concern""]"
LT01614,Norfloxacin,CCn1cc(C(=O)O)c(=O)c2cc(F)c(N3CCNCC3)cc21,OGJPXUAPXNRGGI-UHFFFAOYSA-N,d744aaf9106b9f4537a48b9fe6338ba97ad27b865cf340770006a433d1bbbca1,OGJPXUAPXNRGGI,vLess-DILI-concern,1,https://www.fda.gov/media/113052/download?attachment=,https://pubchem.ncbi.nlm.nih.gov/compound/4539,4539,dilirank_parent_v1,"[""LT01614""]","[""vLess-DILI-concern""]"
LT01615,Nortriptyline hydrochloride,CNCCC=C1c2ccccc2CCc2ccccc21,PHVGLTMQBUFIQQ-UHFFFAOYSA-N,918586d872eb4aa618c3b374d5abda598a1c2f5251822d6c6ec59fe78457d4c1,PHVGLTMQBUFIQQ,vMost-DILI-concern,1,https://www.fda.gov/media/113052/download?attachment=,https://pubchem.ncbi.nlm.nih.gov/compound/441358,441358,dilirank_parent_v1,"[""LT01615""]","[""vMost-DILI-concern""]"
LT01618,Octreotide acetate,C[C@@H](O)[C@@H]1NC(=O)[C@H](CCCCN)NC(=O)[C@@H](Cc2c[nH]c3ccccc23)NC(=O)[C@H](Cc2ccccc2)NC(=O)[C@@H](NC(=O)[C@H](N)Cc2ccccc2)CSSC[C@@H](C(=O)N[C@H](CO)[C@@H](C)O)NC1=O,DEQANNDTNATYII-OULOTJBUSA-N,0e08dc691f56d236f1e6a6a045c5746a6eb03fa52eff91708d6946d5bfcfbb7f,DEQANNDTNATYII,vLess-DILI-concern,1,https://www.fda.gov/media/113052/download?attachment=,https://pubchem.ncbi.nlm.nih.gov/compound/155804637,155804637,dilirank_parent_v1,"[""LT01618""]","[""vLess-DILI-concern""]"
LT01619,Ondansetron hydrochloride,Cc1nccn1CC1CCc2c(c3ccccc3n2C)C1=O,FELGMEQIXOGIFQ-UHFFFAOYSA-N,776a95f8c3d8cb2270349007e0546672c90e7f813ece562b97c26e3322916f3c,FELGMEQIXOGIFQ,vLess-DILI-concern,1,https://www.fda.gov/media/113052/download?attachment=,https://pubchem.ncbi.nlm.nih.gov/compound/68647,68647,dilirank_parent_v1,"[""LT01619""]","[""vLess-DILI-concern""]"
LT01620,Ofloxacin,CC1COc2c(N3CCN(C)CC3)c(F)cc3c(=O)c(C(=O)O)cn1c23,GSDSWSVVBLHKDQ-UHFFFAOYSA-N,b20cbde6ea88b7a18c55abeefe8332b29031ea398f2d75bb0d1f994a706903ad,GSDSWSVVBLHKDQ,vLess-DILI-concern,1,https://www.fda.gov/media/113052/download?attachment=,https://pubchem.ncbi.nlm.nih.gov/compound/4583,4583,dilirank_parent_v1,"[""LT01620""]","[""vLess-DILI-concern""]"
LT01623,Diphenoxylate,CCOC(=O)C1(c2ccccc2)CCN(CCC(C#N)(c2ccccc2)c2ccccc2)CC1,HYPPXZBJBPSRLK-UHFFFAOYSA-N,fd40e9fbca8609773ac1f1bd7e42094a2a4224f4ca3854a8fcc69a3c254c0ac4,HYPPXZBJBPSRLK,vNo-DILI-concern,0,https://www.fda.gov/media/113052/download?attachment=,https://pubchem.ncbi.nlm.nih.gov/compound/13505,13505,dilirank_parent_v1,"[""LT01623""]","[""vNo-DILI-concern""]"
LT01624,Oxacillin sodium,Cc1onc(-c2ccccc2)c1C(=O)N[C@@H]1C(=O)N2[C@@H]1SC(C)(C)[C@@H]2C(=O)O,UWYHMGVUTGAWSP-JKIFEVAISA-N,727124008cec6c6393a5f1ff23f10b900c94cfea383849d78575208ec37e7ea7,UWYHMGVUTGAWSP,vLess-DILI-concern,1,https://www.fda.gov/media/113052/download?attachment=,https://pubchem.ncbi.nlm.nih.gov/compound/23694213,23694213,dilirank_parent_v1,"[""LT01624""]","[""vLess-DILI-concern""]"
LT01629,Ambenonium chloride,CC[N+](CC)(CCNC(=O)C(=O)NCC[N+](CC)(CC)Cc1ccccc1Cl)Cc1ccccc1Cl,OMHBPUNFVFNHJK-UHFFFAOYSA-P,4df5194699b8cddda085842d6715c9ab0b2ad0f0694367f075fdbcfff84dd77a,OMHBPUNFVFNHJK,vNo-DILI-concern,0,https://www.fda.gov/media/113052/download?attachment=,https://pubchem.ncbi.nlm.nih.gov/compound/8288,8288,dilirank_parent_v1,"[""LT01629""]","[""vNo-DILI-concern""]"
LT01637,Papaverine hydrochloride,COc1ccc(Cc2nccc3cc(OC)c(OC)cc23)cc1OC,XQYZDYMELSJDRZ-UHFFFAOYSA-N,9287ca49d4c311f2e114f0897781d48db238ebdb557c05c63770b7ac212be8e3,XQYZDYMELSJDRZ,vMost-DILI-concern,1,https://www.fda.gov/media/113052/download?attachment=,https://pubchem.ncbi.nlm.nih.gov/compound/6084,6084,dilirank_parent_v1,"[""LT01637""]","[""vMost-DILI-concern""]"
LT01644,Penbutolol sulfate,CC(C)(C)NC[C@H](O)COc1ccccc1C1CCCC1,KQXKVJAGOJTNJS-HNNXBMFYSA-N,1bee423cbce8deef8a53fd5dc14564c3d6d03cec069323b5fd6b900fc6d63aab,KQXKVJAGOJTNJS,vNo-DILI-concern,0,https://www.fda.gov/media/113052/download?attachment=,https://pubchem.ncbi.nlm.nih.gov/compound/38010,38010,dilirank_parent_v1,"[""LT01644""]","[""vNo-DILI-concern""]"
LT01648,Penicillin v potassium,CC1(C)S[C@@H]2[C@H](NC(=O)COc3ccccc3)C(=O)N2[C@H]1C(=O)O,BPLBGHOLXOTWMN-MBNYWOFBSA-N,f87ff75c50e6dbcc93cfd749cfba034d71b469c9a634f667f049a74a7fa541da,BPLBGHOLXOTWMN,vNo-DILI-concern,0,https://www.fda.gov/media/113052/download?attachment=,https://pubchem.ncbi.nlm.nih.gov/compound/23676814,23676814,dilirank_parent_v1,"[""LT01648""]","[""vNo-DILI-concern""]"
LT01651,Pentostatin,OC[C@H]1O[C@@H](n2cnc3c2NC=NC[C@H]3O)C[C@@H]1O,FPVKHBSQESCIEP-JQCXWYLXSA-N,4d165da1e6b276d75e95ab29b357fdcfc4377fa3207dcacd62a5ec1e98d9a514,FPVKHBSQESCIEP,vMost-DILI-concern,1,https://www.fda.gov/media/113052/download?attachment=,https://pubchem.ncbi.nlm.nih.gov/compound/439693,439693,dilirank_parent_v1,"[""LT01651""]","[""vMost-DILI-concern""]"
LT01655,Perphenazine,OCCN1CCN(CCCN2c3ccccc3Sc3ccc(Cl)cc32)CC1,RGCVKNLCSQQDEP-UHFFFAOYSA-N,32e103e3fd87d8cee27d55f5561ae596b1d7ba553d7b43ad71547e6355e8598b,RGCVKNLCSQQDEP,vLess-DILI-concern,1,https://www.fda.gov/media/113052/download?attachment=,https://pubchem.ncbi.nlm.nih.gov/compound/4748,4748,dilirank_parent_v1,"[""LT01655""]","[""vLess-DILI-concern""]"
LT01657,Phenelzine sulfate,NNCCc1ccccc1,RMUCZJUITONUFY-UHFFFAOYSA-N,2f6b7cc95b111fd57acefbe3f2a66a1d72e2d054e7ab96231aa005b6387d869a,RMUCZJUITONUFY,vLess-DILI-concern,1,https://www.fda.gov/media/113052/download?attachment=,https://pubchem.ncbi.nlm.nih.gov/compound/61100,61100,dilirank_parent_v1,"[""LT01657""]","[""vLess-DILI-concern""]"
LT01666,Ephedrine sulfate,CN[C@@H](C)[C@H](O)c1ccccc1,KWGRBVOPPLSCSI-WPRPVWTQSA-N,32f47139aee0f6c0ce6c505fd7dca2e2cf3d3aed975a2da1946b2ba297378178,KWGRBVOPPLSCSI,vNo-DILI-concern,0,https://www.fda.gov/media/113052/download?attachment=,https://pubchem.ncbi.nlm.nih.gov/compound/5359318,5359318,dilirank_parent_v1,"[""LT01666""]","[""vNo-DILI-concern""]"
LT01672,Pimozide,O=c1[nH]c2ccccc2n1C1CCN(CCCC(c2ccc(F)cc2)c2ccc(F)cc2)CC1,YVUQSNJEYSNKRX-UHFFFAOYSA-N,9c166a20c992f154916369e6e25e791bf9424fa0905fc51b3c26e266e25c74e9,YVUQSNJEYSNKRX,vNo-DILI-concern,0,https://www.fda.gov/media/113052/download?attachment=,https://pubchem.ncbi.nlm.nih.gov/compound/16362,16362,dilirank_parent_v1,"[""LT01672""]","[""vNo-DILI-concern""]"
LT01673,Pindolol,CC(C)NCC(O)COc1cccc2[nH]ccc12,JZQKKSLKJUAGIC-UHFFFAOYSA-N,f3a398b1870c6ef0525d3efbd6fa501681960ad219587ad53449228a09c5eb3d,JZQKKSLKJUAGIC,vNo-DILI-concern,0,https://www.fda.gov/media/113052/download?attachment=,https://pubchem.ncbi.nlm.nih.gov/compound/4828,4828,dilirank_parent_v1,"[""LT01673""]","[""vNo-DILI-concern""]"
LT01679,Piroxicam,CN1C(C(=O)Nc2ccccn2)=C(O)c2ccccc2S1(=O)=O,QYSPLQLAKJAUJT-UHFFFAOYSA-N,b32297e522ec2c622256d27129d329c0879274e1e85ec0217810199c072fb0cf,QYSPLQLAKJAUJT,vLess-DILI-concern,1,https://www.fda.gov/media/113052/download?attachment=,https://pubchem.ncbi.nlm.nih.gov/compound/54676228,54676228,dilirank_parent_v1,"[""LT01679""]","[""vLess-DILI-concern""]"
LT01680,Pirprofen,CC(C(=O)O)c1ccc(N2CC=CC2)c(Cl)c1,PIDSZXPFGCURGN-UHFFFAOYSA-N,06ecd800483f9e348ccb360caf4824d728e81575281447fe337f0c1dcbf21055,PIDSZXPFGCURGN,vMost-DILI-concern,1,https://www.fda.gov/media/113052/download?attachment=,https://pubchem.ncbi.nlm.nih.gov/compound/35935,35935,dilirank_parent_v1,"[""LT01680""]","[""vMost-DILI-concern""]"
LT01684,Salsalate,O=C(Oc1ccccc1C(=O)O)c1ccccc1O,WVYADZUPLLSGPU-UHFFFAOYSA-N,6529f10644fe6201f32ba28262d137c4c3a4ff0b18728058b1d578b84189abef,WVYADZUPLLSGPU,vLess-DILI-concern,1,https://www.fda.gov/media/113052/download?attachment=,https://pubchem.ncbi.nlm.nih.gov/compound/5161,5161,dilirank_parent_v1,"[""LT01684""]","[""vLess-DILI-concern""]"
LT01699,Procainamide hydrochloride,CCN(CC)CCNC(=O)c1ccc(N)cc1,REQCZEXYDRLIBE-UHFFFAOYSA-N,fd68a69a01a9f30c13fed4cd7d38aadada672c8924a167612f462896d18af25b,REQCZEXYDRLIBE,vLess-DILI-concern,1,https://www.fda.gov/media/113052/download?attachment=,https://pubchem.ncbi.nlm.nih.gov/compound/66068,66068,dilirank_parent_v1,"[""LT01699""]","[""vLess-DILI-concern""]"
LT01705,Propafenone hydrochloride,CCCNCC(O)COc1ccccc1C(=O)CCc1ccccc1,JWHAUXFOSRPERK-UHFFFAOYSA-N,9498722d5398310b416da101e6e717a8e2bbb990823cb3acdb2a106f69476227,JWHAUXFOSRPERK,vLess-DILI-concern,1,https://www.fda.gov/media/113052/download?attachment=,https://pubchem.ncbi.nlm.nih.gov/compound/36708,36708,dilirank_parent_v1,"[""LT01705""]","[""vLess-DILI-concern""]"
LT01708,Propofol,CC(C)c1cccc(C(C)C)c1O,OLBCVFGFOZPWHH-UHFFFAOYSA-N,b663dc7db827a2a2cc04e933827c51ee057f98a196326516c7765d42d11b780f,OLBCVFGFOZPWHH,vLess-DILI-concern,1,https://www.fda.gov/media/113052/download?attachment=,https://pubchem.ncbi.nlm.nih.gov/compound/4943,4943,dilirank_parent_v1,"[""LT01708""]","[""vLess-DILI-concern""]"
LT01716,Pyrimethamine,CCc1nc(N)nc(N)c1-c1ccc(Cl)cc1,WKSAUQYGYAYLPV-UHFFFAOYSA-N,211d1eb07a570473b1f38d3984397d345753fe69ae1040e82baf3cd944b540ce,WKSAUQYGYAYLPV,vLess-DILI-concern,1,https://www.fda.gov/media/113052/download?attachment=,https://pubchem.ncbi.nlm.nih.gov/compound/4993,4993,dilirank_parent_v1,"[""LT01716""]","[""vLess-DILI-concern""]"
LT01721,Quazepam,Fc1ccccc1C1=NCC(=S)N(CC(F)(F)F)c2ccc(Cl)cc21,IKMPWMZBZSAONZ-UHFFFAOYSA-N,353afe5ef6be7819b9b3c2b8263653a8b8886998bbd9f53c9c1eb6e63f7f69d3,IKMPWMZBZSAONZ,vNo-DILI-concern,0,https://www.fda.gov/media/113052/download?attachment=,https://pubchem.ncbi.nlm.nih.gov/compound/4999,4999,dilirank_parent_v1,"[""LT01721""]","[""vNo-DILI-concern""]"
LT01723,Quinapril hydrochloride,CCOC(=O)[C@H](CCc1ccccc1)N[C@@H](C)C(=O)N1Cc2ccccc2C[C@H]1C(=O)O,JSDRRTOADPPCHY-HSQYWUDLSA-N,d80b0ee873b08637f995403267e030524d4a04b3d7d7df9f7ff1ab6d60ebaefe,JSDRRTOADPPCHY,vLess-DILI-concern,1,https://www.fda.gov/media/113052/download?attachment=,https://pubchem.ncbi.nlm.nih.gov/compound/54891,54891,dilirank_parent_v1,"[""LT01723""]","[""vLess-DILI-concern""]"
LT01726,Ramipril,CCOC(=O)[C@H](CCc1ccccc1)N[C@@H](C)C(=O)N1[C@H](C(=O)O)C[C@@H]2CCC[C@@H]21,HDACQVRGBOVJII-JBDAPHQKSA-N,a0525f64fef1b8c15edf5b8f8d1d3a73feec2bfa345d98b2d1573aaaa7059532,HDACQVRGBOVJII,vLess-DILI-concern,1,https://www.fda.gov/media/113052/download?attachment=,https://pubchem.ncbi.nlm.nih.gov/compound/5362129,5362129,dilirank_parent_v1,"[""LT01726""]","[""vLess-DILI-concern""]"
LT01729,Reserpine,COC(=O)[C@H]1[C@H]2C[C@@H]3c4[nH]c5cc(OC)ccc5c4CCN3C[C@H]2C[C@@H](OC(=O)c2cc(OC)c(OC)c(OC)c2)[C@@H]1OC,QEVHRUUCFGRFIF-MDEJGZGSSA-N,336dd8a4bfbc4c23498931b44207fb2f38d37531b40714de018046761bac5b9f,QEVHRUUCFGRFIF,vNo-DILI-concern,0,https://www.fda.gov/media/113052/download?attachment=,https://pubchem.ncbi.nlm.nih.gov/compound/5770,5770,dilirank_parent_v1,"[""LT01729""]","[""vNo-DILI-concern""]"
LT01730,Ribavirin,NC(=O)c1ncn([C@@H]2O[C@H](CO)[C@@H](O)[C@H]2O)n1,IWUCXVSUMQZMFG-AFCXAGJDSA-N,9934a211b4ad3e0f1e275505d7942500acf8ac081fa01723903b98f4fd8390b5,IWUCXVSUMQZMFG,vLess-DILI-concern,1,https://www.fda.gov/media/113052/download?attachment=,https://pubchem.ncbi.nlm.nih.gov/compound/37542,37542,dilirank_parent_v1,"[""LT01730""]","[""vLess-DILI-concern""]"
LT01731,Riluzole,Nc1nc2ccc(OC(F)(F)F)cc2s1,FTALBRSUTCGOEG-UHFFFAOYSA-N,e1e9d32d1e9b0d41e627356359bb17659bf3f6fe1b3b2b3c0e2d3cccfdbc309a,FTALBRSUTCGOEG,vMost-DILI-concern,1,https://www.fda.gov/media/113052/download?attachment=,https://pubchem.ncbi.nlm.nih.gov/compound/5070,5070,dilirank_parent_v1,"[""LT01731""]","[""vMost-DILI-concern""]"
LT01735,Risperidone,Cc1nc2n(c(=O)c1CCN1CCC(c3noc4cc(F)ccc34)CC1)CCCC2,RAPZEAPATHNIPO-UHFFFAOYSA-N,3664e9a955ee4872f259104e8289e22ffc2dd5bb8d142a32e26f30ef1792abae,RAPZEAPATHNIPO,vLess-DILI-concern,1,https://www.fda.gov/media/113052/download?attachment=,https://pubchem.ncbi.nlm.nih.gov/compound/5073,5073,dilirank_parent_v1,"[""LT01735""]","[""vLess-DILI-concern""]"
LT01737,Ritonavir,CC(C)c1nc(CN(C)C(=O)N[C@H](C(=O)N[C@@H](Cc2ccccc2)C[C@H](O)[C@H](Cc2ccccc2)NC(=O)OCc2cncs2)C(C)C)cs1,NCDNCNXCDXHOMX-XGKFQTDJSA-N,8e3edcf112e3438d43d20100dcf59a1eb3de70da295610a16fb2bec9365fe223,NCDNCNXCDXHOMX,vMost-DILI-concern,1,https://www.fda.gov/media/113052/download?attachment=,https://pubchem.ncbi.nlm.nih.gov/compound/392622,392622,dilirank_parent_v1,"[""LT01737""]","[""vMost-DILI-concern""]"
LT01746,Saquinavir mesylate,CC(C)(C)NC(=O)[C@@H]1C[C@@H]2CCCC[C@@H]2CN1C[C@@H](O)[C@H](Cc1ccccc1)NC(=O)[C@H](CC(N)=O)NC(=O)c1ccc2ccccc2n1,QWAXKHKRTORLEM-UGJKXSETSA-N,f05be4c36b1943f5157387ec975a9b58ecdda58b1f2fab9f4df5b225ee1d65e2,QWAXKHKRTORLEM,vLess-DILI-concern,1,https://www.fda.gov/media/113052/download?attachment=,https://pubchem.ncbi.nlm.nih.gov/compound/60934,60934,dilirank_parent_v1,"[""LT01746""]","[""vLess-DILI-concern""]"
LT01749,Selegiline hydrochloride,C#CCN(C)[C@H](C)Cc1ccccc1,MEZLKOACVSPNER-GFCCVEGCSA-N,9796f88248a5fd64b1bb0897424925f2e4e5444334a02d8979a301848189902f,MEZLKOACVSPNER,vNo-DILI-concern,0,https://www.fda.gov/media/113052/download?attachment=,https://pubchem.ncbi.nlm.nih.gov/compound/26758,26758,dilirank_parent_v1,"[""LT01749""]","[""vNo-DILI-concern""]"
LT01766,Succimer,O=C(O)[C@@H](S)[C@@H](S)C(=O)O,ACTRVOBWPAIOHC-XIXRPRMCSA-N,7e26bf7f3768a225b500fbe29c8240a01f5c906e19ded1729b8d487918b86d37,ACTRVOBWPAIOHC,vLess-DILI-concern,1,https://www.fda.gov/media/113052/download?attachment=,https://pubchem.ncbi.nlm.nih.gov/compound/2724354,2724354,dilirank_parent_v1,"[""LT01766""]","[""vLess-DILI-concern""]"
LT01776,Lofexidine hydrochloride,CC(Oc1c(Cl)cccc1Cl)C1=NCCN1,KSMAGQUYOIHWFS-UHFFFAOYSA-N,76cb59876cbce386d11e293178dc16fc67ed6aea43db573a211ca2e2a48b9ab6,KSMAGQUYOIHWFS,vNo-DILI-concern,0,https://www.fda.gov/media/113052/download?attachment=,https://pubchem.ncbi.nlm.nih.gov/compound/30667,30667,dilirank_parent_v1,"[""LT01776""]","[""vNo-DILI-concern""]"
LT01786,Teniposide,COc1cc([C@@H]2c3cc4c(cc3[C@@H](O[C@@H]3O[C@@H]5CO[C@@H](c6cccs6)O[C@H]5[C@H](O)[C@H]3O)[C@H]3COC(=O)[C@H]23)OCO4)cc(OC)c1O,NRUKOCRGYNPUPR-QBPJDGROSA-N,e41f50de61e17a3fc58669c75cc9394eabf80e287f8b6a7e2a4f0563599a2974,NRUKOCRGYNPUPR,vLess-DILI-concern,1,https://www.fda.gov/media/113052/download?attachment=,https://pubchem.ncbi.nlm.nih.gov/compound/452548,452548,dilirank_parent_v1,"[""LT01786""]","[""vLess-DILI-concern""]"
LT01787,Terazosin hydrochloride,COc1cc2nc(N3CCN(C(=O)C4CCCO4)CC3)nc(N)c2cc1OC,VCKUSRYTPJJLNI-UHFFFAOYSA-N,6cf038e52f699283bb1768286f35286778d5680ac513de9d265c73fbaa4faf45,VCKUSRYTPJJLNI,vNo-DILI-concern,0,https://www.fda.gov/media/113052/download?attachment=,https://pubchem.ncbi.nlm.nih.gov/compound/63016,63016,dilirank_parent_v1,"[""LT01787""]","[""vNo-DILI-concern""]"
LT01788,Droxidopa,N[C@H](C(=O)O)[C@H](O)c1ccc(O)c(O)c1,QXWYKJLNLSIPIN-JGVFFNPUSA-N,b8fd25c6413232f4aa390e6a8391ce3ed404a28503023940691ecd8ab6dc3f5f,QXWYKJLNLSIPIN,vNo-DILI-concern,0,https://www.fda.gov/media/113052/download?attachment=,https://pubchem.ncbi.nlm.nih.gov/compound/92974,92974,dilirank_parent_v1,"[""LT01788""]","[""vNo-DILI-concern""]"
LT01793,Amisulpride,CCN1CCCC1CNC(=O)c1cc(S(=O)(=O)CC)c(N)cc1OC,NTJOBXMMWNYJFB-UHFFFAOYSA-N,2f6069cd0b8d143f9f162a382b2c9588ac0b7dc9bea0a6691f90194ac111baff,NTJOBXMMWNYJFB,vLess-DILI-concern,1,https://www.fda.gov/media/113052/download?attachment=,https://pubchem.ncbi.nlm.nih.gov/compound/2159,2159,dilirank_parent_v1,"[""LT01793""]","[""vLess-DILI-concern""]"
LT01804,Thiotepa,S=P(N1CC1)(N1CC1)N1CC1,FOCVUCIESVLUNU-UHFFFAOYSA-N,c87b36c01c15c739485d3e89346ca764a94ea629692ec7efad53d7d69bfb1be7,FOCVUCIESVLUNU,vLess-DILI-concern,1,https://www.fda.gov/media/113052/download?attachment=,https://pubchem.ncbi.nlm.nih.gov/compound/5453,5453,dilirank_parent_v1,"[""LT01804""]","[""vLess-DILI-concern""]"
LT01816,suloctidil,CCCCCCCCN[C@@H](C)[C@H](O)c1ccc(SC(C)C)cc1,BFCDFTHTSVTWOG-PXNSSMCTSA-N,4b5eb1189c4ca15db45afd4f4feeac55074c280187dc0bacdebda94490b249ab,BFCDFTHTSVTWOG,vMost-DILI-concern,1,https://www.fda.gov/media/113052/download?attachment=,https://pubchem.ncbi.nlm.nih.gov/compound/6604413,6604413,dilirank_parent_v1,"[""LT01816""]","[""vMost-DILI-concern""]"
LT01820,Tolmetin sodium,Cc1ccc(C(=O)c2ccc(CC(=O)O)n2C)cc1,UPSPUYADGBWSHF-UHFFFAOYSA-N,1e8ec3992a406f13696868fcae29fdfe5dfe94f696fd79e53fef26ac8025ca14,UPSPUYADGBWSHF,vLess-DILI-concern,1,https://www.fda.gov/media/113052/download?attachment=,https://pubchem.ncbi.nlm.nih.gov/compound/23665411,23665411,dilirank_parent_v1,"[""LT01820""]","[""vLess-DILI-concern""]"
LT01822,Tolrestat,COc1ccc2c(C(=S)N(C)CC(=O)O)cccc2c1C(F)(F)F,LUBHDINQXIHVLS-UHFFFAOYSA-N,a5103808e35182bf84b1238c399acd2db6d670bc30e12e5aeab42aa0452eacba,LUBHDINQXIHVLS,vMost-DILI-concern,1,https://www.fda.gov/media/113052/download?attachment=,https://pubchem.ncbi.nlm.nih.gov/compound/53359,53359,dilirank_parent_v1,"[""LT01822""]","[""vMost-DILI-concern""]"
LT01824,Topotecan hydrochloride,CC[C@@]1(O)C(=O)OCc2c1cc1n(c2=O)Cc2cc3c(CN(C)C)c(O)ccc3nc2-1,UCFGDBYHRUNTLO-QHCPKHFHSA-N,50efb5251a758ec76e2c1bec432a57065e641b01deb37c3f6260c01c0d0c549b,UCFGDBYHRUNTLO,vNo-DILI-concern,0,https://www.fda.gov/media/113052/download?attachment=,https://pubchem.ncbi.nlm.nih.gov/compound/60699,60699,dilirank_parent_v1,"[""LT01824""]","[""vNo-DILI-concern""]"
LT01827,Tramadol hydrochloride,COc1cccc([C@@]2(O)CCCC[C@@H]2CN(C)C)c1,TVYLLZQTGLZFBW-ZBFHGGJFSA-N,f2e59e948008192876bd7f6a2b9281f247a1d5bc14cfc537db5a0c4314022b48,TVYLLZQTGLZFBW,vLess-DILI-concern,1,https://www.fda.gov/media/113052/download?attachment=,https://pubchem.ncbi.nlm.nih.gov/compound/63013,63013,dilirank_parent_v1,"[""LT01827""]","[""vLess-DILI-concern""]"
LT01828,Trandolapril,CCOC(=O)[C@H](CCc1ccccc1)N[C@@H](C)C(=O)N1[C@H](C(=O)O)C[C@H]2CCCC[C@@H]21,VXFJYXUZANRPDJ-WTNASJBWSA-N,11de4dabdc60a61fef6a18c58a0aab48266ebc5fa7174a7c1c142a6ecadb1886,VXFJYXUZANRPDJ,vLess-DILI-concern,1,https://www.fda.gov/media/113052/download?attachment=,https://pubchem.ncbi.nlm.nih.gov/compound/5484727,5484727,dilirank_parent_v1,"[""LT01828""]","[""vLess-DILI-concern""]"
LT01829,Tranylcypromine sulfate,N[C@H]1C[C@@H]1c1ccccc1,AELCINSCMGFISI-BDAKNGLRSA-N,e42e9a12169b7c7de7066bbb1427695061bbe7c32812eb7d4fd8f75c7ad78aa8,AELCINSCMGFISI,vLess-DILI-concern,1,https://www.fda.gov/media/113052/download?attachment=,https://pubchem.ncbi.nlm.nih.gov/compound/11473982,11473982,dilirank_parent_v1,"[""LT01829""]","[""vLess-DILI-concern""]"
LT01830,Trazodone hydrochloride,O=c1n(CCCN2CCN(c3cccc(Cl)c3)CC2)nc2ccccn12,PHLBKPHSAVXXEF-UHFFFAOYSA-N,8d89a398103f635f0cea8bec220274b794b3553564bcf0e1a917e4f2eb6c85ee,PHLBKPHSAVXXEF,vLess-DILI-concern,1,https://www.fda.gov/media/113052/download?attachment=,https://pubchem.ncbi.nlm.nih.gov/compound/62935,62935,dilirank_parent_v1,"[""LT01830""]","[""vLess-DILI-concern""]"
LT01833,Triamterene,Nc1nc(N)c2nc(-c3ccccc3)c(N)nc2n1,FNYLWPVRPXGIIP-UHFFFAOYSA-N,659a9f661b700f96dd2bc1d5c907ecf274546408d36b2f3d1955ccc1c9dc6fef,FNYLWPVRPXGIIP,vLess-DILI-concern,1,https://www.fda.gov/media/113052/download?attachment=,https://pubchem.ncbi.nlm.nih.gov/compound/5546,5546,dilirank_parent_v1,"[""LT01833""]","[""vLess-DILI-concern""]"
LT01839,Trihexyphenidyl hydrochloride,OC(CCN1CCCCC1)(c1ccccc1)C1CCCCC1,HWHLPVGTWGOCJO-UHFFFAOYSA-N,7b9ffea8d95e206c41bc425e897784e48b918687904d3145b965a84f1e67a3fc,HWHLPVGTWGOCJO,vNo-DILI-concern,0,https://www.fda.gov/media/113052/download?attachment=,https://pubchem.ncbi.nlm.nih.gov/compound/66007,66007,dilirank_parent_v1,"[""LT01839""]","[""vNo-DILI-concern""]"
LT01842,Trimethoprim,COc1cc(Cc2cnc(N)nc2N)cc(OC)c1OC,IEDVJHCEMCRBQM-UHFFFAOYSA-N,62f17b411dbd46f51bb0639b59bd24b5cdb2a2a8773a763b7657423230296d19,IEDVJHCEMCRBQM,vLess-DILI-concern,1,https://www.fda.gov/media/113052/download?attachment=,https://pubchem.ncbi.nlm.nih.gov/compound/5578,5578,dilirank_parent_v1,"[""LT01842""]","[""vLess-DILI-concern""]"
LT01846,Fenclozic acid,O=C(O)Cc1csc(-c2ccc(Cl)cc2)n1,APBSKHYXXKHJFK-UHFFFAOYSA-N,9547b3d6b8c792f8c5a72fe4a08a84ef1abbc6c6463a9148b652e57153f58b0f,APBSKHYXXKHJFK,vMost-DILI-concern,1,https://www.fda.gov/media/113052/download?attachment=,https://pubchem.ncbi.nlm.nih.gov/compound/28858,28858,dilirank_parent_v1,"[""LT01846""]","[""vMost-DILI-concern""]"
LT01849,Ebrotidine,NC(N)=Nc1nc(CSCCN=CNS(=O)(=O)c2ccc(Br)cc2)cs1,ZQHFZHPUZXNPMF-UHFFFAOYSA-N,8e97f1923df62e405488d7431ee097c51cc47b45c9c8005fbc804bf2b76929d0,ZQHFZHPUZXNPMF,vMost-DILI-concern,1,https://www.fda.gov/media/113052/download?attachment=,https://pubchem.ncbi.nlm.nih.gov/compound/65869,65869,dilirank_parent_v1,"[""LT01849""]","[""vMost-DILI-concern""]"
LT01853,Aceclofenac,O=C(O)COC(=O)Cc1ccccc1Nc1c(Cl)cccc1Cl,MNIPYSSQXLZQLJ-UHFFFAOYSA-N,cc34ea506c6157883da4bfc57f7bb9344449778ae94b82a9cb570db49df8d80a,MNIPYSSQXLZQLJ,vLess-DILI-concern,1,https://www.fda.gov/media/113052/download?attachment=,https://pubchem.ncbi.nlm.nih.gov/compound/71771,71771,dilirank_parent_v1,"[""LT01853""]","[""vLess-DILI-concern""]"
LT01854,Nitrefazole,Cc1nc([N+](=O)[O-])cn1-c1ccc([N+](=O)[O-])cc1,NMTBSNPBIGRZBL-UHFFFAOYSA-N,631fdcea494a0e4b59a6c2c8d4c04aea4257b4d776435e01c955d1d9c27a2618,NMTBSNPBIGRZBL,vMost-DILI-concern,1,https://www.fda.gov/media/113052/download?attachment=,https://pubchem.ncbi.nlm.nih.gov/compound/71900,71900,dilirank_parent_v1,"[""LT01854""]","[""vMost-DILI-concern""]"
LT01856,Valaciclovir,CC(C)[C@H](N)C(=O)OCCOCn1cnc2c(=O)[nH]c(N)nc21,HDOVUKNUBWVHOX-QMMMGPOBSA-N,eb5a3c06c4585d31f6329f6f99f2a22f0e4aa40f7cae7d43f7bcbae876b3e0bf,HDOVUKNUBWVHOX,vLess-DILI-concern,1,https://www.fda.gov/media/113052/download?attachment=,https://pubchem.ncbi.nlm.nih.gov/compound/135398742,135398742,dilirank_parent_v1,"[""LT01856""]","[""vLess-DILI-concern""]"
LT01857,Valsartan,CCCCC(=O)N(Cc1ccc(-c2ccccc2-c2nn[nH]n2)cc1)[C@H](C(=O)O)C(C)C,ACWBQPMHZXGDFX-QFIPXVFZSA-N,d569a8b64becf9e06e3c498cce0df6c4c3e94b31108ca36f643a919a639d198d,ACWBQPMHZXGDFX,vLess-DILI-concern,1,https://www.fda.gov/media/113052/download?attachment=,https://pubchem.ncbi.nlm.nih.gov/compound/60846,60846,dilirank_parent_v1,"[""LT01857""]","[""vLess-DILI-concern""]"
LT01861,Viloxazine hydrochloride,CCOc1ccccc1OCC1CNCCO1,YWPHCCPCQOJSGZ-UHFFFAOYSA-N,1d6ae5b9c5fe6b35622e7d36d3e0bce6ea9212b2a6f48e8b8cd71c43b0984504,YWPHCCPCQOJSGZ,vNo-DILI-concern,0,https://www.fda.gov/media/113052/download?attachment=,https://pubchem.ncbi.nlm.nih.gov/compound/71424,71424,dilirank_parent_v1,"[""LT01861""]","[""vNo-DILI-concern""]"
LT01862,Vincristine sulfate,CC[C@]1(O)C[C@H]2CN(CCc3c([nH]c4ccccc34)[C@@](C(=O)OC)(c3cc4c(cc3OC)N(C=O)[C@H]3[C@@](O)(C(=O)OC)[C@H](OC(C)=O)[C@]5(CC)C=CCN6CC[C@]43[C@@H]65)C2)C1,OGWKCGZFUXNPDA-XQKSVPLYSA-N,d0f10013267a9165209bcebb403e3ce5dc3e239f3442fdd6948dcef8fe17b241,OGWKCGZFUXNPDA,vLess-DILI-concern,1,https://www.fda.gov/media/113052/download?attachment=,https://pubchem.ncbi.nlm.nih.gov/compound/249332,249332,dilirank_parent_v1,"[""LT01862""]","[""vLess-DILI-concern""]"
LT01867,Xenazoic acid,CCOC(Nc1ccc(C(=O)O)cc1)C(=O)c1ccc(-c2ccccc2)cc1,BPOMPTVRBWXZBY-UHFFFAOYSA-N,11b8a71de719c6ade4708f81339a0c34caa162f807f95aae4b3a2c819dd150d8,BPOMPTVRBWXZBY,vMost-DILI-concern,1,https://www.fda.gov/media/113052/download?attachment=,https://pubchem.ncbi.nlm.nih.gov/compound/239062,239062,dilirank_parent_v1,"[""LT01867""]","[""vMost-DILI-concern""]"
LT01869,Zafirlukast,COc1cc(C(=O)NS(=O)(=O)c2ccccc2C)ccc1Cc1cn(C)c2ccc(NC(=O)OC3CCCC3)cc12,YEEZWCHGZNKEEK-UHFFFAOYSA-N,218c0c00a054748917da808c031c2287c657c9844530c78951b4ddcdbae5f7a7,YEEZWCHGZNKEEK,vMost-DILI-concern,1,https://www.fda.gov/media/113052/download?attachment=,https://pubchem.ncbi.nlm.nih.gov/compound/5717,5717,dilirank_parent_v1,"[""LT01869""]","[""vMost-DILI-concern""]"
LT01870,Falnidamol,CN1CCC(Nc2ncc3ncnc(Nc4ccc(F)c(Cl)c4)c3n2)CC1,FTFRZXFNZVCRSK-UHFFFAOYSA-N,6e1f2b7dd4bc76957ee8d557aa435ca3c8e028ecff93e1957d28b18300717bb0,FTFRZXFNZVCRSK,vMost-DILI-concern,1,https://www.fda.gov/media/113052/download?attachment=,https://pubchem.ncbi.nlm.nih.gov/compound/6918508,6918508,dilirank_parent_v1,"[""LT01870""]","[""vMost-DILI-concern""]"
LT01874,Zimelidine,CN(C)C/C=C(/c1ccc(Br)cc1)c1cccnc1,OYPPVKRFBIWMSX-SXGWCWSVSA-N,1d54c7c19bdcba94848c54b610838cd7505dc27f410eeb6cbf502e947bfe6928,OYPPVKRFBIWMSX,vMost-DILI-concern,1,https://www.fda.gov/media/113052/download?attachment=,https://pubchem.ncbi.nlm.nih.gov/compound/5365247,5365247,dilirank_parent_v1,"[""LT01874""]","[""vMost-DILI-concern""]"
LT01888,Caffeine citrate,Cn1c(=O)c2c(ncn2C)n(C)c1=O,RYYVLZVUVIJVGH-UHFFFAOYSA-N,e5f8db9fad3ed1e2aceeff1e8c8df43171c90e2740bfc25a7ed491c6d041866f,RYYVLZVUVIJVGH,vNo-DILI-concern,0,https://www.fda.gov/media/113052/download?attachment=,https://pubchem.ncbi.nlm.nih.gov/compound/6241,6241,dilirank_parent_v1,"[""LT01888""]","[""vNo-DILI-concern""]"
LT01905,Lidocaine,CCN(CC)CC(=O)Nc1c(C)cccc1C,NNJVILVZKWQKPM-UHFFFAOYSA-N,f46194de0eedcd33102ba27918a936dd75b123517717ce922d708636473520e3,NNJVILVZKWQKPM,vNo-DILI-concern,0,https://www.fda.gov/media/113052/download?attachment=,https://pubchem.ncbi.nlm.nih.gov/compound/3676,3676,dilirank_parent_v1,"[""LT01905""]","[""vNo-DILI-concern""]"
LT01908,Memantine hydrochloride,CC12CC3CC(C)(C1)CC(N)(C3)C2,BUGYDGFZZOZRHP-UHFFFAOYSA-N,891dc7d6e11d5d2bd8e8350842255f0243c8091a4cc506aa3255578f14ffdde3,BUGYDGFZZOZRHP,vLess-DILI-concern,1,https://www.fda.gov/media/113052/download?attachment=,https://pubchem.ncbi.nlm.nih.gov/compound/181458,181458,dilirank_parent_v1,"[""LT01908""]","[""vLess-DILI-concern""]"
LT01923,Quinine sulfate,C=C[C@H]1CN2CC[C@H]1C[C@H]2[C@H](O)c1ccnc2ccc(OC)cc12,LOUPRKONTZGTKE-WZBLMQSHSA-N,c3cbb38d6a7b3a1504da96c7b5ac589052adee1db3992881d390d46c9d98d383,LOUPRKONTZGTKE,vLess-DILI-concern,1,https://www.fda.gov/media/113052/download?attachment=,https://pubchem.ncbi.nlm.nih.gov/compound/16051948,16051948,dilirank_parent_v1,"[""LT01923""]","[""vLess-DILI-concern""]"
LT01928,Rosuvastatin calcium,CC(C)c1nc(N(C)S(C)(=O)=O)nc(-c2ccc(F)cc2)c1/C=C/[C@@H](O)C[C@@H](O)CC(=O)O,BPRHUIZQVSMCRT-VEUZHWNKSA-N,045fb6c251eff4200bab38d98d27f0d63d2f4e706025e8e7ec49dd57882e1af6,BPRHUIZQVSMCRT,vLess-DILI-concern,1,https://www.fda.gov/media/113052/download?attachment=,https://pubchem.ncbi.nlm.nih.gov/compound/5282455,5282455,dilirank_parent_v1,"[""LT01928""]","[""vLess-DILI-concern""]"
LT01933,Sulfamethizole,Cc1nnc(NS(=O)(=O)c2ccc(N)cc2)s1,VACCAVUAMIDAGB-UHFFFAOYSA-N,2b42370beea5ea66bd3c29e4a9f13307a9f16bde6ee56d061032eb1a96c6592c,VACCAVUAMIDAGB,vLess-DILI-concern,1,https://www.fda.gov/media/113052/download?attachment=,https://pubchem.ncbi.nlm.nih.gov/compound/5328,5328,dilirank_parent_v1,"[""LT01933""]","[""vLess-DILI-concern""]"
LT01944,Telithromycin,CC[C@H]1OC(=O)[C@H](C)C(=O)[C@H](C)[C@@H](O[C@@H]2O[C@H](C)C[C@H](N(C)C)[C@H]2O)[C@](C)(OC)C[C@@H](C)C(=O)[C@H](C)[C@H]2N(CCCCn3cnc(-c4cccnc4)c3)C(=O)O[C@]12C,LJVAJPDWBABPEJ-PNUFFHFMSA-N,1de6f846b650c27cfa1c4241b1ea06659457c381bff134c248b588fa5b69f62d,LJVAJPDWBABPEJ,vMost-DILI-concern,1,https://www.fda.gov/media/113052/download?attachment=,https://pubchem.ncbi.nlm.nih.gov/compound/3002190,3002190,dilirank_parent_v1,"[""LT01944""]","[""vMost-DILI-concern""]"
LT01968,Entacapone,CCN(CC)C(=O)/C(C#N)=C/c1cc(O)c(O)c([N+](=O)[O-])c1,JRURYQJSLYLRLN-BJMVGYQFSA-N,d9073ee5ce954b6e85e0d4038da1c9dfcd005a87aa742592ed0fd6a88f327dbc,JRURYQJSLYLRLN,vLess-DILI-concern,1,https://www.fda.gov/media/113052/download?attachment=,https://pubchem.ncbi.nlm.nih.gov/compound/5281081,5281081,dilirank_parent_v1,"[""LT01968""]","[""vLess-DILI-concern""]"
LT01971,Valdecoxib,Cc1onc(-c2ccccc2)c1-c1ccc(S(N)(=O)=O)cc1,LNPDTQAFDNKSHK-UHFFFAOYSA-N,3abd9f44e74c09be4b40b7fb1c44e65281916bbbbebd793f832aac47dc25eef3,LNPDTQAFDNKSHK,vLess-DILI-concern,1,https://www.fda.gov/media/113052/download?attachment=,https://pubchem.ncbi.nlm.nih.gov/compound/119607,119607,dilirank_parent_v1,"[""LT01971""]","[""vLess-DILI-concern""]"
LT01972,Dexpanthenol,CC(C)(CO)[C@@H](O)C(=O)NCCCO,SNPLKNRPJHDVJA-ZETCQYMHSA-N,0769a7112b651693a64f92cca34c12cf73e7de76b238450d6334090a3b3a7da7,SNPLKNRPJHDVJA,vNo-DILI-concern,0,https://www.fda.gov/media/113052/download?attachment=,https://pubchem.ncbi.nlm.nih.gov/compound/131204,131204,dilirank_parent_v1,"[""LT01972""]","[""vNo-DILI-concern""]"
LT01980,Pyridoxine hydrochloride,Cc1ncc(CO)c(CO)c1O,LXNHXLLTXMVWPM-UHFFFAOYSA-N,0e45dbc21f6a4276a3f1131c86dc2abc56debe32766eec7b0b485a9413382f5c,LXNHXLLTXMVWPM,vNo-DILI-concern,0,https://www.fda.gov/media/113052/download?attachment=,https://pubchem.ncbi.nlm.nih.gov/compound/6019,6019,dilirank_parent_v1,"[""LT01980""]","[""vNo-DILI-concern""]"
LT01981,Thiamine hydrochloride,Cc1ncc(C[n+]2csc(CCO)c2C)c(N)n1,JZRWCGZRTZMZEH-UHFFFAOYSA-N,02fb49322d7d6ab41abd3a3f68112333dbe305c02c2b849e40dab5f451f4fc1d,JZRWCGZRTZMZEH,vNo-DILI-concern,0,https://www.fda.gov/media/113052/download?attachment=,https://pubchem.ncbi.nlm.nih.gov/compound/6202,6202,dilirank_parent_v1,"[""LT01981""]","[""vNo-DILI-concern""]"
LT02004,Cromoglicate,O=C(O)c1cc(=O)c2c(OCC(O)COc3cccc4oc(C(=O)O)cc(=O)c34)cccc2o1,IMZMKUWMOSJXDT-UHFFFAOYSA-N,2eb70a6cd9e8927d98ae486ca40547435211401e9cf38d252c9e441552468fba,IMZMKUWMOSJXDT,vLess-DILI-concern,1,https://www.fda.gov/media/113052/download?attachment=,https://pubchem.ncbi.nlm.nih.gov/compound/2882,2882,dilirank_parent_v1,"[""LT02004""]","[""vLess-DILI-concern""]"
LT02007,Montelukast sodium,CC(C)(O)c1ccccc1CC[C@@H](SCC1(CC(=O)O)CC1)c1cccc(/C=C/c2ccc3ccc(Cl)cc3n2)c1,UCHDWCPVSPXUMX-TZIWLTJVSA-N,6e47573a52fde3aefa28f5faf7545f79d06346a9e6be29c6fdf477cce92c0113,UCHDWCPVSPXUMX,vLess-DILI-concern,1,https://www.fda.gov/media/113052/download?attachment=,https://pubchem.ncbi.nlm.nih.gov/compound/23663996,23663996,dilirank_parent_v1,"[""LT02007""]","[""vLess-DILI-concern""]"
LT02008,Moxifloxacin hydrochloride,COc1c(N2C[C@@H]3CCCN[C@@H]3C2)c(F)cc2c(=O)c(C(=O)O)cn(C3CC3)c12,FABPRXSRWADJSP-MEDUHNTESA-N,b2a4a9cd97861cf70a8517ae4343d226dac274079b0ac6c19b2187a16985846e,FABPRXSRWADJSP,vLess-DILI-concern,1,https://www.fda.gov/media/113052/download?attachment=,https://pubchem.ncbi.nlm.nih.gov/compound/101526,101526,dilirank_parent_v1,"[""LT02008""]","[""vLess-DILI-concern""]"
LT02009,Vitamin C,O=C1O[C@H]([C@@H](O)CO)C(O)=C1O,CIWBSHSKHKDKBQ-JLAZNSOCSA-N,4d033557bd6075b42f27e6178651a8da6f4c707b30f72465aa8ccef5a62dfb01,CIWBSHSKHKDKBQ,vNo-DILI-concern,0,https://www.fda.gov/media/113052/download?attachment=,https://pubchem.ncbi.nlm.nih.gov/compound/54670067,54670067,dilirank_parent_v1,"[""LT02009""]","[""vNo-DILI-concern""]"
LT02010,Sorbitol,OC[C@@H](O)[C@@H](O)[C@H](O)[C@@H](O)CO,FBPFZTCFMRRESA-JGWLITMVSA-N,dcba46e7c76fd21e905a858a8eec85735e4a5b4fd09ade1b5496fd3998642e05,FBPFZTCFMRRESA,vNo-DILI-concern,0,https://www.fda.gov/media/113052/download?attachment=,https://pubchem.ncbi.nlm.nih.gov/compound/5780,5780,dilirank_parent_v1,"[""LT02010""]","[""vNo-DILI-concern""]"
LT02018,Capecitabine,CCCCCOC(=O)Nc1nc(=O)n([C@@H]2O[C@H](C)[C@@H](O)[C@H]2O)cc1F,GAGWJHPBXLXJQN-UORFTKCHSA-N,22616a31c9241ebdc94a55d15265d1ab837e2a765d1c9a18786685ff6aad02f0,GAGWJHPBXLXJQN,vLess-DILI-concern,1,https://www.fda.gov/media/113052/download?attachment=,https://pubchem.ncbi.nlm.nih.gov/compound/60953,60953,dilirank_parent_v1,"[""LT02018""]","[""vLess-DILI-concern""]"
LT02019,Leuprolide acetate,CCNC(=O)[C@@H]1CCCN1C(=O)[C@H](CCCN=C(N)N)NC(=O)[C@H](CC(C)C)NC(=O)[C@@H](CC(C)C)NC(=O)[C@H](Cc1ccc(O)cc1)NC(=O)[C@H](CO)NC(=O)[C@H](Cc1c[nH]c2ccccc12)NC(=O)[C@H](Cc1cnc[nH]1)NC(=O)[C@@H]1CCC(=O)N1,GFIJNRVAKGFPGQ-LIJARHBVSA-N,eb7e6078d18f1a7dbd73a01dab3700351c4cb98834eb92e27ec73ed457da6305,GFIJNRVAKGFPGQ,vLess-DILI-concern,1,https://www.fda.gov/media/113052/download?attachment=,https://pubchem.ncbi.nlm.nih.gov/compound/657180,657180,dilirank_parent_v1,"[""LT02019""]","[""vLess-DILI-concern""]"
LT02026,Hydroxychloroquine sulfate,CCN(CCO)CCCC(C)Nc1ccnc2cc(Cl)ccc12,XXSMGPRMXLTPCZ-UHFFFAOYSA-N,993abef20a6c3b09a920a2313a4b73bbca07776669bafa066b522a36b0b17703,XXSMGPRMXLTPCZ,vLess-DILI-concern,1,https://www.fda.gov/media/113052/download?attachment=,https://pubchem.ncbi.nlm.nih.gov/compound/12947,12947,dilirank_parent_v1,"[""LT02026""]","[""vLess-DILI-concern""]"
LT02033,Ximelagatran,CCOC(=O)CN[C@@H](C(=O)N1CC[C@H]1C(=O)NCc1ccc(/C(N)=N/O)cc1)C1CCCCC1,ZXIBCJHYVWYIKI-PZJWPPBQSA-N,adf2152682993b9d87a86f5edd4400d9df32500997c76c4205afbf7ff4d47bd7,ZXIBCJHYVWYIKI,vMost-DILI-concern,1,https://www.fda.gov/media/113052/download?attachment=,https://pubchem.ncbi.nlm.nih.gov/compound/9574101,9574101,dilirank_parent_v1,"[""LT02033""]","[""vMost-DILI-concern""]"
LT02035,Duloxetine hydrochloride,CNCC[C@H](Oc1cccc2ccccc12)c1cccs1,ZEUITGRIYCTCEM-KRWDZBQOSA-N,50ed5c48cd289604dc34e8118848669697c167741b32f21a424a98cb82d4b927,ZEUITGRIYCTCEM,vMost-DILI-concern,1,https://www.fda.gov/media/113052/download?attachment=,https://pubchem.ncbi.nlm.nih.gov/compound/60834,60834,dilirank_parent_v1,"[""LT02035""]","[""vMost-DILI-concern""]"
LT02037,Carisoprodol,CCCC(C)(COC(N)=O)COC(=O)NC(C)C,OFZCIYFFPZCNJE-UHFFFAOYSA-N,57fac41251f550bcab0d6085ac78c09030a9d8ea4e8f4e7702875b7341ecd6b2,OFZCIYFFPZCNJE,vNo-DILI-concern,0,https://www.fda.gov/media/113052/download?attachment=,https://pubchem.ncbi.nlm.nih.gov/compound/2576,2576,dilirank_parent_v1,"[""LT02037""]","[""vNo-DILI-concern""]"
LT02041,Dicloxacillin sodium,Cc1onc(-c2c(Cl)cccc2Cl)c1C(=O)N[C@@H]1C(=O)N2[C@@H]1SC(C)(C)[C@@H]2C(=O)O,YFAGHNZHGGCZAX-JKIFEVAISA-N,1f9f338cb6e504962e0e8119330bda284f2b3e82655bba73bf7259672ab3ca4c,YFAGHNZHGGCZAX,vLess-DILI-concern,1,https://www.fda.gov/media/113052/download?attachment=,https://pubchem.ncbi.nlm.nih.gov/compound/23667628,23667628,dilirank_parent_v1,"[""LT02041""]","[""vLess-DILI-concern""]"
LT02056,Dextromethorphan polistirex,COc1ccc2c(c1)[C@]13CCCC[C@@H]1[C@H](C2)N(C)CC3,MKXZASYAUGDDCJ-NJAFHUGGSA-N,d991f2ef562779d001dd2b9781b1bab6821a5566b461622c7abc68251e972928,MKXZASYAUGDDCJ,vNo-DILI-concern,0,https://www.fda.gov/media/113052/download?attachment=,https://pubchem.ncbi.nlm.nih.gov/compound/5464025,5464025,dilirank_parent_v1,"[""LT02056""]","[""vNo-DILI-concern""]"
LT02061,Paromomycin sulfate,NC[C@@H]1O[C@H](O[C@H]2[C@@H](O)[C@H](O[C@@H]3[C@@H](O)[C@H](N)C[C@H](N)[C@H]3O[C@H]3O[C@H](CO)[C@@H](O)[C@H](O)[C@H]3N)O[C@@H]2CO)[C@H](N)[C@@H](O)[C@@H]1O,UOZODPSAJZTQNH-LSWIJEOBSA-N,b5cc2a6e93d859f0b9b52601b96cd2da23f64a61e35f1148af6cad2edb107521,UOZODPSAJZTQNH,vNo-DILI-concern,0,https://www.fda.gov/media/113052/download?attachment=,https://pubchem.ncbi.nlm.nih.gov/compound/441375,441375,dilirank_parent_v1,"[""LT02061""]","[""vNo-DILI-concern""]"
LT02063,Telmisartan,CCCc1nc2c(C)cc(-c3nc4ccccc4n3C)cc2n1Cc1ccc(-c2ccccc2C(=O)O)cc1,RMMXLENWKUUMAY-UHFFFAOYSA-N,3935f6f2264efd0e7b65a0630a5543d04dc76cd651e5c36eaa8a494fd75c75e2,RMMXLENWKUUMAY,vLess-DILI-concern,1,https://www.fda.gov/media/113052/download?attachment=,https://pubchem.ncbi.nlm.nih.gov/compound/65999,65999,dilirank_parent_v1,"[""LT02063""]","[""vLess-DILI-concern""]"
LT02070,Amiloride hydrochloride,NC(N)=NC(=O)c1nc(Cl)c(N)nc1N,XSDQTOBWRPYKKA-UHFFFAOYSA-N,c0a3b38dad198b623c9cb57c73fbce3ad3c1891675007deba471f2a9ebbfcb0d,XSDQTOBWRPYKKA,vLess-DILI-concern,1,https://www.fda.gov/media/113052/download?attachment=,https://pubchem.ncbi.nlm.nih.gov/compound/68540,68540,dilirank_parent_v1,"[""LT02070""]","[""vLess-DILI-concern""]"
LT02072,Methysergide maleate,CC[C@@H](CO)NC(=O)[C@@H]1C=C2c3cccc4c3c(cn4C)C[C@H]2N(C)C1,KPJZHOPZRAFDTN-ZRGWGRIASA-N,832ee5f6d2207497a11c2f2d98eb1ab162f8cc75fa7ee7e280bdcfa2e74c9cc4,KPJZHOPZRAFDTN,vNo-DILI-concern,0,https://www.fda.gov/media/113052/download?attachment=,https://pubchem.ncbi.nlm.nih.gov/compound/5281073,5281073,dilirank_parent_v1,"[""LT02072""]","[""vNo-DILI-concern""]"
LT02074,Methylergonovine maleate,CC[C@@H](CO)NC(=O)[C@@H]1C=C2c3cccc4[nH]cc(c34)C[C@H]2N(C)C1,UNBRKDKAWYKMIV-QWQRMKEZSA-N,68e0979906d1273ed4d1c17b8175035dee7f251c5a1a8310ddd7021ca3ce95be,UNBRKDKAWYKMIV,vNo-DILI-concern,0,https://www.fda.gov/media/113052/download?attachment=,https://pubchem.ncbi.nlm.nih.gov/compound/5281072,5281072,dilirank_parent_v1,"[""LT02074""]","[""vNo-DILI-concern""]"
LT02076,Brompheniramine maleate,CN(C)CCC(c1ccc(Br)cc1)c1ccccn1,ZDIGNSYAACHWNL-UHFFFAOYSA-N,ae554bb1860c8eec0645722b07a46b876275204677629c92f677d8387807ccd1,ZDIGNSYAACHWNL,vNo-DILI-concern,0,https://www.fda.gov/media/113052/download?attachment=,https://pubchem.ncbi.nlm.nih.gov/compound/5281067,5281067,dilirank_parent_v1,"[""LT02076""]","[""vNo-DILI-concern""]"
LT02077,Arginine hydrochloride,NC(N)=NCCC[C@H](N)C(=O)O,ODKSFYDXXFIFQN-BYPYZUCNSA-N,e63ad547ce05de56ef849cbca3f717e3f8fea7c31929641617b4bc1c34780a09,ODKSFYDXXFIFQN,vNo-DILI-concern,0,https://www.fda.gov/media/113052/download?attachment=,https://pubchem.ncbi.nlm.nih.gov/compound/66250,66250,dilirank_parent_v1,"[""LT02077""]","[""vNo-DILI-concern""]"
LT02081,Pyridostigmine bromide,CN(C)C(=O)Oc1ccc[n+](C)c1,RVOLLAQWKVFTGE-UHFFFAOYSA-N,2f9837a0d2fdf839b460271b8725a7a497893367993ce6827945d31d708baf9d,RVOLLAQWKVFTGE,vLess-DILI-concern,1,https://www.fda.gov/media/113052/download?attachment=,https://pubchem.ncbi.nlm.nih.gov/compound/7550,7550,dilirank_parent_v1,"[""LT02081""]","[""vLess-DILI-concern""]"
LT02082,Phenoxybenzamine hydrochloride,CC(COc1ccccc1)N(CCCl)Cc1ccccc1,QZVCTJOXCFMACW-UHFFFAOYSA-N,67555ed6a67e094afe7585474f5ee7182d67913a5635a6294fae2fb97ffdbb7c,QZVCTJOXCFMACW,vNo-DILI-concern,0,https://www.fda.gov/media/113052/download?attachment=,https://pubchem.ncbi.nlm.nih.gov/compound/5284441,5284441,dilirank_parent_v1,"[""LT02082""]","[""vNo-DILI-concern""]"
LT02084,Oxybutynin chloride,CCN(CC)CC#CCOC(=O)C(O)(c1ccccc1)C1CCCCC1,XIQVNETUBQGFHX-UHFFFAOYSA-N,1cbaf0525b189e1691dd305fe34bc489cad34e49ab0740fa3fccbcc3961d6723,XIQVNETUBQGFHX,vLess-DILI-concern,1,https://www.fda.gov/media/113052/download?attachment=,https://pubchem.ncbi.nlm.nih.gov/compound/91505,91505,dilirank_parent_v1,"[""LT02084""]","[""vLess-DILI-concern""]"
LT02085,Orphenadrine hydrochloride,Cc1ccccc1C(OCCN(C)C)c1ccccc1,QVYRGXJJSLMXQH-UHFFFAOYSA-N,5ae8fa972541d625e99e535f7e0a8c743f2ddc1f14bfff90e2b1b9e727fef003,QVYRGXJJSLMXQH,vNo-DILI-concern,0,https://www.fda.gov/media/113052/download?attachment=,https://pubchem.ncbi.nlm.nih.gov/compound/9568,9568,dilirank_parent_v1,"[""LT02085""]","[""vNo-DILI-concern""]"
LT02086,Metaproterenol sulfate,CC(C)NCC(O)c1cc(O)cc(O)c1,LMOINURANNBYCM-UHFFFAOYSA-N,3fb7c764d4813139e54eb40c4456d6a2fc91be06065757db7744025b582f0ae3,LMOINURANNBYCM,vNo-DILI-concern,0,https://www.fda.gov/media/113052/download?attachment=,https://pubchem.ncbi.nlm.nih.gov/compound/441333,441333,dilirank_parent_v1,"[""LT02086""]","[""vNo-DILI-concern""]"
LT02087,Loperamide hydrochloride,CN(C)C(=O)C(CCN1CCC(O)(c2ccc(Cl)cc2)CC1)(c1ccccc1)c1ccccc1,RDOIQAHITMMDAJ-UHFFFAOYSA-N,67aeea62e54eca53b58690677d309060cdeaa37838664eb1c60d1d2a7a241129,RDOIQAHITMMDAJ,vNo-DILI-concern,0,https://www.fda.gov/media/113052/download?attachment=,https://pubchem.ncbi.nlm.nih.gov/compound/71420,71420,dilirank_parent_v1,"[""LT02087""]","[""vNo-DILI-concern""]"
LT02089,Isoxsuprine hydrochloride,CC(COc1ccccc1)NC(C)C(O)c1ccc(O)cc1,BMUKKTUHUDJSNZ-UHFFFAOYSA-N,629bdb33095abd23906cc315198914fc1dad2da61d7153a30f00dbd04583d574,BMUKKTUHUDJSNZ,vNo-DILI-concern,0,https://www.fda.gov/media/113052/download?attachment=,https://pubchem.ncbi.nlm.nih.gov/compound/11368,11368,dilirank_parent_v1,"[""LT02089""]","[""vNo-DILI-concern""]"
LT02092,Glafenine,O=C(OCC(O)CO)c1ccccc1Nc1ccnc2cc(Cl)ccc12,GWOFUCIGLDBNKM-UHFFFAOYSA-N,fc7ef4cfa6877dd8de647ad7d5326ff24967d94bf89d2ad01aec2e593c98d9f1,GWOFUCIGLDBNKM,vMost-DILI-concern,1,https://www.fda.gov/media/113052/download?attachment=,https://pubchem.ncbi.nlm.nih.gov/compound/3474,3474,dilirank_parent_v1,"[""LT02092""]","[""vMost-DILI-concern""]"
LT02093,Edrophonium chloride,CC[N+](C)(C)c1cccc(O)c1,VWLHWLSRQJQWRG-UHFFFAOYSA-O,807d016809bbcad25e609e113f954ecef7ea95ca3a17c744293878fb12099431,VWLHWLSRQJQWRG,vNo-DILI-concern,0,https://www.fda.gov/media/113052/download?attachment=,https://pubchem.ncbi.nlm.nih.gov/compound/8307,8307,dilirank_parent_v1,"[""LT02093""]","[""vNo-DILI-concern""]"
LT02096,Acetylcholine chloride,CC(=O)OCC[N+](C)(C)C,OIPILFWXSMYKGL-UHFFFAOYSA-N,e88cc87ce869894cfd0f17b799d9557973114d43169a4c858dc76e6985cde493,OIPILFWXSMYKGL,vNo-DILI-concern,0,https://www.fda.gov/media/113052/download?attachment=,https://pubchem.ncbi.nlm.nih.gov/compound/6060,6060,dilirank_parent_v1,"[""LT02096""]","[""vNo-DILI-concern""]"
LT02100,Amphetamine sulfate,CC(N)Cc1ccccc1,KWTSXDURSIMDCE-UHFFFAOYSA-N,9cce9a38d2ccc9fc00ce75663f5f0cd04094dc251b9486cfa69258036ead32b3,KWTSXDURSIMDCE,vLess-DILI-concern,1,https://www.fda.gov/media/113052/download?attachment=,https://pubchem.ncbi.nlm.nih.gov/compound/6055,6055,dilirank_parent_v1,"[""LT02100""]","[""vLess-DILI-concern""]"
LT02110,Mepazine,CN1CCCC(CN2c3ccccc3Sc3ccccc32)C1,CBHCDHNUZWWAPP-UHFFFAOYSA-N,e3faf7e510e955e7f4d55711386f8ef2c1ecf6b2b5fe7239346a5b89aaf3df09,CBHCDHNUZWWAPP,vMost-DILI-concern,1,https://www.fda.gov/media/113052/download?attachment=,https://pubchem.ncbi.nlm.nih.gov/compound/6075,6075,dilirank_parent_v1,"[""LT02110""]","[""vMost-DILI-concern""]"
LT02121,Nandrolone phenpropionate,C[C@]12CC[C@H]3[C@@H](CCC4=CC(=O)CC[C@@H]43)[C@@H]1CC[C@@H]2OC(=O)CCc1ccccc1,UBWXUGDQUBIEIZ-QNTYDACNSA-N,2bf1de81941ac9a07d517ecfea52de7f853bf0aba3fb503ef59116dc70c44aa3,UBWXUGDQUBIEIZ,vMost-DILI-concern,1,https://www.fda.gov/media/113052/download?attachment=,https://pubchem.ncbi.nlm.nih.gov/compound/229455,229455,dilirank_parent_v1,"[""LT02121""]","[""vMost-DILI-concern""]"
LT02164,Nifurtimox,CC1CS(=O)(=O)CCN1/N=C/c1ccc([N+](=O)[O-])o1,ARFHIAQFJWUCFH-IZZDOVSWSA-N,bf56823ef09613bd31a6e9d1b54f7264c6789e1b855bdf0994e91ca0cc3e0285,ARFHIAQFJWUCFH,vNo-DILI-concern,0,https://www.fda.gov/media/113052/download?attachment=,https://pubchem.ncbi.nlm.nih.gov/compound/6842999,6842999,dilirank_parent_v1,"[""LT02164""]","[""vNo-DILI-concern""]"
LT02189,Betaine,C[N+](C)(C)CC(=O)[O-],KWIUHFFTVRNATP-UHFFFAOYSA-N,3f692a53c37544d22d7401dafaac0b2add0dcec96359e8f19390b497ca8ffe97,KWIUHFFTVRNATP,vNo-DILI-concern,0,https://www.fda.gov/media/113052/download?attachment=,https://pubchem.ncbi.nlm.nih.gov/compound/247,247,dilirank_parent_v1,"[""LT02189""]","[""vNo-DILI-concern""]"
LT02190,Bisacodyl,CC(=O)Oc1ccc(C(c2ccc(OC(C)=O)cc2)c2ccccn2)cc1,KHOITXIGCFIULA-UHFFFAOYSA-N,9bbd24af15fe220e8e5f8611fc42e2ac91d31dc7fd72a1135bd4585dc3e8e3c9,KHOITXIGCFIULA,vNo-DILI-concern,0,https://www.fda.gov/media/113052/download?attachment=,https://pubchem.ncbi.nlm.nih.gov/compound/2391,2391,dilirank_parent_v1,"[""LT02190""]","[""vNo-DILI-concern""]"
LT02192,Leucovorin calcium,Nc1nc2c(c(=O)[nH]1)N(C=O)C(CNc1ccc(C(=O)N[C@@H](CCC(=O)O)C(=O)O)cc1)CN2,VVIAGPKUTFNRDU-ABLWVSNPSA-N,dfd33e18840aa1285257baf68a376cae012f2b0bd870b522a37743826fa473a0,VVIAGPKUTFNRDU,vNo-DILI-concern,0,https://www.fda.gov/media/113052/download?attachment=,https://pubchem.ncbi.nlm.nih.gov/compound/135403647,135403647,dilirank_parent_v1,"[""LT02192""]","[""vNo-DILI-concern""]"
LT02204,Lapatinib ditosylate,CS(=O)(=O)CCNCc1ccc(-c2ccc3ncnc(Nc4ccc(OCc5cccc(F)c5)c(Cl)c4)c3c2)o1,BCFGMOOMADDAQU-UHFFFAOYSA-N,b09356e3697106c38bb7d36cf0fe8ca848e2b1cb4f9195f062c0423659c3898f,BCFGMOOMADDAQU,vMost-DILI-concern,1,https://www.fda.gov/media/113052/download?attachment=,https://pubchem.ncbi.nlm.nih.gov/compound/11557040,11557040,dilirank_parent_v1,"[""LT02204""]","[""vMost-DILI-concern""]"
LT02210,Oseltamivir phosphate,CCOC(=O)C1=C[C@@H](OC(CC)CC)[C@H](NC(C)=O)[C@@H](N)C1,VSZGPKBBMSAYNT-RRFJBIMHSA-N,895df97977ba3e5a5fad7c79f451c7353555ef58639bd1753dfafe3125f216e7,VSZGPKBBMSAYNT,vLess-DILI-concern,1,https://www.fda.gov/media/113052/download?attachment=,https://pubchem.ncbi.nlm.nih.gov/compound/78000,78000,dilirank_parent_v1,"[""LT02210""]","[""vLess-DILI-concern""]"
LT02213,Alaproclate,CC(N)C(=O)OC(C)(C)Cc1ccc(Cl)cc1,FZSPJBYOKQPKCD-UHFFFAOYSA-N,f329a7f69bf2f630163c2a2f0ef98fdb698c8f5f4442796442cee3b2812156e3,FZSPJBYOKQPKCD,vMost-DILI-concern,1,https://www.fda.gov/media/113052/download?attachment=,https://pubchem.ncbi.nlm.nih.gov/compound/2081,2081,dilirank_parent_v1,"[""LT02213""]","[""vMost-DILI-concern""]"
LT02216,Orlistat,CCCCCCCCCCC[C@@H](C[C@@H]1OC(=O)[C@H]1CCCCCC)OC(=O)[C@H](CC(C)C)NC=O,AHLBNYSZXLDEJQ-FWEHEUNISA-N,ba79d44250b817a0a8d51f0476bb601c0a60fba0b07156317ab0d57905aa3974,AHLBNYSZXLDEJQ,vMost-DILI-concern,1,https://www.fda.gov/media/113052/download?attachment=,https://pubchem.ncbi.nlm.nih.gov/compound/3034010,3034010,dilirank_parent_v1,"[""LT02216""]","[""vMost-DILI-concern""]"
LT02217,Apomorphine hydrochloride,CN1CCc2cccc3c2[C@H]1Cc1ccc(O)c(O)c1-3,VMWNQDUVQKEIOC-CYBMUJFWSA-N,05822f4b5bc4384563c2dfcd374ac93b03ea59aab6a03399e230360bc419f478,VMWNQDUVQKEIOC,vNo-DILI-concern,0,https://www.fda.gov/media/113052/download?attachment=,https://pubchem.ncbi.nlm.nih.gov/compound/107882,107882,dilirank_parent_v1,"[""LT02217""]","[""vNo-DILI-concern""]"
LT02218,Dihydroergotamine mesylate,CN1C[C@H](C(=O)N[C@]2(C)O[C@@]3(O)[C@@H]4CCCN4C(=O)[C@H](Cc4ccccc4)N3C2=O)C[C@@H]2c3cccc4[nH]cc(c34)C[C@H]21,LUZRJRNZXALNLM-JGRZULCMSA-N,7d62d08ec3a3ec50b43ca03cb3f65aa0105be8598e189ac9653519b00d0ddff1,LUZRJRNZXALNLM,vNo-DILI-concern,0,https://www.fda.gov/media/113052/download?attachment=,https://pubchem.ncbi.nlm.nih.gov/compound/71171,71171,dilirank_parent_v1,"[""LT02218""]","[""vNo-DILI-concern""]"
LT02219,Procyclidine hydrochloride,OC(CCN1CCCC1)(c1ccccc1)C1CCCCC1,WYDUSKDSKCASEF-UHFFFAOYSA-N,985bdb75e1ea84a05b964634fbd73bae3078b60f471e3d8147d1b49643d5a9b0,WYDUSKDSKCASEF,vNo-DILI-concern,0,https://www.fda.gov/media/113052/download?attachment=,https://pubchem.ncbi.nlm.nih.gov/compound/207841,207841,dilirank_parent_v1,"[""LT02219""]","[""vNo-DILI-concern""]"
LT02222,Clemastine fumarate,CN1CCC[C@@H]1CCO[C@](C)(c1ccccc1)c1ccc(Cl)cc1,YNNUSGIPVFPVBX-NHCUHLMSSA-N,8b11d69f09278ce76d7a48efd10e3135fb72480317809adae5cf555af2e0912d,YNNUSGIPVFPVBX,vNo-DILI-concern,0,https://www.fda.gov/media/113052/download?attachment=,https://pubchem.ncbi.nlm.nih.gov/compound/5281069,5281069,dilirank_parent_v1,"[""LT02222""]","[""vNo-DILI-concern""]"
LT02224,Tenofovir disoproxil fumarate,CC(C)OC(=O)OCOP(=O)(CO[C@H](C)Cn1cnc2c(N)ncnc21)OCOC(=O)OC(C)C,JFVZFKDSXNQEJW-CQSZACIVSA-N,debaf91b0d2767863b7f0c602b6814cce9bb3cb60330fe2d149c15e519fba6d9,JFVZFKDSXNQEJW,vLess-DILI-concern,1,https://www.fda.gov/media/113052/download?attachment=,https://pubchem.ncbi.nlm.nih.gov/compound/6398764,6398764,dilirank_parent_v1,"[""LT02224""]","[""vLess-DILI-concern""]"
LT02229,Angiotensin ii acetate,CC[C@H](C)[C@H](NC(=O)[C@H](Cc1ccc(O)cc1)NC(=O)[C@@H](NC(=O)[C@H](CCCN=C(N)N)NC(=O)[C@@H](N)CC(=O)O)C(C)C)C(=O)N[C@@H](Cc1cnc[nH]1)C(=O)N1CCC[C@H]1C(=O)N[C@@H](Cc1ccccc1)C(=O)O,CZGUSIXMZVURDU-JZXHSEFVSA-N,00fd78e5f574536be88d0a16fedb5e15d1cbe8467dd9911055c0bfa3fefa9f49,CZGUSIXMZVURDU,vNo-DILI-concern,0,https://www.fda.gov/media/113052/download?attachment=,https://pubchem.ncbi.nlm.nih.gov/compound/172197,172197,dilirank_parent_v1,"[""LT02229""]","[""vNo-DILI-concern""]"
LT02269,Norethindrone acetate,C#C[C@]1(OC(C)=O)CC[C@H]2[C@@H]3CCC4=CC(=O)CC[C@@H]4[C@H]3CC[C@@]21C,IMONTRJLAWHYGT-ZCPXKWAGSA-N,2def41aa69c4477e58b28b575a0793ea2ad58ce138ac988a15d9449fef5921fe,IMONTRJLAWHYGT,vNo-DILI-concern,0,https://www.fda.gov/media/113052/download?attachment=,https://pubchem.ncbi.nlm.nih.gov/compound/5832,5832,dilirank_parent_v1,"[""LT02269""]","[""vNo-DILI-concern""]"
LT02331,Argipressin,NC(=O)CC[C@@H]1NC(=O)[C@H](Cc2ccccc2)NC(=O)[C@H](Cc2ccc(O)cc2)NC(=O)[C@@H](N)CSSC[C@@H](C(=O)N2CCC[C@H]2C(=O)N[C@@H](CCCN=C(N)N)C(=O)NCC(N)=O)NC(=O)[C@H](CC(N)=O)NC1=O,KBZOIRJILGZLEJ-LGYYRGKSSA-N,bcb6b67ca54670ffbd67da1c7a728e5d39cd26a1914c1c71da76ea8e406d1d17,KBZOIRJILGZLEJ,vNo-DILI-concern,0,https://www.fda.gov/media/113052/download?attachment=,https://pubchem.ncbi.nlm.nih.gov/compound/644077,644077,dilirank_parent_v1,"[""LT02331""]","[""vNo-DILI-concern""]"
LT02337,Sodium bicarbonate,O=C(O)O,BVKZGUZCCUSVTD-UHFFFAOYSA-N,490c6a976498a0fc127a55fbecf07ad46c96a6ea3e420391b0d0b3941e6e8b29,BVKZGUZCCUSVTD,vNo-DILI-concern,0,https://www.fda.gov/media/113052/download?attachment=,https://pubchem.ncbi.nlm.nih.gov/compound/516892,516892,dilirank_parent_v1,"[""LT02337""]","[""vNo-DILI-concern""]"
LT02339,Abiraterone acetate,CC(=O)O[C@H]1CC[C@@]2(C)C(=CC[C@@H]3[C@@H]2CC[C@]2(C)C(c4cccnc4)=CC[C@@H]32)C1,UVIQSJCZCSLXRZ-UBUQANBQSA-N,616c7669049b8e01e8bb7d227e15e93a3bbc023fc66bcd9d03328b45481b3947,UVIQSJCZCSLXRZ,vMost-DILI-concern,1,https://www.fda.gov/media/113052/download?attachment=,https://pubchem.ncbi.nlm.nih.gov/compound/9821849,9821849,dilirank_parent_v1,"[""LT02339""]","[""vMost-DILI-concern""]"
LT02340,Plerixafor,c1cc(CN2CCCNCCNCCCNCC2)ccc1CN1CCCNCCNCCCNCC1,YIQPUIGJQJDJOS-UHFFFAOYSA-N,b391fe58c61e1cdd0484c673e46820daa8f454365b8a401833f58dc2c0c0877e,YIQPUIGJQJDJOS,vNo-DILI-concern,0,https://www.fda.gov/media/113052/download?attachment=,https://pubchem.ncbi.nlm.nih.gov/compound/65015,65015,dilirank_parent_v1,"[""LT02340""]","[""vNo-DILI-concern""]"
LT02342,Fingolimod hydrochloride,CCCCCCCCc1ccc(CCC(N)(CO)CO)cc1,KKGQTZUTZRNORY-UHFFFAOYSA-N,b003979a212997f777dc895cc452f5829342587fb2d770a1d106c4afd1c35596,KKGQTZUTZRNORY,vMost-DILI-concern,1,https://www.fda.gov/media/113052/download?attachment=,https://pubchem.ncbi.nlm.nih.gov/compound/107969,107969,dilirank_parent_v1,"[""LT02342""]","[""vMost-DILI-concern""]"
LT02345,Dabigatran etexilate mesylate,CCCCCCOC(=O)NC(=N)c1ccc(NCc2nc3cc(C(=O)N(CCC(=O)OCC)c4ccccn4)ccc3n2C)cc1,KSGXQBZTULBEEQ-UHFFFAOYSA-N,1a0631d8e5856e2b0ed145f35d80ec49ee941007729ea3a0ee235a451a44824b,KSGXQBZTULBEEQ,vLess-DILI-concern,1,https://www.fda.gov/media/113052/download?attachment=,https://pubchem.ncbi.nlm.nih.gov/compound/135566083,135566083,dilirank_parent_v1,"[""LT02345""]","[""vLess-DILI-concern""]"
LT02346,Clindamycin phosphate,CCC[C@@H]1C[C@@H](C(=O)N[C@@H]([C@H]2O[C@H](SC)[C@H](OP(=O)(O)O)[C@@H](O)[C@H]2O)[C@H](C)Cl)N(C)C1,UFUVLHLTWXBHGZ-MGZQPHGTSA-N,d0d3e655f0e7407659bb1179455b0c74d0edc6fe6fe2fc88c100150f8ec6f6c5,UFUVLHLTWXBHGZ,vLess-DILI-concern,1,https://www.fda.gov/media/113052/download?attachment=,https://pubchem.ncbi.nlm.nih.gov/compound/443385,443385,dilirank_parent_v1,"[""LT02346""]","[""vLess-DILI-concern""]"
LT02349,Bosutinib monohydrate,COc1cc(Nc2c(C#N)cnc3cc(OCCCN4CCN(C)CC4)c(OC)cc23)c(Cl)cc1Cl,UBPYILGKFZZVDX-UHFFFAOYSA-N,9e96b99fe3feda8ecc843f24c0ccd17a10b91fc04f5db5c239901641ff2ef042,UBPYILGKFZZVDX,vMost-DILI-concern,1,https://www.fda.gov/media/113052/download?attachment=,https://pubchem.ncbi.nlm.nih.gov/compound/11990828,11990828,dilirank_parent_v1,"[""LT02349""]","[""vMost-DILI-concern""]"
LT02352,Rilpivirine hydrochloride,Cc1cc(/C=C/C#N)cc(C)c1Nc1ccnc(Nc2ccc(C#N)cc2)n1,YIBOMRUWOWDFLG-ONEGZZNKSA-N,b9951896a4a227742e4c8f8e9ba7fc8574483a16e456d456a94ec4cd9327c46d,YIBOMRUWOWDFLG,vLess-DILI-concern,1,https://www.fda.gov/media/113052/download?attachment=,https://pubchem.ncbi.nlm.nih.gov/compound/11711114,11711114,dilirank_parent_v1,"[""LT02352""]","[""vLess-DILI-concern""]"
LT02356,Tyramine,NCCc1ccc(O)cc1,DZGWFCGJZKJUFP-UHFFFAOYSA-N,1a7e3fa452650fe96c7d00a48eede80d48f404e35f77a6495ce5c704c89cd19b,DZGWFCGJZKJUFP,vNo-DILI-concern,0,https://www.fda.gov/media/113052/download?attachment=,https://pubchem.ncbi.nlm.nih.gov/compound/5610,5610,dilirank_parent_v1,"[""LT02356""]","[""vNo-DILI-concern""]"
LT02387,Ceftaroline fosamil,CCO/N=C(\C(=O)N[C@@H]1C(=O)N2C(C(=O)[O-])=C(Sc3nc(-c4cc[n+](C)cc4)cs3)CS[C@H]12)c1nsc(NP(=O)(O)O)n1,ZCCUWMICIWSJIX-NQJJCJBVSA-N,7f53968f059a6ea959653e129678c5558cfb1613cc598bdefd7274155c1a40a1,ZCCUWMICIWSJIX,vLess-DILI-concern,1,https://www.fda.gov/media/113052/download?attachment=,https://pubchem.ncbi.nlm.nih.gov/compound/9852981,9852981,dilirank_parent_v1,"[""LT02387""]","[""vLess-DILI-concern""]"
LT02390,Rivaroxaban,O=C(NC[C@H]1CN(c2ccc(N3CCOCC3=O)cc2)C(=O)O1)c1ccc(Cl)s1,KGFYHTZWPPHNLQ-AWEZNQCLSA-N,d39d253bdeb55d253cc4b6e30cf229594d20180bbb180057ddd98c1d27485617,KGFYHTZWPPHNLQ,vLess-DILI-concern,1,https://www.fda.gov/media/113052/download?attachment=,https://pubchem.ncbi.nlm.nih.gov/compound/9875401,9875401,dilirank_parent_v1,"[""LT02390""]","[""vLess-DILI-concern""]"
LT02391,Vilazodone hydrochloride,N#Cc1ccc2[nH]cc(CCCCN3CCN(c4ccc5oc(C(N)=O)cc5c4)CC3)c2c1,SGEGOXDYSFKCPT-UHFFFAOYSA-N,da82ad4af0f286fa3f31246493ebcff22fc7c93bf3e34aadd9997417cf7a1fe3,SGEGOXDYSFKCPT,vNo-DILI-concern,0,https://www.fda.gov/media/113052/download?attachment=,https://pubchem.ncbi.nlm.nih.gov/compound/6918313,6918313,dilirank_parent_v1,"[""LT02391""]","[""vNo-DILI-concern""]"
LT02395,Carfilzomib,CC(C)C[C@H](NC(=O)[C@H](CCc1ccccc1)NC(=O)CN1CCOCC1)C(=O)N[C@@H](Cc1ccccc1)C(=O)N[C@@H](CC(C)C)C(=O)[C@@]1(C)CO1,BLMPQMFVWMYDKT-NZTKNTHTSA-N,8c9a8ba9a9690b27498a3c9b25f95f860568f2b7fa28f07e0059b809e89020ba,BLMPQMFVWMYDKT,vMost-DILI-concern,1,https://www.fda.gov/media/113052/download?attachment=,https://pubchem.ncbi.nlm.nih.gov/compound/11556711,11556711,dilirank_parent_v1,"[""LT02395""]","[""vMost-DILI-concern""]"
LT02397,Teriflunomide,C/C(O)=C(\C#N)C(=O)Nc1ccc(C(F)(F)F)cc1,UTNUDOFZCWSZMS-YFHOEESVSA-N,1ea3e38561ff29c659c5d4958ad04a9e8fc407f0c9e0f5a10367c64af7b8b750,UTNUDOFZCWSZMS,vMost-DILI-concern,1,https://www.fda.gov/media/113052/download?attachment=,https://pubchem.ncbi.nlm.nih.gov/compound/54684141,54684141,dilirank_parent_v1,"[""LT02397""]","[""vMost-DILI-concern""]"
LT02398,Lomitapide mesylate,O=C(NC1CCN(CCCCC2(C(=O)NCC(F)(F)F)c3ccccc3-c3ccccc32)CC1)c1ccccc1-c1ccc(C(F)(F)F)cc1,MBBCVAKAJPKAKM-UHFFFAOYSA-N,c416ea2f266c43aa780e554806e1f4cc9a76681908518a616704e0d459141b02,MBBCVAKAJPKAKM,vMost-DILI-concern,1,https://www.fda.gov/media/113052/download?attachment=,https://pubchem.ncbi.nlm.nih.gov/compound/11274333,11274333,dilirank_parent_v1,"[""LT02398""]","[""vMost-DILI-concern""]"
LT02411,Lurasidone hydrochloride,O=C1[C@@H]2[C@H]3CC[C@H](C3)[C@@H]2C(=O)N1C[C@@H]1CCCC[C@H]1CN1CCN(c2nsc3ccccc23)CC1,PQXKDMSYBGKCJA-CVTJIBDQSA-N,ec84d96f394b297e99929fe85ea81f734bfa702bcc023eba457faee0d4e49086,PQXKDMSYBGKCJA,vNo-DILI-concern,0,https://www.fda.gov/media/113052/download?attachment=,https://pubchem.ncbi.nlm.nih.gov/compound/11237860,11237860,dilirank_parent_v1,"[""LT02411""]","[""vNo-DILI-concern""]"
LT02413,Ticagrelor,CCCSc1nc(N[C@@H]2C[C@H]2c2ccc(F)c(F)c2)c2nnn([C@@H]3C[C@H](OCCO)[C@@H](O)[C@H]3O)c2n1,OEKWJQXRCDYSHL-FNOIDJSQSA-N,03426a3618ffaf41b2e956862c32f78cb061f28ed226abfec60348b712b0c0f5,OEKWJQXRCDYSHL,vNo-DILI-concern,0,https://www.fda.gov/media/113052/download?attachment=,https://pubchem.ncbi.nlm.nih.gov/compound/9871419,9871419,dilirank_parent_v1,"[""LT02413""]","[""vNo-DILI-concern""]"
LT02418,Apixaban,COc1ccc(-n2nc(C(N)=O)c3c2C(=O)N(c2ccc(N4CCCCC4=O)cc2)CC3)cc1,QNZCBYKSOIHPEH-UHFFFAOYSA-N,d1897865c00f64f8a7f02d69d5873d3cc7341824b090349c0ba1a9e9ee48a28d,QNZCBYKSOIHPEH,vLess-DILI-concern,1,https://www.fda.gov/media/113052/download?attachment=,https://pubchem.ncbi.nlm.nih.gov/compound/10182969,10182969,dilirank_parent_v1,"[""LT02418""]","[""vLess-DILI-concern""]"
LT02427,Haloperidol decanoate,CCCCCCCCCC(=O)OC1(c2ccc(Cl)cc2)CCN(CCCC(=O)c2ccc(F)cc2)CC1,GUTXTARXLVFHDK-UHFFFAOYSA-N,41fa983f335b5743e57171d85945609e168fe7e0426fb4bcdea18d715fab8f4f,GUTXTARXLVFHDK,vLess-DILI-concern,1,https://www.fda.gov/media/113052/download?attachment=,https://pubchem.ncbi.nlm.nih.gov/compound/52919,52919,dilirank_parent_v1,"[""LT02427""]","[""vLess-DILI-concern""]"
LT02431,Ivacaftor,CC(C)(C)c1cc(C(C)(C)C)c(NC(=O)c2c[nH]c3ccccc3c2=O)cc1O,PURKAOJPTOLRMP-UHFFFAOYSA-N,0dc2b372e90d0e8af4ba1dc42d69e29506d8c5fae0dea1093c641cab18aef36d,PURKAOJPTOLRMP,vLess-DILI-concern,1,https://www.fda.gov/media/113052/download?attachment=,https://pubchem.ncbi.nlm.nih.gov/compound/16220172,16220172,dilirank_parent_v1,"[""LT02431""]","[""vLess-DILI-concern""]"
LT02433,Regorafenib,CNC(=O)c1cc(Oc2ccc(NC(=O)Nc3ccc(Cl)c(C(F)(F)F)c3)c(F)c2)ccn1,FNHKPVJBJVTLMP-UHFFFAOYSA-N,9436f86f66c576f66aa184e5d15075d8483582d20e184aadda4a66443e384ab8,FNHKPVJBJVTLMP,vMost-DILI-concern,1,https://www.fda.gov/media/113052/download?attachment=,https://pubchem.ncbi.nlm.nih.gov/compound/11167602,11167602,dilirank_parent_v1,"[""LT02433""]","[""vMost-DILI-concern""]"
LT02435,Vemurafenib,CCCS(=O)(=O)Nc1ccc(F)c(C(=O)c2c[nH]c3ncc(-c4ccc(Cl)cc4)cc23)c1F,GPXBXXGIAQBQNI-UHFFFAOYSA-N,4cd084d1ee17b3d827e56dbf89778f29cdc2f4f5b8fe462e2dcb79a57ddaa9a4,GPXBXXGIAQBQNI,vLess-DILI-concern,1,https://www.fda.gov/media/113052/download?attachment=,https://pubchem.ncbi.nlm.nih.gov/compound/42611257,42611257,dilirank_parent_v1,"[""LT02435""]","[""vLess-DILI-concern""]"
LT02436,Crizotinib,C[C@@H](Oc1cc(-c2cnn(C3CCNCC3)c2)cnc1N)c1c(Cl)ccc(F)c1Cl,KTEIFNKAUNYNJU-GFCCVEGCSA-N,21f1af4e3dff633789706f160d611bf33e5a5b9a7fd4ec0ccdda286ed00433cc,KTEIFNKAUNYNJU,vMost-DILI-concern,1,https://www.fda.gov/media/113052/download?attachment=,https://pubchem.ncbi.nlm.nih.gov/compound/11626560,11626560,dilirank_parent_v1,"[""LT02436""]","[""vMost-DILI-concern""]"
LT02437,Levoleucovorin,Nc1nc2c(c(=O)[nH]1)N(C=O)[C@@H](CNc1ccc(C(=O)N[C@@H](CCC(=O)O)C(=O)O)cc1)CN2,VVIAGPKUTFNRDU-STQMWFEESA-N,a6adff15a18dfa4d0fc7592d3285c5b7b79234f7f7e100c50a419bcff071a03f,VVIAGPKUTFNRDU,vNo-DILI-concern,0,https://www.fda.gov/media/113052/download?attachment=,https://pubchem.ncbi.nlm.nih.gov/compound/135398559,135398559,dilirank_parent_v1,"[""LT02437""]","[""vNo-DILI-concern""]"
LT02440,Avanafil,COc1ccc(CNc2nc(N3CCC[C@H]3CO)ncc2C(=O)NCc2ncccn2)cc1Cl,WEAJZXNPAWBCOA-INIZCTEOSA-N,9f9bb82df1a950f35d01d270f0e4b86551d402264f45c56a0b4705bd413b8f41,WEAJZXNPAWBCOA,vNo-DILI-concern,0,https://www.fda.gov/media/113052/download?attachment=,https://pubchem.ncbi.nlm.nih.gov/compound/9869929,9869929,dilirank_parent_v1,"[""LT02440""]","[""vNo-DILI-concern""]"
LT02442,Levomefolate calcium,CN1c2c(nc(N)[nH]c2=O)NC[C@@H]1CNc1ccc(C(=O)N[C@@H](CCC(=O)O)C(=O)O)cc1,ZNOVTXRBGFNYRX-STQMWFEESA-N,aad2947c5a6455778ad0e624bae7a042a9668620bb19e1d3027a3204b90192f7,ZNOVTXRBGFNYRX,vNo-DILI-concern,0,https://www.fda.gov/media/113052/download?attachment=,https://pubchem.ncbi.nlm.nih.gov/compound/135564391,135564391,dilirank_parent_v1,"[""LT02442""]","[""vNo-DILI-concern""]"
LT02443,Ulipristal acetate,CC(=O)O[C@]1(C(C)=O)CC[C@H]2[C@@H]3CCC4=CC(=O)CCC4=C3[C@@H](c3ccc(N(C)C)cc3)C[C@@]21C,OOLLAFOLCSJHRE-ZHAKMVSLSA-N,47db3384fb7e9084cc6feb53a361df5ead6d93c5d3363476b166dba22e408cb0,OOLLAFOLCSJHRE,vLess-DILI-concern,1,https://www.fda.gov/media/113052/download?attachment=,https://pubchem.ncbi.nlm.nih.gov/compound/130904,130904,dilirank_parent_v1,"[""LT02443""]","[""vLess-DILI-concern""]"
LT02444,Enzalutamide,CNC(=O)c1ccc(N2C(=S)N(c3ccc(C#N)c(C(F)(F)F)c3)C(=O)C2(C)C)cc1F,WXCXUHSOUPDCQV-UHFFFAOYSA-N,2b0065622fea787bca1ceab29c80df6e13bf64b5722e6d7f44518abe0a46aa86,WXCXUHSOUPDCQV,vNo-DILI-concern,0,https://www.fda.gov/media/113052/download?attachment=,https://pubchem.ncbi.nlm.nih.gov/compound/15951529,15951529,dilirank_parent_v1,"[""LT02444""]","[""vNo-DILI-concern""]"
LT02445,Linagliptin,CC#CCn1c(N2CCC[C@@H](N)C2)nc2c1c(=O)n(Cc1nc(C)c3ccccc3n1)c(=O)n2C,LTXREWYXXSTFRX-QGZVFWFLSA-N,e3aa26e399518d888c207f7c2539cd0f94030f9e3a54b03bfe5f1a6011d2925b,LTXREWYXXSTFRX,vLess-DILI-concern,1,https://www.fda.gov/media/113052/download?attachment=,https://pubchem.ncbi.nlm.nih.gov/compound/10096344,10096344,dilirank_parent_v1,"[""LT02445""]","[""vLess-DILI-concern""]"
LT02446,Perampanel,N#Cc1ccccc1-c1cc(-c2ccccn2)cn(-c2ccccc2)c1=O,PRMWGUBFXWROHD-UHFFFAOYSA-N,ad241db1c699052b5eaf2852cf37c589fb518f4782e183473294a6dadeb6de10,PRMWGUBFXWROHD,vNo-DILI-concern,0,https://www.fda.gov/media/113052/download?attachment=,https://pubchem.ncbi.nlm.nih.gov/compound/9924495,9924495,dilirank_parent_v1,"[""LT02446""]","[""vNo-DILI-concern""]"
LT02449,Sitaxsentan,Cc1cc2c(cc1CC(=O)c1sccc1S(=O)(=O)Nc1onc(C)c1Cl)OCO2,PHWXUGHIIBDVKD-UHFFFAOYSA-N,72d43b8a6a1b45045c826d25dde1f92a69d6896225daac58d381f8d85797c135,PHWXUGHIIBDVKD,vMost-DILI-concern,1,https://www.fda.gov/media/113052/download?attachment=,https://pubchem.ncbi.nlm.nih.gov/compound/216235,216235,dilirank_parent_v1,"[""LT02449""]","[""vMost-DILI-concern""]"
LT02451,Macitentan,CCCNS(=O)(=O)Nc1ncnc(OCCOc2ncc(Br)cn2)c1-c1ccc(Br)cc1,JGCMEBMXRHSZKX-UHFFFAOYSA-N,5f9164b94baebe3ba80423eb25dd83cd9139bcec19355c5e6a895fc40ff3987c,JGCMEBMXRHSZKX,vMost-DILI-concern,1,https://www.fda.gov/media/113052/download?attachment=,https://pubchem.ncbi.nlm.nih.gov/compound/16004692,16004692,dilirank_parent_v1,"[""LT02451""]","[""vMost-DILI-concern""]"
LT02516,Cangrelor,CSCCNc1nc(SCCC(F)(F)F)nc2c1ncn2[C@@H]1O[C@H](COP(=O)(O)OP(=O)(O)C(Cl)(Cl)P(=O)(O)O)[C@@H](O)[C@H]1O,PAEBIVWUMLRPSK-IDTAVKCVSA-N,3d31a77330c29a82bf53e92545f38c4c7522ffb81dd0f98a2c7119c40711c7e5,PAEBIVWUMLRPSK,vNo-DILI-concern,0,https://www.fda.gov/media/113052/download?attachment=,https://pubchem.ncbi.nlm.nih.gov/compound/9854012,9854012,dilirank_parent_v1,"[""LT02516""]","[""vNo-DILI-concern""]"
LT02665,Ivabradine hydrochloride,COc1cc2c(cc1OC)CC(=O)N(CCCN(C)C[C@H]1Cc3cc(OC)c(OC)cc31)CC2,ACRHBAYQBXXRTO-OAQYLSRUSA-N,64086e9d74f5f7254fc063e79df85918c8dd6a80717ddee824f38e100aeff344,ACRHBAYQBXXRTO,vNo-DILI-concern,0,https://www.fda.gov/media/113052/download?attachment=,https://pubchem.ncbi.nlm.nih.gov/compound/3045381,3045381,dilirank_parent_v1,"[""LT02665""]","[""vNo-DILI-concern""]"
LT02726,Deflazacort,CC(=O)OCC(=O)[C@@]12N=C(C)O[C@@H]1C[C@H]1[C@@H]3CCC4=CC(=O)C=C[C@]4(C)[C@H]3[C@@H](O)C[C@@]12C,FBHSPRKOSMHSIF-GRMWVWQJSA-N,5fa315b7de7f414f7d38a78c836d76090ea72ad926098feda38ef67c95b1cb1b,FBHSPRKOSMHSIF,vNo-DILI-concern,0,https://www.fda.gov/media/113052/download?attachment=,https://pubchem.ncbi.nlm.nih.gov/compound/189821,189821,dilirank_parent_v1,"[""LT02726""]","[""vNo-DILI-concern""]"
LT02728,Stiripentol,CC(C)(C)C(O)/C=C/c1ccc2c(c1)OCO2,IBLNKMRFIPWSOY-FNORWQNLSA-N,c1da466450d915ddb4674037240281fc733dae3dd4dfa363299057bc15fe4622,IBLNKMRFIPWSOY,vNo-DILI-concern,0,https://www.fda.gov/media/113052/download?attachment=,https://pubchem.ncbi.nlm.nih.gov/compound/5311454,5311454,dilirank_parent_v1,"[""LT02728""]","[""vNo-DILI-concern""]"
LT02745,Lactitol,OC[C@@H](O)[C@@H](O[C@@H]1O[C@H](CO)[C@H](O)[C@H](O)[C@H]1O)[C@H](O)[C@@H](O)CO,VQHSOMBJVWLPSR-JVCRWLNRSA-N,95fdd7a096be2f80cf39df213e92379a0845412eecc705743fa31f9c7dd1ac0d,VQHSOMBJVWLPSR,vNo-DILI-concern,0,https://www.fda.gov/media/113052/download?attachment=,https://pubchem.ncbi.nlm.nih.gov/compound/157355,157355,dilirank_parent_v1,"[""LT02745""]","[""vNo-DILI-concern""]"
LT02877,Dimethyl fumarate,COC(=O)/C=C/C(=O)OC,LDCRTTXIJACKKU-ONEGZZNKSA-N,da681d9406e743fb417e23ead8ce7fc1209197133209e8f6f4b25cd56d5abccf,LDCRTTXIJACKKU,vMost-DILI-concern,1,https://www.fda.gov/media/113052/download?attachment=,https://pubchem.ncbi.nlm.nih.gov/compound/637568,637568,dilirank_parent_v1,"[""LT02877""]","[""vMost-DILI-concern""]"
LT02880,Ospemifene,OCCOc1ccc(/C(=C(/CCCl)c2ccccc2)c2ccccc2)cc1,LUMKNAVTFCDUIE-VHXPQNKSSA-N,e32b9e5e492f702ab869835a1b3fc0204afe245767f5d89cf04b079166079632,LUMKNAVTFCDUIE,vNo-DILI-concern,0,https://www.fda.gov/media/113052/download?attachment=,https://pubchem.ncbi.nlm.nih.gov/compound/3036505,3036505,dilirank_parent_v1,"[""LT02880""]","[""vNo-DILI-concern""]"
LT02883,Pomalidomide,Nc1cccc2c1C(=O)N(C1CCC(=O)NC1=O)C2=O,UVSMNLNDYGZFPF-UHFFFAOYSA-N,fdd941f4f17b61e5d3f94ef0a6823ab8f5eaf526db1673b55764d9b4159b19e5,UVSMNLNDYGZFPF,vMost-DILI-concern,1,https://www.fda.gov/media/113052/download?attachment=,https://pubchem.ncbi.nlm.nih.gov/compound/134780,134780,dilirank_parent_v1,"[""LT02883""]","[""vMost-DILI-concern""]"
LT02891,Dapagliflozin,CCOc1ccc(Cc2cc([C@@H]3O[C@H](CO)[C@@H](O)[C@H](O)[C@H]3O)ccc2Cl)cc1,JVHXJTBJCFBINQ-ADAARDCZSA-N,2ba5c8339e903f2e477d61286c2e647754ce919032f3e2f51ec73997d9e21976,JVHXJTBJCFBINQ,vNo-DILI-concern,0,https://www.fda.gov/media/113052/download?attachment=,https://pubchem.ncbi.nlm.nih.gov/compound/9887712,9887712,dilirank_parent_v1,"[""LT02891""]","[""vNo-DILI-concern""]"
LT02894,Riociguat,COC(=O)N(C)c1c(N)nc(-c2nn(Cc3ccccc3F)c3ncccc23)nc1N,WXXSNCNJFUAIDG-UHFFFAOYSA-N,b318994a5135b06a717406821ebc52898e97bcb6d4dd948f3be042612cf30406,WXXSNCNJFUAIDG,vNo-DILI-concern,0,https://www.fda.gov/media/113052/download?attachment=,https://pubchem.ncbi.nlm.nih.gov/compound/11304743,11304743,dilirank_parent_v1,"[""LT02894""]","[""vNo-DILI-concern""]"
LT02898,Ibrutinib,C=CC(=O)N1CCC[C@@H](n2nc(-c3ccc(Oc4ccccc4)cc3)c3c(N)ncnc32)C1,XYFPWWZEPKGCCK-GOSISDBHSA-N,d11e89e5b302b8484e566fedb77837e95216a45b73f88a959a2e1fe482d71907,XYFPWWZEPKGCCK,vMost-DILI-concern,1,https://www.fda.gov/media/113052/download?attachment=,https://pubchem.ncbi.nlm.nih.gov/compound/24821094,24821094,dilirank_parent_v1,"[""LT02898""]","[""vMost-DILI-concern""]"
LT02899,Canagliflozin,Cc1ccc([C@@H]2O[C@H](CO)[C@@H](O)[C@H](O)[C@H]2O)cc1Cc1ccc(-c2ccc(F)cc2)s1,XTNGUQKDFGDXSJ-ZXGKGEBGSA-N,6484100a716aa566027d6a686481bdb19aca0e9470afcda5f9f68673e9ba3eb1,XTNGUQKDFGDXSJ,vLess-DILI-concern,1,https://www.fda.gov/media/113052/download?attachment=,https://pubchem.ncbi.nlm.nih.gov/compound/24812758,24812758,dilirank_parent_v1,"[""LT02899""]","[""vLess-DILI-concern""]"
LT02901,Sofosbuvir,CC(C)OC(=O)[C@H](C)N[P@](=O)(OC[C@H]1O[C@@H](n2ccc(=O)[nH]c2=O)[C@](C)(F)[C@@H]1O)Oc1ccccc1,TTZHDVOVKQGIBA-IQWMDFIBSA-N,d6b024a68839d97a01efbbdb255b928c03bdf8628388ff616d0e9e9b8c4cea19,TTZHDVOVKQGIBA,vNo-DILI-concern,0,https://www.fda.gov/media/113052/download?attachment=,https://pubchem.ncbi.nlm.nih.gov/compound/45375808,45375808,dilirank_parent_v1,"[""LT02901""]","[""vNo-DILI-concern""]"
LT02902,Vortioxetine hydrobromide,Cc1ccc(Sc2ccccc2N2CCNCC2)c(C)c1,YQNWZWMKLDQSAC-UHFFFAOYSA-N,dce67d583eb9a4f0b545f20efb6510a634be929857923795c4cbe1e4ebc647ad,YQNWZWMKLDQSAC,vLess-DILI-concern,1,https://www.fda.gov/media/113052/download?attachment=,https://pubchem.ncbi.nlm.nih.gov/compound/56843850,56843850,dilirank_parent_v1,"[""LT02902""]","[""vLess-DILI-concern""]"
LT02905,Dolutegravir sodium,C[C@@H]1CCO[C@H]2Cn3cc(C(=O)NCc4ccc(F)cc4F)c(=O)c(O)c3C(=O)N12,RHWKPHLQXYSBKR-BMIGLBTASA-N,ec2ea2b42b114f56f73b20418e762a94c5e4001e30937f28e8e6c6ea06397280,RHWKPHLQXYSBKR,vMost-DILI-concern,1,https://www.fda.gov/media/113052/download?attachment=,https://pubchem.ncbi.nlm.nih.gov/compound/46216142,46216142,dilirank_parent_v1,"[""LT02905""]","[""vMost-DILI-concern""]"
LT02909,Dexmethylphenidate hydrochloride,COC(=O)[C@H](c1ccccc1)[C@H]1CCCCN1,DUGOZIWVEXMGBE-CHWSQXEVSA-N,88767ca6c475d486177fb2689d39bae0213713710b147585197ef82a58bb6ea9,DUGOZIWVEXMGBE,vLess-DILI-concern,1,https://www.fda.gov/media/113052/download?attachment=,https://pubchem.ncbi.nlm.nih.gov/compound/154100,154100,dilirank_parent_v1,"[""LT02909""]","[""vLess-DILI-concern""]"
LT02929,Escitalopram oxalate,CN(C)CCC[C@@]1(c2ccc(F)cc2)OCc2cc(C#N)ccc21,WSEQXVZVJXJVFP-FQEVSTJZSA-N,2d221a30772b9db0cf92a2b0f0403c4f548d9e987215a7dbe8f7b1d2d3361a22,WSEQXVZVJXJVFP,vLess-DILI-concern,1,https://www.fda.gov/media/113052/download?attachment=,https://pubchem.ncbi.nlm.nih.gov/compound/146571,146571,dilirank_parent_v1,"[""LT02929""]","[""vLess-DILI-concern""]"
LT03197,Prucalopride succinate,COCCCN1CCC(NC(=O)c2cc(Cl)c(N)c3c2OCC3)CC1,ZPMNHBXQOOVQJL-UHFFFAOYSA-N,ce855bf6bfd39a4c9c9f2167da52008b8a19c50886298ec58aaf08404cb23115,ZPMNHBXQOOVQJL,vNo-DILI-concern,0,https://www.fda.gov/media/113052/download?attachment=,https://pubchem.ncbi.nlm.nih.gov/compound/9870009,9870009,dilirank_parent_v1,"[""LT03197""]","[""vNo-DILI-concern""]"
LT03376,Amifampridine,Nc1ccncc1N,OYTKINVCDFNREN-UHFFFAOYSA-N,aabe1c1d2464709f1d1453e1669df69b9b1af9e1bb010a967a57e30f431b704d,OYTKINVCDFNREN,vNo-DILI-concern,0,https://www.fda.gov/media/113052/download?attachment=,https://pubchem.ncbi.nlm.nih.gov/compound/5918,5918,dilirank_parent_v1,"[""LT03376"", ""LT03895""]","[""vNo-DILI-concern"", ""Ambiguous-DILI-concern""]"
LT03550,Pirfenidone,Cc1ccc(=O)n(-c2ccccc2)c1,ISWRGOKTTBVCFA-UHFFFAOYSA-N,d7f444866b1b97ce73a26533a2254c7ece50f425fff2b525a772ec442350face,ISWRGOKTTBVCFA,vMost-DILI-concern,1,https://www.fda.gov/media/113052/download?attachment=,https://pubchem.ncbi.nlm.nih.gov/compound/40632,40632,dilirank_parent_v1,"[""LT03550""]","[""vMost-DILI-concern""]"
LT03558,Maribavir,CC(C)Nc1nc2cc(Cl)c(Cl)cc2n1[C@H]1O[C@@H](CO)[C@H](O)[C@@H]1O,KJFBVJALEQWJBS-XUXIUFHCSA-N,ffe819e0eee6306233299e3e771a2a33f3a8fa0cd31f1f5bee2379b595b44f72,KJFBVJALEQWJBS,vNo-DILI-concern,0,https://www.fda.gov/media/113052/download?attachment=,https://pubchem.ncbi.nlm.nih.gov/compound/471161,471161,dilirank_parent_v1,"[""LT03558""]","[""vNo-DILI-concern""]"
LT03594,Palbociclib,CC(=O)c1c(C)c2cnc(Nc3ccc(N4CCNCC4)cn3)nc2n(C2CCCC2)c1=O,AHJRHEGDXFFMBM-UHFFFAOYSA-N,d06464e6f51b2489cd3dc4fe29dad0bffd5ac0fd0738424b15cd61ed1ffb83d7,AHJRHEGDXFFMBM,vLess-DILI-concern,1,https://www.fda.gov/media/113052/download?attachment=,https://pubchem.ncbi.nlm.nih.gov/compound/5330286,5330286,dilirank_parent_v1,"[""LT03594""]","[""vLess-DILI-concern""]"
LT03596,Ceritinib,Cc1cc(Nc2ncc(Cl)c(Nc3ccccc3S(=O)(=O)C(C)C)n2)c(OC(C)C)cc1C1CCNCC1,VERWOWGGCGHDQE-UHFFFAOYSA-N,6fa7f317ad643979f093042f96345ea7f4421d09ce3cc44595b68f3a827eb378,VERWOWGGCGHDQE,vMost-DILI-concern,1,https://www.fda.gov/media/113052/download?attachment=,https://pubchem.ncbi.nlm.nih.gov/compound/57379345,57379345,dilirank_parent_v1,"[""LT03596""]","[""vMost-DILI-concern""]"
LT03600,Zanubrutinib,C=CC(=O)N1CCC([C@@H]2CCNc3c(C(N)=O)c(-c4ccc(Oc5ccccc5)cc4)nn32)CC1,RNOAOAWBMHREKO-QFIPXVFZSA-N,8058e96628356f68329545d3b817639300b2445c827168e89280f8c6397c6294,RNOAOAWBMHREKO,vMost-DILI-concern,1,https://www.fda.gov/media/113052/download?attachment=,https://pubchem.ncbi.nlm.nih.gov/compound/135565884,135565884,dilirank_parent_v1,"[""LT03600""]","[""vMost-DILI-concern""]"
LT03603,Obeticholic acid,CC[C@H]1[C@@H](O)[C@@H]2[C@H](CC[C@]3(C)[C@@H]([C@H](C)CCC(=O)O)CC[C@@H]23)[C@@]2(C)CC[C@@H](O)C[C@@H]12,ZXERDUOLZKYMJM-ZWECCWDJSA-N,6ed418c9f23d6cb6a11dc0a167756818e06c6093cdb79d736055412a943bf4b2,ZXERDUOLZKYMJM,vMost-DILI-concern,1,https://www.fda.gov/media/113052/download?attachment=,https://pubchem.ncbi.nlm.nih.gov/compound/447715,447715,dilirank_parent_v1,"[""LT03603""]","[""vMost-DILI-concern""]"
LT03606,Ribociclib succinate,CN(C)C(=O)c1cc2cnc(Nc3ccc(N4CCNCC4)cn3)nc2n1C1CCCC1,RHXHGRAEPCAFML-UHFFFAOYSA-N,2087a33564659b0e270780981fb86911640510f4222176d02f4963cebbb8663c,RHXHGRAEPCAFML,vMost-DILI-concern,1,https://www.fda.gov/media/113052/download?attachment=,https://pubchem.ncbi.nlm.nih.gov/compound/57334219,57334219,dilirank_parent_v1,"[""LT03606""]","[""vMost-DILI-concern""]"
LT03610,Idelalisib,CC[C@H](Nc1ncnc2nc[nH]c12)c1nc2cccc(F)c2c(=O)n1-c1ccccc1,IFSDAJWBUCMOAH-HNNXBMFYSA-N,f333d93d8ab4af6228e3c9aba3c55a452b37bd936ccf6417cae29eca42846d10,IFSDAJWBUCMOAH,vMost-DILI-concern,1,https://www.fda.gov/media/113052/download?attachment=,https://pubchem.ncbi.nlm.nih.gov/compound/11625818,11625818,dilirank_parent_v1,"[""LT03610""]","[""vMost-DILI-concern""]"
LT03619,Abemaciclib,CCN1CCN(Cc2ccc(Nc3ncc(F)c(-c4cc(F)c5nc(C)n(C(C)C)c5c4)n3)nc2)CC1,UZWDCWONPYILKI-UHFFFAOYSA-N,40843cb1db77e91260d2b9e1b4a60702ef210871720a72e3e2b40ed1c424a65d,UZWDCWONPYILKI,vLess-DILI-concern,1,https://www.fda.gov/media/113052/download?attachment=,https://pubchem.ncbi.nlm.nih.gov/compound/46220502,46220502,dilirank_parent_v1,"[""LT03619""]","[""vLess-DILI-concern""]"
LT03621,Alpelisib,Cc1nc(NC(=O)N2CCC[C@H]2C(N)=O)sc1-c1ccnc(C(C)(C)C(F)(F)F)c1,STUWGJZDJHPWGZ-LBPRGKRZSA-N,9e44f8fc909d1e93cb7186e354d8777ed6cdbdb24c8dcad84cc0d4c4622f69e8,STUWGJZDJHPWGZ,vLess-DILI-concern,1,https://www.fda.gov/media/113052/download?attachment=,https://pubchem.ncbi.nlm.nih.gov/compound/56649450,56649450,dilirank_parent_v1,"[""LT03621""]","[""vLess-DILI-concern""]"
LT03622,Apalutamide,CNC(=O)c1ccc(N2C(=S)N(c3cnc(C#N)c(C(F)(F)F)c3)C(=O)C23CCC3)cc1F,HJBWBFZLDZWPHF-UHFFFAOYSA-N,9018fcdd27ba260bd4b1e29117b011b40be90cd3863320a783a7c0aca7af1bfb,HJBWBFZLDZWPHF,vNo-DILI-concern,0,https://www.fda.gov/media/113052/download?attachment=,https://pubchem.ncbi.nlm.nih.gov/compound/24872560,24872560,dilirank_parent_v1,"[""LT03622""]","[""vNo-DILI-concern""]"
LT03623,Apremilast,CCOc1cc([C@@H](CS(C)(=O)=O)N2C(=O)c3cccc(NC(C)=O)c3C2=O)ccc1OC,IMOZEMNVLZVGJZ-QGZVFWFLSA-N,1ca781a9dee2c8d244ac98e0d81cec5b5e5cd90c067cd2e5d99e915fca41f880,IMOZEMNVLZVGJZ,vNo-DILI-concern,0,https://www.fda.gov/media/113052/download?attachment=,https://pubchem.ncbi.nlm.nih.gov/compound/11561674,11561674,dilirank_parent_v1,"[""LT03623""]","[""vNo-DILI-concern""]"
LT03624,Aripiprazole lauroxil,CCCCCCCCCCCC(=O)OCN1C(=O)CCc2ccc(OCCCCN3CCN(c4cccc(Cl)c4Cl)CC3)cc21,DDINXHAORAAYAD-UHFFFAOYSA-N,d2c3cf6c320b9dc8643baaedf11a15c61aa8cddd34778b806458ee7cbbe25e9c,DDINXHAORAAYAD,vLess-DILI-concern,1,https://www.fda.gov/media/113052/download?attachment=,https://pubchem.ncbi.nlm.nih.gov/compound/49831411,49831411,dilirank_parent_v1,"[""LT03624""]","[""vLess-DILI-concern""]"
LT03629,Avatrombopag maleate,O=C(Nc1nc(-c2cc(Cl)cs2)c(N2CCN(C3CCCCC3)CC2)s1)c1cnc(N2CCC(C(=O)O)CC2)c(Cl)c1,OFZJKCQENFPZBH-UHFFFAOYSA-N,3a97404a288a7aae804353da111d9567150c73a6ea03e111a148b14667aa32b0,OFZJKCQENFPZBH,vNo-DILI-concern,0,https://www.fda.gov/media/113052/download?attachment=,https://pubchem.ncbi.nlm.nih.gov/compound/9918581,9918581,dilirank_parent_v1,"[""LT03629""]","[""vNo-DILI-concern""]"
LT03630,Azilsartan kamedoxomil,CCOc1nc2cccc(C(=O)OCc3oc(=O)oc3C)c2n1Cc1ccc(-c2ccccc2-c2noc(=O)[nH]2)cc1,QJFSABGVXDWMIW-UHFFFAOYSA-N,1c97b6deb680e8ccca16366df0f72c67fca6c8c20fe29d137b5be4922322eab1,QJFSABGVXDWMIW,vNo-DILI-concern,0,https://www.fda.gov/media/113052/download?attachment=,https://pubchem.ncbi.nlm.nih.gov/compound/23699544,23699544,dilirank_parent_v1,"[""LT03630""]","[""vNo-DILI-concern""]"
LT03631,Baloxavir marboxil,COC(=O)OCOc1c2n(ccc1=O)N([C@@H]1c3ccccc3SCc3c1ccc(F)c3F)[C@@H]1COCCN1C2=O,RZVPBGBYGMDSBG-GGAORHGYSA-N,d2343ed537071fd9c5580fa0ad0a84346c6d1470f0a8b7b765dc1b6fe7338e2d,RZVPBGBYGMDSBG,vNo-DILI-concern,0,https://www.fda.gov/media/113052/download?attachment=,https://pubchem.ncbi.nlm.nih.gov/compound/124081896,124081896,dilirank_parent_v1,"[""LT03631""]","[""vNo-DILI-concern""]"
LT03639,Brexanolone,CC(=O)[C@H]1CC[C@H]2[C@@H]3CC[C@H]4C[C@H](O)CC[C@]4(C)[C@H]3CC[C@]12C,AURFZBICLPNKBZ-SYBPFIFISA-N,3b1548675c974ae1b5000fe5a9b66fa0cd247da0fa29fa7c4ec3f4c94081e136,AURFZBICLPNKBZ,vNo-DILI-concern,0,https://www.fda.gov/media/113052/download?attachment=,https://pubchem.ncbi.nlm.nih.gov/compound/92786,92786,dilirank_parent_v1,"[""LT03639""]","[""vNo-DILI-concern""]"
LT03640,Brexpiprazole,O=c1ccc2ccc(OCCCCN3CCN(c4cccc5sccc45)CC3)cc2[nH]1,ZKIAIYBUSXZPLP-UHFFFAOYSA-N,ae20021e82d3d07d25c69a84ed7c3f22923b448d58eebf85fbeb3e07d02f4762,ZKIAIYBUSXZPLP,vNo-DILI-concern,0,https://www.fda.gov/media/113052/download?attachment=,https://pubchem.ncbi.nlm.nih.gov/compound/11978813,11978813,dilirank_parent_v1,"[""LT03640""]","[""vNo-DILI-concern""]"
LT03643,Brivaracetam,CCC[C@@H]1CC(=O)N([C@@H](CC)C(N)=O)C1,MSYKRHVOOPPJKU-BDAKNGLRSA-N,f4e54007794cc362f6d9429ac1f07fc77e6882dd829a99c7decde459a54a9e31,MSYKRHVOOPPJKU,vNo-DILI-concern,0,https://www.fda.gov/media/113052/download?attachment=,https://pubchem.ncbi.nlm.nih.gov/compound/9837243,9837243,dilirank_parent_v1,"[""LT03643""]","[""vNo-DILI-concern""]"
LT03646,Capmatinib hydrochloride,CNC(=O)c1ccc(-c2cnc3ncc(Cc4ccc5ncccc5c4)n3n2)cc1F,LIOLIMKSCNQPLV-UHFFFAOYSA-N,5493485c48d45e9a2ccd321e1578473d37659f95a34011cde577f6e7fc25e335,LIOLIMKSCNQPLV,vLess-DILI-concern,1,https://www.fda.gov/media/113052/download?attachment=,https://pubchem.ncbi.nlm.nih.gov/compound/122201352,122201352,dilirank_parent_v1,"[""LT03646""]","[""vLess-DILI-concern""]"
LT03651,Copanlisib dihydrochloride,COc1c(OCCCN2CCOCC2)ccc2c3n(c(=NC(=O)c4cnc(N)nc4)nc12)CCN3,MWYDSXOGIBMAET-UHFFFAOYSA-N,e1e2612a0c590eda7542dd5fd57eacf6d684157b27452772847c19745b7ec714,MWYDSXOGIBMAET,vNo-DILI-concern,0,https://www.fda.gov/media/113052/download?attachment=,https://pubchem.ncbi.nlm.nih.gov/compound/135565785,135565785,dilirank_parent_v1,"[""LT03651""]","[""vNo-DILI-concern""]"
LT03652,Dacomitinib,COc1cc2ncnc(Nc3ccc(F)c(Cl)c3)c2cc1NC(=O)/C=C/CN1CCCCC1,LVXJQMNHJWSHET-AATRIKPKSA-N,8c3c51e682330957e38eb528ece487db186013f1c753d1a0e915ccecb3ccef2a,LVXJQMNHJWSHET,vLess-DILI-concern,1,https://www.fda.gov/media/113052/download?attachment=,https://pubchem.ncbi.nlm.nih.gov/compound/11511120,11511120,dilirank_parent_v1,"[""LT03652""]","[""vLess-DILI-concern""]"
LT03653,Dalfampridine,Nc1ccncc1,NUKYPUAOHBNCPY-UHFFFAOYSA-N,16afa161180256691a581c51ebdb2c5a74bad200e7f3a182824eda095e44596b,NUKYPUAOHBNCPY,vNo-DILI-concern,0,https://www.fda.gov/media/113052/download?attachment=,https://pubchem.ncbi.nlm.nih.gov/compound/1727,1727,dilirank_parent_v1,"[""LT03653""]","[""vNo-DILI-concern""]"
LT03657,Deoxycholic acid,C[C@H](CCC(=O)O)[C@H]1CC[C@H]2[C@@H]3CC[C@@H]4C[C@H](O)CC[C@]4(C)[C@H]3C[C@H](O)[C@]12C,KXGVEGMKQFWNSR-LLQZFEROSA-N,a89be5082f122fd3043fb446ea13cfc20d53541aab1a510d24253803699c96a9,KXGVEGMKQFWNSR,vNo-DILI-concern,0,https://www.fda.gov/media/113052/download?attachment=,https://pubchem.ncbi.nlm.nih.gov/compound/222528,222528,dilirank_parent_v1,"[""LT03657""]","[""vNo-DILI-concern""]"
LT03658,Deutetrabenazine,[2H]C([2H])([2H])Oc1cc2c(cc1OC([2H])([2H])[2H])[C@@H]1CC(=O)[C@@H](CC(C)C)CN1CC2,MKJIEFSOBYUXJB-WEZHFFAMSA-N,35ace4a216ae71e2bb842713ec31cef7e9c1d40a5f684d6f5babd6965e506fac,MKJIEFSOBYUXJB,vNo-DILI-concern,0,https://www.fda.gov/media/113052/download?attachment=,https://pubchem.ncbi.nlm.nih.gov/compound/73442840,73442840,dilirank_parent_v1,"[""LT03658""]","[""vNo-DILI-concern""]"
LT03659,Difelikefalin acetate,CC(C)C[C@@H](NC(=O)[C@@H](Cc1ccccc1)NC(=O)[C@H](N)Cc1ccccc1)C(=O)N[C@H](CCCCN)C(=O)N1CCC(N)(C(=O)O)CC1,FWMNVWWHGCHHJJ-SKKKGAJSSA-N,aa3dd6a6d9b413ea36e3206cdafc42742abd2ff778f583383f24ffa09ed02f47,FWMNVWWHGCHHJJ,vNo-DILI-concern,0,https://www.fda.gov/media/113052/download?attachment=,https://pubchem.ncbi.nlm.nih.gov/compound/91864509,91864509,dilirank_parent_v1,"[""LT03659""]","[""vNo-DILI-concern""]"
LT03663,Edaravone,CC1=NN(c2ccccc2)C(=O)C1,QELUYTUMUWHWMC-UHFFFAOYSA-N,4c629d434dfd57152180e8ab27b5f597ed2169687e7948cab6fc5bfc3b843554,QELUYTUMUWHWMC,vNo-DILI-concern,0,https://www.fda.gov/media/113052/download?attachment=,https://pubchem.ncbi.nlm.nih.gov/compound/4021,4021,dilirank_parent_v1,"[""LT03663""]","[""vNo-DILI-concern""]"
LT03666,Eliglustat tartrate,CCCCCCCC(=O)N[C@H](CN1CCCC1)[C@H](O)c1ccc2c(c1)OCCO2,FJZZPCZKBUKGGU-AUSIDOKSSA-N,0f1ccfe646a4d3ba1962a1486dc5ffeb67579ee8a9a1cf28e8abbb00dfa13b1e,FJZZPCZKBUKGGU,vNo-DILI-concern,0,https://www.fda.gov/media/113052/download?attachment=,https://pubchem.ncbi.nlm.nih.gov/compound/52918379,52918379,dilirank_parent_v1,"[""LT03666""]","[""vNo-DILI-concern""]"
LT03667,Empagliflozin,OC[C@H]1O[C@@H](c2ccc(Cl)c(Cc3ccc(O[C@H]4CCOC4)cc3)c2)[C@H](O)[C@@H](O)[C@@H]1O,OBWASQILIWPZMG-QZMOQZSNSA-N,6a894447a8d9797d0c203831fcaee6fb4c5c0acefccfc2110908c03b97291174,OBWASQILIWPZMG,vNo-DILI-concern,0,https://www.fda.gov/media/113052/download?attachment=,https://pubchem.ncbi.nlm.nih.gov/compound/11949646,11949646,dilirank_parent_v1,"[""LT03667""]","[""vNo-DILI-concern""]"
LT03673,Ertugliflozin,CCOc1ccc(Cc2cc([C@]34OC[C@](CO)(O3)[C@@H](O)[C@H](O)[C@H]4O)ccc2Cl)cc1,MCIACXAZCBVDEE-CUUWFGFTSA-N,6bac706a23dd83e4e4add460091fc73ad29cf8c6b9e1f1e8c88ba2770cd843ed,MCIACXAZCBVDEE,vNo-DILI-concern,0,https://www.fda.gov/media/113052/download?attachment=,https://pubchem.ncbi.nlm.nih.gov/compound/44814423,44814423,dilirank_parent_v1,"[""LT03673""]","[""vNo-DILI-concern""]"
LT03674,Etelcalcetide,CC(=O)N[C@H](CSSC[C@H](N)C(=O)O)C(=O)N[C@H](C)C(=O)N[C@H](CCCN=C(N)N)C(=O)N[C@H](CCCN=C(N)N)C(=O)N[C@H](CCCN=C(N)N)C(=O)N[C@H](C)C(=O)N[C@H](CCCN=C(N)N)C(N)=O,ANIAZGVDEUQPRI-ZJQCGQFWSA-N,f7afa5f08645d61a8aafd071dd7a79e76229f9ecc4f90459c690bdd93a336a11,ANIAZGVDEUQPRI,vNo-DILI-concern,0,https://www.fda.gov/media/113052/download?attachment=,https://pubchem.ncbi.nlm.nih.gov/compound/71511839,71511839,dilirank_parent_v1,"[""LT03674""]","[""vNo-DILI-concern""]"
LT03679,Finerenone,CCOc1ncc(C)c2c1[C@H](c1ccc(C#N)cc1OC)C(C(N)=O)=C(C)N2,BTBHLEZXCOBLCY-QGZVFWFLSA-N,6126d4afe6eb5f79fa3ba3919ec39423ac2a37164251851feb127805ea930dbd,BTBHLEZXCOBLCY,vNo-DILI-concern,0,https://www.fda.gov/media/113052/download?attachment=,https://pubchem.ncbi.nlm.nih.gov/compound/60150535,60150535,dilirank_parent_v1,"[""LT03679""]","[""vNo-DILI-concern""]"
LT03680,Flibanserin,O=c1[nH]c2ccccc2n1CCN1CCN(c2cccc(C(F)(F)F)c2)CC1,PPRRDFIXUUSXRA-UHFFFAOYSA-N,c227fee1bbeafb26c1ea26306f74a90d502b963f2a7111a5fa2fa370a2ddd157,PPRRDFIXUUSXRA,vNo-DILI-concern,0,https://www.fda.gov/media/113052/download?attachment=,https://pubchem.ncbi.nlm.nih.gov/compound/6918248,6918248,dilirank_parent_v1,"[""LT03680""]","[""vNo-DILI-concern""]"
LT03681,Fosdenopterin hydrobromide,Nc1nc2c(c(=O)[nH]1)N[C@@H]1[C@H](N2)O[C@@H]2COP(=O)(O)O[C@@H]2C1(O)O,CZAKJJUNKNPTTO-AJFJRRQVSA-N,9b53cedfcd14e88e0057bd4b0f1942dd57acbf57153a3d8a0d700bec068dd1da,CZAKJJUNKNPTTO,vNo-DILI-concern,0,https://www.fda.gov/media/113052/download?attachment=,https://pubchem.ncbi.nlm.nih.gov/compound/145722612,145722612,dilirank_parent_v1,"[""LT03681""]","[""vNo-DILI-concern""]"
LT03684,Gabapentin enacarbil,CC(OC(=O)NCC1(CC(=O)O)CCCCC1)OC(=O)C(C)C,TZDUHAJSIBHXDL-UHFFFAOYSA-N,fd0e5eeeb074b84df8f96b5160a56791b25f2dff1c39e3831c7897f061fc396b,TZDUHAJSIBHXDL,vNo-DILI-concern,0,https://www.fda.gov/media/113052/download?attachment=,https://pubchem.ncbi.nlm.nih.gov/compound/9883933,9883933,dilirank_parent_v1,"[""LT03684""]","[""vNo-DILI-concern""]"
LT03695,Istradefylline,CCn1c(=O)c2c(nc(/C=C/c3ccc(OC)c(OC)c3)n2C)n(CC)c1=O,IQVRBWUUXZMOPW-PKNBQFBNSA-N,b57dc806ad80bd8e68efc7eb3e36346394c1bd3dc770ceb142e5a58cd790f418,IQVRBWUUXZMOPW,vNo-DILI-concern,0,https://www.fda.gov/media/113052/download?attachment=,https://pubchem.ncbi.nlm.nih.gov/compound/5311037,5311037,dilirank_parent_v1,"[""LT03695""]","[""vNo-DILI-concern""]"
LT03699,Lasmiditan succinate,CN1CCC(C(=O)c2cccc(NC(=O)c3c(F)cc(F)cc3F)n2)CC1,XEDHVZKDSYZQBF-UHFFFAOYSA-N,44274fdfbc15d1f4995e8f4ee135f4a8bfac177f2ca4749903ae50bbffe85502,XEDHVZKDSYZQBF,vNo-DILI-concern,0,https://www.fda.gov/media/113052/download?attachment=,https://pubchem.ncbi.nlm.nih.gov/compound/46927777,46927777,dilirank_parent_v1,"[""LT03699""]","[""vNo-DILI-concern""]"
LT03700,Lemborexant,Cc1ncc(OC[C@@]2(c3cccc(F)c3)C[C@H]2C(=O)Nc2ccc(F)cn2)c(C)n1,MUGXRYIUWFITCP-PGRDOPGGSA-N,f4641c132a6827f5629506a058ed5d17c47fc93c36c86953541adbf2e278b336,MUGXRYIUWFITCP,vNo-DILI-concern,0,https://www.fda.gov/media/113052/download?attachment=,https://pubchem.ncbi.nlm.nih.gov/compound/56944144,56944144,dilirank_parent_v1,"[""LT03700""]","[""vNo-DILI-concern""]"
LT03701,Letermovir,COc1cccc(N2CCN(C3=Nc4c(F)cccc4[C@H](CC(=O)O)N3c3cc(C(F)(F)F)ccc3OC)CC2)c1,FWYSMLBETOMXAG-QHCPKHFHSA-N,b6883039db71074696d32fdf09e7bd26580c5ff2d172757b34eab2a47faa3d1d,FWYSMLBETOMXAG,vLess-DILI-concern,1,https://www.fda.gov/media/113052/download?attachment=,https://pubchem.ncbi.nlm.nih.gov/compound/45138674,45138674,dilirank_parent_v1,"[""LT03701""]","[""vLess-DILI-concern""]"
LT03708,Lusutrombopag,CCCCCCO[C@@H](C)c1cccc(-c2csc(NC(=O)c3cc(Cl)c(/C=C(\C)C(=O)O)c(Cl)c3)n2)c1OC,NOZIJMHMKORZBA-KJCUYJGMSA-N,6c5f87d182105287c68b00332dcb7553a75a8cf6f34db9e107b6ea3e8faaa50c,NOZIJMHMKORZBA,vNo-DILI-concern,0,https://www.fda.gov/media/113052/download?attachment=,https://pubchem.ncbi.nlm.nih.gov/compound/49843517,49843517,dilirank_parent_v1,"[""LT03708""]","[""vNo-DILI-concern""]"
LT03709,Macimorelin acetate,CC(C)(N)C(=O)N[C@H](Cc1c[nH]c2ccccc12)C(=O)N[C@H](Cc1c[nH]c2ccccc12)NC=O,UJVDJAPJQWZRFR-DHIUTWEWSA-N,75ecdfb12444023ad68e24fb79bd22a1871b5939649ec96ae8aa5a0926948754,UJVDJAPJQWZRFR,vNo-DILI-concern,0,https://www.fda.gov/media/113052/download?attachment=,https://pubchem.ncbi.nlm.nih.gov/compound/71526737,71526737,dilirank_parent_v1,"[""LT03709""]","[""vNo-DILI-concern""]"
LT03712,Migalastat hydrochloride,OC[C@H]1NC[C@H](O)[C@@H](O)[C@H]1O,LXBIFEVIBLOUGU-DPYQTVNSSA-N,2fe2c27ef2339151ac838d00566bbaea0c3dc5853313cac583a39ec33c9f209e,LXBIFEVIBLOUGU,vNo-DILI-concern,0,https://www.fda.gov/media/113052/download?attachment=,https://pubchem.ncbi.nlm.nih.gov/compound/11644097,11644097,dilirank_parent_v1,"[""LT03712""]","[""vNo-DILI-concern""]"
LT03716,Naldemedine tosylate,CC(C)(NC(=O)C1=C(O)[C@@H]2Oc3c(O)ccc4c3[C@@]23CCN(CC2CC2)[C@H](C4)[C@]3(O)C1)c1nc(-c2ccccc2)no1,AXQACEQYCPKDMV-RZAWKFBISA-N,255c142fd7e4c904edda9888a8305bbac8aac5e4312da437dbd6215f49fd8d6c,AXQACEQYCPKDMV,vNo-DILI-concern,0,https://www.fda.gov/media/113052/download?attachment=,https://pubchem.ncbi.nlm.nih.gov/compound/56837137,56837137,dilirank_parent_v1,"[""LT03716""]","[""vNo-DILI-concern""]"
LT03717,Naloxegol oxalate,C=CCN1CC[C@]23c4c5ccc(O)c4O[C@H]2[C@@H](OCCOCCOCCOCCOCCOCCOCCOC)CC[C@@]3(O)[C@H]1C5,XNKCCCKFOQNXKV-ZRSCBOBOSA-N,4ee87fe43ff08d58929d5c264488b6703f0134bd4fb2224e8bbdf1a54000a66e,XNKCCCKFOQNXKV,vNo-DILI-concern,0,https://www.fda.gov/media/113052/download?attachment=,https://pubchem.ncbi.nlm.nih.gov/compound/56959086,56959086,dilirank_parent_v1,"[""LT03717""]","[""vNo-DILI-concern""]"
LT03722,Olaparib,O=C(c1cc(Cc2n[nH]c(=O)c3ccccc23)ccc1F)N1CCN(C(=O)C2CC2)CC1,FDLYAMZZIXQODN-UHFFFAOYSA-N,73a40fd09947f83a74c14c6d052328b279a8a3931d64723fcbd5105487acadae,FDLYAMZZIXQODN,vLess-DILI-concern,1,https://www.fda.gov/media/113052/download?attachment=,https://pubchem.ncbi.nlm.nih.gov/compound/23725625,23725625,dilirank_parent_v1,"[""LT03722""]","[""vLess-DILI-concern""]"
LT03725,Opicapone,Cc1c(Cl)c(C)[n+]([O-])c(Cl)c1-c1noc(-c2cc(O)c(O)c([N+](=O)[O-])c2)n1,ASOADIZOVZTJSR-UHFFFAOYSA-N,a92be216186c25ad7f6e82635b6663850efa021f77fb6df8ab23d794446029b3,ASOADIZOVZTJSR,vNo-DILI-concern,0,https://www.fda.gov/media/113052/download?attachment=,https://pubchem.ncbi.nlm.nih.gov/compound/135565903,135565903,dilirank_parent_v1,"[""LT03725""]","[""vNo-DILI-concern""]"
LT03727,Osimertinib mesylate,C=CC(=O)Nc1cc(Nc2nccc(-c3cn(C)c4ccccc34)n2)c(OC)cc1N(C)CCN(C)C,DUYJMQONPNNFPI-UHFFFAOYSA-N,adcfb10ffbceef59ba51baf8bc34090fab5a5b20f5c498c06be3a80ee1b7e3ec,DUYJMQONPNNFPI,vLess-DILI-concern,1,https://www.fda.gov/media/113052/download?attachment=,https://pubchem.ncbi.nlm.nih.gov/compound/78357807,78357807,dilirank_parent_v1,"[""LT03727""]","[""vLess-DILI-concern""]"
LT03729,Pafolacianine sodium,CC1(C)C(/C=C/C2=C(Oc3ccc(C[C@H](NC(=O)c4ccc(NCc5cnc6nc(N)[nH]c(=O)c6n5)cc4)C(=O)O)cc3)/C(=C/C=C3/N(CCCCS(=O)(=O)O)c4ccc(S(=O)(=O)[O-])cc4C3(C)C)CCC2)=[N+](CCCCS(=O)(=O)O)c2ccc(S(=O)(=O)O)cc21,PDXNSXLPXJFETD-DYVQZXGMSA-N,0911e8029482b602278c149641707317488f360b8c62dadec46250e1a0b12b1b,PDXNSXLPXJFETD,vNo-DILI-concern,0,https://www.fda.gov/media/113052/download?attachment=,https://pubchem.ncbi.nlm.nih.gov/compound/135564971,135564971,dilirank_parent_v1,"[""LT03729""]","[""vNo-DILI-concern""]"
LT03735,Pexidartinib hydrochloride,FC(F)(F)c1ccc(CNc2ccc(Cc3c[nH]c4ncc(Cl)cc34)cn2)cn1,JGWRKYUXBBNENE-UHFFFAOYSA-N,e0f7065280fc4bf47775eb60e39606ea8d156e3b7488000e972838815cfb465a,JGWRKYUXBBNENE,vMost-DILI-concern,1,https://www.fda.gov/media/113052/download?attachment=,https://pubchem.ncbi.nlm.nih.gov/compound/73053710,73053710,dilirank_parent_v1,"[""LT03735""]","[""vMost-DILI-concern""]"
LT03736,Pimavanserin tartrate,CC(C)COc1ccc(CNC(=O)N(Cc2ccc(F)cc2)C2CCN(C)CC2)cc1,RKEWSXXUOLRFBX-UHFFFAOYSA-N,a8487fe2044ac2eb6ff60ce461e2deeb48fe8895b8d8ee8492b02db267bf1433,RKEWSXXUOLRFBX,vNo-DILI-concern,0,https://www.fda.gov/media/113052/download?attachment=,https://pubchem.ncbi.nlm.nih.gov/compound/11672491,11672491,dilirank_parent_v1,"[""LT03736""]","[""vNo-DILI-concern""]"
LT03737,Pitolisant hydrochloride,Clc1ccc(CCCOCCCN2CCCCC2)cc1,NNACHAUCXXVJSP-UHFFFAOYSA-N,dadbecee8a7d6149de4d57a3291acb66fcd922f069341f2c27775f7ad6a0309e,NNACHAUCXXVJSP,vNo-DILI-concern,0,https://www.fda.gov/media/113052/download?attachment=,https://pubchem.ncbi.nlm.nih.gov/compound/11551689,11551689,dilirank_parent_v1,"[""LT03737""]","[""vNo-DILI-concern""]"
LT03744,Remimazolam besylate,COC(=O)CC[C@@H]1N=C(c2ccccn2)c2cc(Br)ccc2-n2c(C)cnc21,CYHWMBVXXDIZNZ-KRWDZBQOSA-N,3f1ee20105c3b4197cf8d49442f83dba5c1c7a2983a31c9d6fe507a097170951,CYHWMBVXXDIZNZ,vNo-DILI-concern,0,https://www.fda.gov/media/113052/download?attachment=,https://pubchem.ncbi.nlm.nih.gov/compound/23658607,23658607,dilirank_parent_v1,"[""LT03744""]","[""vNo-DILI-concern""]"
LT03745,Rifamycin sodium,CO[C@H]1/C=C/O[C@@]2(C)Oc3c(C)c(O)c4c(O)c(cc(O)c4c3C2=O)NC(=O)/C(C)=C\C=C\[C@H](C)[C@H](O)[C@@H](C)[C@@H](O)[C@@H](C)[C@H](OC(C)=O)[C@@H]1C,HJYYPODYNSCCOU-ODRIEIDWSA-N,893452b04d8a9d477c3a04152ed251a0d1582431a8b2b4552804a9b1c2f2d674,HJYYPODYNSCCOU,vNo-DILI-concern,0,https://www.fda.gov/media/113052/download?attachment=,https://pubchem.ncbi.nlm.nih.gov/compound/23702994,23702994,dilirank_parent_v1,"[""LT03745""]","[""vNo-DILI-concern""]"
LT03746,Rimegepant sulfate,N[C@@H]1c2cccnc2[C@H](OC(=O)N2CCC(n3c(=O)[nH]c4ncccc43)CC2)CC[C@H]1c1cccc(F)c1F,KRNAOFGYEFKHPB-ANJVHQHFSA-N,107f178c3aff9a014f8c7f2daf1d6a7bbb7446c30fb0ac443a86973847f2129f,KRNAOFGYEFKHPB,vNo-DILI-concern,0,https://www.fda.gov/media/113052/download?attachment=,https://pubchem.ncbi.nlm.nih.gov/compound/71586738,71586738,dilirank_parent_v1,"[""LT03746""]","[""vNo-DILI-concern""]"
LT03748,Risdiplam,Cc1cn2nc(-c3cc(=O)n4cc(N5CCNC6(CC6)C5)ccc4n3)cc(C)c2n1,ASKZRYGFUPSJPN-UHFFFAOYSA-N,0afc985a0cbfa5e7db1deb3c2660f8a10b9afa290031393cfc8a01875f53e922,ASKZRYGFUPSJPN,vNo-DILI-concern,0,https://www.fda.gov/media/113052/download?attachment=,https://pubchem.ncbi.nlm.nih.gov/compound/118513932,118513932,dilirank_parent_v1,"[""LT03748""]","[""vNo-DILI-concern""]"
LT03749,Rolapitant hydrochloride,C[C@@H](OC[C@@]1(c2ccccc2)CC[C@]2(CCC(=O)N2)CN1)c1cc(C(F)(F)F)cc(C(F)(F)F)c1,FIVSJYGQAIEMOC-ZGNKEGEESA-N,fe646ea9acf0b8691a0c56e2f656b0a36e9f783658db55a7aa6cf6cfbb9b2da8,FIVSJYGQAIEMOC,vNo-DILI-concern,0,https://www.fda.gov/media/113052/download?attachment=,https://pubchem.ncbi.nlm.nih.gov/compound/16203739,16203739,dilirank_parent_v1,"[""LT03749""]","[""vNo-DILI-concern""]"
LT03752,Safinamide mesylate,C[C@H](NCc1ccc(OCc2cccc(F)c2)cc1)C(N)=O,NEMGRZFTLSKBAP-LBPRGKRZSA-N,d9420620f6bba2a793b433b8ae23b112bf07a8c0fb8bfac931d3e3a1f6fd5791,NEMGRZFTLSKBAP,vNo-DILI-concern,0,https://www.fda.gov/media/113052/download?attachment=,https://pubchem.ncbi.nlm.nih.gov/compound/3038502,3038502,dilirank_parent_v1,"[""LT03752""]","[""vNo-DILI-concern""]"
LT03753,Sarecycline hydrochloride,CON(C)Cc1ccc(O)c2c1C[C@H]1C[C@H]3[C@H](N(C)C)C(=O)C(C(N)=O)=C(O)[C@@]3(O)C(=O)C1=C2O,AYUMVPHUMFKFPJ-SBAJWEJLSA-N,5ea85f85e8c0225624e173ec14e719da1c0d2bd75de3f418cbd1cdda3ebf8fbe,AYUMVPHUMFKFPJ,vNo-DILI-concern,0,https://www.fda.gov/media/113052/download?attachment=,https://pubchem.ncbi.nlm.nih.gov/compound/71296095,71296095,dilirank_parent_v1,"[""LT03753""]","[""vNo-DILI-concern""]"
LT03755,Selexipag,CC(C)N(CCCCOCC(=O)NS(C)(=O)=O)c1cnc(-c2ccccc2)c(-c2ccccc2)n1,QXWZQTURMXZVHJ-UHFFFAOYSA-N,872af04bd8d2ce57cbd0eb19216c32306426778b695e2b135e3f2933d56f6c86,QXWZQTURMXZVHJ,vNo-DILI-concern,0,https://www.fda.gov/media/113052/download?attachment=,https://pubchem.ncbi.nlm.nih.gov/compound/9913767,9913767,dilirank_parent_v1,"[""LT03755""]","[""vNo-DILI-concern""]"
LT03760,Setmelanotide acetate,CC(=O)N[C@@H](CCCN=C(N)N)C(=O)N[C@H]1CSSC[C@@H](C(N)=O)NC(=O)[C@H](Cc2c[nH]c3ccccc23)NC(=O)[C@H](CCCN=C(N)N)NC(=O)[C@@H](Cc2ccccc2)NC(=O)[C@H](Cc2cnc[nH]2)NC(=O)[C@@H](C)NC1=O,HDHDTKMUACZDAA-PHNIDTBTSA-N,0992151a9deae326a7642506112eefcd599c21c025eeffbd77d69acb60fca766,HDHDTKMUACZDAA,vNo-DILI-concern,0,https://www.fda.gov/media/113052/download?attachment=,https://pubchem.ncbi.nlm.nih.gov/compound/155491122,155491122,dilirank_parent_v1,"[""LT03760""]","[""vNo-DILI-concern""]"
LT03763,Solriamfetol hydrochloride,NC(=O)OC[C@H](N)Cc1ccccc1,UCTRAOBQFUDCSR-SECBINFHSA-N,5489c444e35c538b90f85cf6960421ee032cd861a0c949020f1b9cf5bc347f77,UCTRAOBQFUDCSR,vNo-DILI-concern,0,https://www.fda.gov/media/113052/download?attachment=,https://pubchem.ncbi.nlm.nih.gov/compound/67583702,67583702,dilirank_parent_v1,"[""LT03763""]","[""vNo-DILI-concern""]"
LT03766,Suvorexant,Cc1ccc(-n2nccn2)c(C(=O)N2CCN(c3nc4cc(Cl)ccc4o3)CC[C@H]2C)c1,JYTNQNCOQXFQPK-MRXNPFEDSA-N,2a76337ea6429c55166aaf91f6968e7c0f0e4b80565de63d274989604ef680f1,JYTNQNCOQXFQPK,vNo-DILI-concern,0,https://www.fda.gov/media/113052/download?attachment=,https://pubchem.ncbi.nlm.nih.gov/compound/24965990,24965990,dilirank_parent_v1,"[""LT03766""]","[""vNo-DILI-concern""]"
LT03770,Tecovirimat,O=C(NN1C(=O)[C@@H]2[C@@H]3C=C[C@@H]([C@H]4C[C@@H]34)[C@@H]2C1=O)c1ccc(C(F)(F)F)cc1,CSKDFZIMJXRJGH-VWLPUNTISA-N,334fa57250d03a5627ad8343f0c7d23e4a48b8d6a44438abc4e65bb48a883354,CSKDFZIMJXRJGH,vNo-DILI-concern,0,https://www.fda.gov/media/113052/download?attachment=,https://pubchem.ncbi.nlm.nih.gov/compound/16124688,16124688,dilirank_parent_v1,"[""LT03770""]","[""vNo-DILI-concern""]"
LT03773,Tenapanor hydrochloride,CN1Cc2c(Cl)cc(Cl)cc2[C@H](c2cccc(S(=O)(=O)NCCOCCOCCNC(=O)NCCCCNC(=O)NCCOCCOCCNS(=O)(=O)c3cccc([C@@H]4CN(C)Cc5c(Cl)cc(Cl)cc54)c3)c2)C1,DNHPDWGIXIMXSA-CXNSMIOJSA-N,3624b3219a6ee068a0b26c450ffa5df80b7ce3c00f1c73657e0fcf280f4cd641,DNHPDWGIXIMXSA,vNo-DILI-concern,0,https://www.fda.gov/media/113052/download?attachment=,https://pubchem.ncbi.nlm.nih.gov/compound/78131177,78131177,dilirank_parent_v1,"[""LT03773""]","[""vNo-DILI-concern""]"
LT03777,Triheptanoin,CCCCCCC(=O)OCC(COC(=O)CCCCCC)OC(=O)CCCCCC,PJHKBYALYHRYSK-UHFFFAOYSA-N,ee21998c32c242bee352f4025261ee7734149990faebf6880e7989b35e246bd6,PJHKBYALYHRYSK,vNo-DILI-concern,0,https://www.fda.gov/media/113052/download?attachment=,https://pubchem.ncbi.nlm.nih.gov/compound/69286,69286,dilirank_parent_v1,"[""LT03777""]","[""vNo-DILI-concern""]"
LT03780,Ubrogepant,C[C@@H]1[C@H](c2ccccc2)C[C@H](NC(=O)c2cnc3c(c2)C[C@@]2(C3)C(=O)Nc3ncccc32)C(=O)N1CC(F)(F)F,DDOOFTLHJSMHLN-ZQHRPCGSSA-N,5d25759336d37357c3d5d0d2a32d9aff703e49f3d2c1b2efaf68de5010afd98f,DDOOFTLHJSMHLN,vNo-DILI-concern,0,https://www.fda.gov/media/113052/download?attachment=,https://pubchem.ncbi.nlm.nih.gov/compound/68748835,68748835,dilirank_parent_v1,"[""LT03780""]","[""vNo-DILI-concern""]"
LT03782,Umeclidinium bromide,OC(c1ccccc1)(c1ccccc1)C12CC[N+](CCOCc3ccccc3)(CC1)CC2,FVTWTVQXNAJTQP-UHFFFAOYSA-N,e5eadb72a669a8b40135083a1828ad2449269c75cfc27015c7a70912bf8cd40a,FVTWTVQXNAJTQP,vNo-DILI-concern,0,https://www.fda.gov/media/113052/download?attachment=,https://pubchem.ncbi.nlm.nih.gov/compound/11519069,11519069,dilirank_parent_v1,"[""LT03782""]","[""vNo-DILI-concern""]"
LT03784,Uridine triacetate,CC(=O)OC[C@H]1O[C@@H](n2ccc(=O)[nH]c2=O)[C@H](OC(C)=O)[C@@H]1OC(C)=O,AUFUWRKPQLGTGF-FMKGYKFTSA-N,9a0b1badfd5b7ad8eab7ee7a69b7d86609b6aecb0d60766d67a5b15d67adc9be,AUFUWRKPQLGTGF,vNo-DILI-concern,0,https://www.fda.gov/media/113052/download?attachment=,https://pubchem.ncbi.nlm.nih.gov/compound/20058,20058,dilirank_parent_v1,"[""LT03784""]","[""vNo-DILI-concern""]"
LT03786,Venetoclax,CC1(C)CCC(CN2CCN(c3ccc(C(=O)NS(=O)(=O)c4ccc(NCC5CCOCC5)c([N+](=O)[O-])c4)c(Oc4cnc5[nH]ccc5c4)c3)CC2)=C(c2ccc(Cl)cc2)C1,LQBVNQSMGBZMKD-UHFFFAOYSA-N,e8968d004465d9ee936ef9d055578a590fc7a3cd853e56495ec6972eee880853,LQBVNQSMGBZMKD,vLess-DILI-concern,1,https://www.fda.gov/media/113052/download?attachment=,https://pubchem.ncbi.nlm.nih.gov/compound/49846579,49846579,dilirank_parent_v1,"[""LT03786""]","[""vLess-DILI-concern""]"
LT03787,Vericiguat,COC(=O)Nc1c(N)nc(-c2nn(Cc3ccccc3F)c3ncc(F)cc23)nc1N,QZFHIXARHDBPBY-UHFFFAOYSA-N,10565cb01b2d5d59578050f9650872c6155ceb5daea616b0265703d9091fe59e,QZFHIXARHDBPBY,vNo-DILI-concern,0,https://www.fda.gov/media/113052/download?attachment=,https://pubchem.ncbi.nlm.nih.gov/compound/54674461,54674461,dilirank_parent_v1,"[""LT03787""]","[""vNo-DILI-concern""]"
LT03788,Vibegron,O=C(Nc1ccc(C[C@@H]2CC[C@H]([C@H](O)c3ccccc3)N2)cc1)[C@@H]1CCc2nccc(=O)n21,DJXRIQMCROIRCZ-XOEOCAAJSA-N,056586dc1d17ff5689005c5d60b4b9cdd21acb85f671dff345f7ed0d32dd0922,DJXRIQMCROIRCZ,vNo-DILI-concern,0,https://www.fda.gov/media/113052/download?attachment=,https://pubchem.ncbi.nlm.nih.gov/compound/44472635,44472635,dilirank_parent_v1,"[""LT03788""]","[""vNo-DILI-concern""]"
LT03790,Vorapaxar sulfate,CCOC(=O)N[C@@H]1CC[C@@H]2[C@@H](C1)C[C@H]1C(=O)O[C@H](C)[C@H]1[C@H]2/C=C/c1ccc(-c2cccc(F)c2)cn1,ZBGXUVOIWDMMJE-QHNZEKIYSA-N,548e24979ac40f51c8545328b1d5f20a7ccef9226a06eed08ae5a6c21c3f0ffe,ZBGXUVOIWDMMJE,vNo-DILI-concern,0,https://www.fda.gov/media/113052/download?attachment=,https://pubchem.ncbi.nlm.nih.gov/compound/10077129,10077129,dilirank_parent_v1,"[""LT03790""]","[""vNo-DILI-concern""]"
LT03792,Voxelotor,CC(C)n1nccc1-c1ncccc1COc1cccc(O)c1C=O,FWCVZAQENIZVMY-UHFFFAOYSA-N,0b286d1fcda1d7030684ae1e1b842f20f1acbe9151568ef836494f90e79194a4,FWCVZAQENIZVMY,vNo-DILI-concern,0,https://www.fda.gov/media/113052/download?attachment=,https://pubchem.ncbi.nlm.nih.gov/compound/71602803,71602803,dilirank_parent_v1,"[""LT03792""]","[""vNo-DILI-concern""]"
LT03798,Betrixaban,COc1ccc(NC(=O)c2ccc(C(=N)N(C)C)cc2)c(C(=O)Nc2ccc(Cl)cn2)c1,XHOLNRLADUSQLD-UHFFFAOYSA-N,a5ed69c54f4894b78e1ea9123801c9c59068a5e8dbea070eca0e5e18df9a9f33,XHOLNRLADUSQLD,vNo-DILI-concern,0,https://www.fda.gov/media/113052/download?attachment=,https://pubchem.ncbi.nlm.nih.gov/compound/10275777,10275777,dilirank_parent_v1,"[""LT03798""]","[""vNo-DILI-concern""]"
LT03819,Remdesivir,CCC(CC)COC(=O)[C@H](C)N[P@](=O)(OC[C@H]1O[C@@](C#N)(c2ccc3c(N)ncnn23)[C@H](O)[C@@H]1O)Oc1ccccc1,RWWYLEGWBNMMLJ-YSOARWBDSA-N,9fbdfe16d2a66d64619a8928908a6a8c0d491f0433fcadfb88da9d38b6490d19,RWWYLEGWBNMMLJ,vLess-DILI-concern,1,https://www.fda.gov/media/113052/download?attachment=,https://pubchem.ncbi.nlm.nih.gov/compound/121304016,121304016,dilirank_parent_v1,"[""LT03819""]","[""vLess-DILI-concern""]"
LT03868,Brilliant blue g,CCOc1ccc(Nc2ccc(C(=C3C=CC(=[N+](CC)Cc4cccc(S(=O)(=O)[O-])c4)C=C3C)c3ccc(N(CC)Cc4cccc(S(=O)(=O)O)c4)cc3C)cc2)cc1,YVNQAIFQFWTPLQ-UHFFFAOYSA-N,7874126917e7c64c62ff75507cd671ec964a0fe40daac92587b09d5e89313bba,YVNQAIFQFWTPLQ,vNo-DILI-concern,0,https://www.fda.gov/media/113052/download?attachment=,https://pubchem.ncbi.nlm.nih.gov/compound/61363,61363,dilirank_parent_v1,"[""LT03868""]","[""vNo-DILI-concern""]"
LT03899,Choline c-11,C[N+](C)([11CH3])CCO,OEYIOHPDSNJKLS-BJUDXGSMSA-N,e615aa9bd5935038af451311ca38ed914019b025ba65b61d27acddb27fd9a1df,OEYIOHPDSNJKLS,vNo-DILI-concern,0,https://www.fda.gov/media/113052/download?attachment=,https://pubchem.ncbi.nlm.nih.gov/compound/449688,449688,dilirank_parent_v1,"[""LT03899""]","[""vNo-DILI-concern""]"
LT03903,Florbetaben f-18,CNc1ccc(/C=C/c2ccc(OCCOCCOCC[18F])cc2)cc1,NCWZOASIUQVOFA-FWZJPQCDSA-N,1f5757549dfb1c7aa772334b5a45858c49e1912e9d9df953df731bea6c60ee9b,NCWZOASIUQVOFA,vNo-DILI-concern,0,https://www.fda.gov/media/113052/download?attachment=,https://pubchem.ncbi.nlm.nih.gov/compound/11501341,11501341,dilirank_parent_v1,"[""LT03903""]","[""vNo-DILI-concern""]"
LT03904,Florbetapir f-18,CNc1ccc(/C=C/c2ccc(OCCOCCOCC[18F])nc2)cc1,YNDIAUKFXKEXSV-CRYLGTRXSA-N,e02ad814ce985cd74425c9278fe10eefb30f801c4a5264a138cc8c570f91e902,YNDIAUKFXKEXSV,vNo-DILI-concern,0,https://www.fda.gov/media/113052/download?attachment=,https://pubchem.ncbi.nlm.nih.gov/compound/24822371,24822371,dilirank_parent_v1,"[""LT03904""]","[""vNo-DILI-concern""]"
LT03905,Flortaucipir f-18,[18F]c1ccc(-c2ccc3c(c2)[nH]c2ccncc23)cn1,GETAAWDSFUCLBS-SJPDSGJFSA-N,3b1fea7c74234e589a6beeb0e85ab9fe546554eb5f2d8fd8541b6ac04b956b9d,GETAAWDSFUCLBS,vNo-DILI-concern,0,https://www.fda.gov/media/113052/download?attachment=,https://pubchem.ncbi.nlm.nih.gov/compound/70957463,70957463,dilirank_parent_v1,"[""LT03905""]","[""vNo-DILI-concern""]"
LT03906,Fluciclovine f-18,NC1(C(=O)O)CC([18F])C1,NTEDWGYJNHZKQW-KWCOIAHCSA-N,f08fb4d60fe32ae26d1dce59f10eb7a1952b947d3a89d7b8860d5440b2dbc82e,NTEDWGYJNHZKQW,vNo-DILI-concern,0,https://www.fda.gov/media/113052/download?attachment=,https://pubchem.ncbi.nlm.nih.gov/compound/450601,450601,dilirank_parent_v1,"[""LT03906""]","[""vNo-DILI-concern""]"
LT03907,Fluorodopa f-18,N[C@@H](Cc1cc(O)c(O)cc1[18F])C(=O)O,PAXWQORCRCBOCU-RPDRGXCHSA-N,8149b1655e566d748b3169771d4585ddb42d88bf74a90c7da5e297aff45f81a4,PAXWQORCRCBOCU,vNo-DILI-concern,0,https://www.fda.gov/media/113052/download?attachment=,https://pubchem.ncbi.nlm.nih.gov/compound/56494,56494,dilirank_parent_v1,"[""LT03907""]","[""vNo-DILI-concern""]"
LT03908,Fluoroestradiol f-18,C[C@]12CC[C@@H]3c4ccc(O)cc4CC[C@H]3[C@@H]1C[C@@H]([18F])[C@@H]2O,KDLLNMRYZGUVMA-ZYMZXAKXSA-N,61c2c217335503b28fdc39ba1e0fd503e6dac985d255b7c5728c025e323c6dbd,KDLLNMRYZGUVMA,vNo-DILI-concern,0,https://www.fda.gov/media/113052/download?attachment=,https://pubchem.ncbi.nlm.nih.gov/compound/10869981,10869981,dilirank_parent_v1,"[""LT03908""]","[""vNo-DILI-concern""]"
LT03909,Flutemetamol f-18,CNc1ccc(-c2nc3ccc(O)cc3s2)cc1[18F],VVECGOCJFKTUAX-HUYCHCPVSA-N,a9ebd117b09eb7591723bc124607e759994e7cd2b22fec0c3b88deb8dee00646,VVECGOCJFKTUAX,vNo-DILI-concern,0,https://www.fda.gov/media/113052/download?attachment=,https://pubchem.ncbi.nlm.nih.gov/compound/15950376,15950376,dilirank_parent_v1,"[""LT03909""]","[""vNo-DILI-concern""]"
LT03911,Ioflupane i-123,COC(=O)[C@H]1[C@@H](c2ccc([123I])cc2)C[C@@H]2CC[C@H]1N2CCCF,HXWLAJVUJSVENX-HFIFKADTSA-N,d52e7c813ccb74e729b45f29102ef9f6e6f4c76b7bf6a3487a5c0dc4bddb3993,HXWLAJVUJSVENX,vNo-DILI-concern,0,https://www.fda.gov/media/113052/download?attachment=,https://pubchem.ncbi.nlm.nih.gov/compound/3086674,3086674,dilirank_parent_v1,"[""LT03911""]","[""vNo-DILI-concern""]"
LT03915,Piflufolastat f-18,O=C(O)CC[C@H](NC(=O)N[C@@H](CCCCNC(=O)c1ccc([18F])nc1)C(=O)O)C(=O)O,OLWVRJUNLXQDSP-MVBOSPHXSA-N,4f5448b0a3968d71d048b3a71d4de25aacbc842b80b21d08cd859b0884c7dc7f,OLWVRJUNLXQDSP,vNo-DILI-concern,0,https://www.fda.gov/media/113052/download?attachment=,https://pubchem.ncbi.nlm.nih.gov/compound/52950901,52950901,dilirank_parent_v1,"[""LT03915""]","[""vNo-DILI-concern""]"
